t,ref_index,X_ref,Y_ref,psi_ref,vx_ref
5.00003807246685e-07,0,0.0,0.0,0.0,0.0
0.12552259996300563,6,0.0006666203262284398,0.0,0.0,0.7908377699652478
0.25897949998034164,14,0.003999966196715832,0.0,0.0,0.7908377699652478
0.4256391999660991,22,0.011333320289850235,0.0,0.0,0.7908377699652478
0.6254589000018314,30,0.02400071732699871,0.0,0.0,0.7908377699652478
0.8254871999961324,37,0.04066772013902664,0.0,0.0,0.7908377699652478
1.0258241999545135,45,0.061335500329732895,0.0,0.0,0.7908377699652478
1.2255609999992885,51,0.08600226044654846,0.0,0.0,0.7908377699652478
1.3922117999754846,57,0.11000214517116547,0.0,0.0,0.7908377699652478
1.5589899999904446,63,0.13733358681201935,0.0,0.0,0.7908377699652478
1.7589557999745011,70,0.17393958568572998,0.0,0.0,0.7908377699652478
1.9922617999836802,78,0.2210613191127777,0.0,0.0,0.7908377699652478
2.1921812999644317,85,0.2656953036785126,0.0,0.0,0.7908377699652478
2.3588681999826804,91,0.30620089173316956,0.0,0.0,0.7908377699652478
2.5587857999489643,99,0.3587811291217804,0.0,0.0,0.7908377699652478
2.7254802999668755,106,0.4060091972351074,0.0,0.0,0.7908377699652478
2.8921685999957845,113,0.4564777612686157,0.0,0.0,0.7908377699652478
3.058820599981118,120,0.5104259252548218,0.0,0.0,0.7908377699652478
3.225614199996926,128,0.5670785903930664,0.0,0.0,0.7908377699652478
3.3921336999628693,136,0.6275299787521362,0.0,0.0,0.7908377699652478
3.5587309999973513,145,0.6912446618080139,0.0,0.0,0.7908377699652478
3.725899599958211,156,0.757719099521637,0.0,0.0,0.7908377699652478
3.8922675999929197,167,0.8282492756843567,0.0,0.0,0.7908377699652478
4.058793499949388,181,0.9013478755950928,0.0,0.0,0.7908377699652478
4.225778099964373,195,0.9771136045455933,0.0,0.0,0.7908377699652478
4.392181199975312,211,1.057703814377612,0.00017443136700727495,0.008628133483377407,0.7908377699652478
4.5922520000021905,230,1.1562276406970324,0.0027350635575570676,0.046036048744011064,0.7908377699652478
4.759016799973324,246,1.240176270209506,0.00814792519728154,0.08225874947529721,0.7908377699652478
4.925456199969631,262,1.328831807119782,0.016909220644432132,0.11271319520440021,0.7908377699652478
5.09213019994786,279,1.4203868578758623,0.02814700096858928,0.12839974990329947,0.7908377699652478
5.258852099999785,296,1.513054966086253,0.04001851474248395,0.12229706865389654,0.7908377699652478
5.425714799959678,315,1.6104072156165945,0.05047066394874394,0.08590252821332958,0.7908377699652478
5.592155999969691,334,1.710314762467802,0.05558494403863901,0.008994792854858165,0.7908377699652478
5.758890600001905,355,1.8113057609787793,0.05060452922244918,-0.11511260089283656,0.7908377699652478
5.958835099998396,384,1.9370689599186737,0.02335263744256485,-0.3119996393847755,0.7908377699652478
6.225440899957903,428,2.1047962485435963,-0.05188602806854718,-0.540986248162519,0.7908377699652478
6.492133499996271,475,2.2375791849624944,-0.16386575659599892,-0.8628519597926003,0.7908377699652478
6.892281499982346,518,2.3224317072038176,-0.2817895546746775,-0.9886250690782458,0.7908377699652478
7.225505999987945,572,2.431356727709044,-0.42835118558893776,-0.8445482445579433,0.7908377699652478
7.4587787999771535,598,2.4957130091415687,-0.49571198911009506,-0.7857168933493629,0.7908377699652478
7.65882299997611,608,2.5201372578740187,-0.520137257874019,-0.7853981633974477,0.7908377699652478
7.825527099950705,608,2.520901389420041,-0.5209013894200412,-0.7853981633974477,0.7908377699652478
8.15919269999722,624,2.559694834053505,-0.559694834053505,-0.7853981633974478,0.7908377699652478
8.458886499982327,659,2.646526224911362,-0.6465262249113616,-0.7853981633974484,0.7908377699652478
8.625418499985244,685,2.711043886840174,-0.7110438868401737,-0.7853981633974487,0.7908377699652478
8.792187199986074,712,2.778726287186174,-0.7787262871861745,-0.7853981633974488,0.7908377699652478
8.958848499984015,738,2.8455049917101296,-0.8455049917101292,-0.7853981633974486,0.7908377699652478
9.125450199993793,1197,3.985463318325221,-1.0090609728044944,0.5615871341973678,0.7908377699652478
9.325578499992844,1192,3.9616244340343627,-1.0243467572846177,0.5797653335171729,0.7908377699652478
9.49217449995922,1189,3.9465218217983926,-1.034395436459561,0.5945801651776653,0.7908377699652478
9.692207799991593,1189,3.947639523343361,-1.0336375880446573,0.5933734961268131,0.7908377699652478
9.858929299982265,1194,3.9705765576463823,-1.0185349873983576,0.5722171949079166,0.7908377699652478
10.025553399987984,1204,4.019535106113659,-0.9880725242599152,0.5419492015828801,0.7908377699652478
10.192173399962485,1216,4.083573118130181,-0.9518955962915493,0.48293945162827456,0.7908377699652478
10.358859299973119,1229,4.155147452610868,-0.917586268360125,0.41212580591512826,0.7908377699652478
10.558966799988411,1242,4.24451760358121,-0.8823421010544672,0.34284224708650973,0.7908377699652478
10.758866699994542,1257,4.35472555830967,-0.8467441830491663,0.28637701039539815,0.7908377699652478
10.925525399972685,1270,4.469997848613869,-0.8152198216752622,0.2505860946656742,0.7908377699652478
11.092172699980438,1284,4.592764483033954,-0.7853319339068975,0.22941686125856323,0.7908377699652478
11.258873199985828,1296,4.709949336373524,-0.758594153132454,0.22092812513268228,0.7908377699652478
11.425586299970746,1308,4.824021020504382,-0.7329989084866151,0.22202456764165768,0.7908377699652478
11.592250999994576,1320,4.944836098373727,-0.7051136592949659,0.2335599874072208,0.7908377699652478
11.7588874999783,1334,5.068796341641752,-0.6741155808967952,0.25926152154770743,0.7908377699652478
11.95905419997871,1351,5.208883063251711,-0.6332476551187373,0.3140490160825188,0.7908377699652478
12.125518999993801,1367,5.318509619963173,-0.5934460066547529,0.3878977470143263,0.7908377699652478
12.292162699974142,1385,5.4246854819587735,-0.5437201207799153,0.4910313126202891,0.7908377699652478
12.558914599998388,1419,5.588772571936776,-0.44316610804456896,0.5811728135021336,0.7908377699652478
12.825822499988135,1438,5.669835033239791,-0.38923677821978514,0.5915994854451415,0.7908377699652478
13.025668799993582,1450,5.711515791932405,-0.3611011342300375,0.5963188519619917,0.7908377699652478
13.22552929999074,1477,5.788255918554537,-0.3076100345787484,0.6326599485829741,0.7908377699652478
13.425621899950784,1532,5.887702983124593,-0.21168744138071374,0.9425902365656537,0.7908377699652478
13.758815199951641,1570,5.947580804140451,-0.11183123531026794,1.0901577704863403,0.7908377699652478
14.09218429995235,1438,5.66896200383922,-0.38982336472561674,0.5915161670217892,0.7908377699652478
14.258896099985577,1418,5.586567837158483,-0.4446132293596549,0.5807476447917119,0.7908377699652478
14.45890359999612,1383,5.415605690807114,-0.5485174979360234,0.4816364776821478,0.7908377699652478
14.658902700000908,1344,5.155240197224843,-0.6498986772092658,0.2889018772282377,0.7908377699652478
14.825572400004603,1330,5.029310386833333,-0.6843687345566015,0.24924776965619141,0.7908377699652478
15.025533699954394,1319,4.935369522251867,-0.7073590761940354,0.23222755955149801,0.7908377699652478
15.192304099968169,1316,4.9031051604138725,-0.7149199043370787,0.22826016247913788,0.7908377699652478
15.392325499968138,1318,4.918980425600113,-0.7112160898106729,0.23010617632335073,0.7908377699652478
15.592222899955232,1325,4.99153418920335,-0.6938203169211709,0.24134203986740851,0.7908377699652478
15.758859399997164,1336,5.0862193938310485,-0.6694476522848688,0.26432285889924706,0.7908377699652478
15.925563899974804,1350,5.198261856898455,-0.6366671948010798,0.30857177422614307,0.7908377699652478
16.092226099979598,1366,5.314289760105844,-0.5951581206016695,0.3844075830314304,0.7908377699652478
16.258865399984643,1385,5.42549576639693,-0.5432845002613331,0.49186217411407857,0.7908377699652478
16.525602599955164,1419,5.591448000345244,-0.44140741562121943,0.5816687699608302,0.7908377699652478
16.758901899971534,1428,5.626950749463709,-0.4179158084552807,0.5870753419846084,0.7908377699652478
16.99227659997996,1447,5.7005394293001785,-0.3685389094768097,0.5948143070601105,0.7908377699652478
17.22555559995817,1489,5.8149771722537125,-0.2872161772372497,0.675669560052717,0.7908377699652478
17.425539599964395,1567,5.9424103459643485,-0.12164847420752446,1.0818320359629914,0.7908377699652478
17.792227099998854,1607,6.010502145243955,0.026273882461497797,1.2025393700133755,0.7908377699652478
18.025570999947377,1634,6.048852992270415,0.14054988692056444,1.286498070571875,0.7908377699652478
18.19226639997214,1648,6.066179399043796,0.20425291447954533,1.323421164543461,0.7908377699652478
18.392260499997064,1672,6.092332739609298,0.3245137179754314,1.390574649398949,0.7908377699652478
18.625608399976045,1719,6.116576362002426,0.5866647385726403,1.583149285737546,0.7908377699652478
18.858894799952395,1854,5.799397270027568,1.214721372571873,2.5317353296163376,0.7908377699652478
19.125824599992484,1861,5.7662953474833225,1.2366475793611904,2.580658763412148,0.7908377699652478
19.29218339995714,1853,5.804761393375679,1.210940647009226,2.5232357922700452,0.7908377699652478
19.492202099994756,1852,5.80915083536749,1.207793974981933,2.5161541126078593,0.7908377699652478
19.65890959999524,1858,5.780941925825518,1.2272326118775554,2.559750260916215,0.7908377699652478
19.85904179996578,1870,5.725342533606006,1.2608652851720712,2.6333282179906767,0.7908377699652478
20.058899299998302,1883,5.652467298058872,1.2977968623646685,2.708653623528752,0.7908377699652478
20.225599500001408,1896,5.580989077823629,1.3283610148890204,2.7639578816687234,0.7908377699652478
20.392221199988853,1910,5.500590514265022,1.3580584187942837,2.8089987554055136,0.7908377699652478
20.55890169995837,1925,5.413850787173133,1.3863313358292544,2.8415933095357757,0.7908377699652478
20.725599199999124,1940,5.322833779760551,1.4133751729604516,2.8619101908421456,0.7908377699652478
20.89222229999723,1956,5.232251823745536,1.438832030537293,2.872076676880523,0.7908377699652478
21.058906999998726,1972,5.1489844625707955,1.4615786873516772,2.877781824696007,0.7908377699652478
21.22558729996672,1987,5.068620064868529,1.4829133063006006,2.8881313617354754,0.7908377699652478
21.392240799963474,2005,4.973879354528981,1.5059764267301188,2.9245380793883067,0.7908377699652478
21.592219799989834,2031,4.840005588458857,1.5267513080389776,3.0634290753913396,0.7908377699652478
21.75903149996884,2051,4.73113128317652,1.5280734462570276,3.192738518597666,0.7908377699652478
21.925567199999932,2071,4.6264865700833075,1.5173830210156025,3.2871769115684857,0.7908377699652478
22.092285499966238,2091,4.518019538951092,1.4982034515043214,3.3370858305818136,0.7908377699652478
22.292508999991696,2116,4.3848802838733265,1.4719788030715404,3.3193079822671363,0.7908377699652478
22.45897929999046,2137,4.278253035832226,1.457051290660062,3.2293199128817083,0.7908377699652478
22.658894899999723,2163,4.153410389533309,1.4577770152807368,3.025465175211881,0.7908377699652478
22.825593399989884,2186,4.0557097657684595,1.4792471032709589,2.829236234495911,0.7908377699652478
22.992236299964134,2211,3.9576122049880276,1.518534306332205,2.710884328208148,0.7908377699652478
23.15892839996377,2238,3.8616041010633935,1.5674166453879181,2.629510151855644,0.7908377699652478
23.325623799988534,2267,3.773265046931835,1.6229634622126563,2.522673614799232,0.7908377699652478
23.492422899988014,2301,3.6893583744956557,1.6937765689422453,2.3502309681063758,0.7908377699652478
23.658916799991857,2340,3.611204622899012,1.790349289439679,2.1645400755284103,0.7908377699652478
23.859002899960615,2379,3.53729379438432,1.9184843305472947,2.0339393517358344,0.7908377699652478
24.026026499981526,2406,3.490137979084231,2.024687030185696,1.9377234805783197,0.7908377699652478
24.22572599997511,2437,3.4505882808685002,2.155919420603387,1.7919981180919629,0.7908377699652478
24.3923229999491,2459,3.4307484290922985,2.270316943044061,1.6982663586516218,0.7908377699652478
24.592437299957965,2484,3.4189773484142996,2.408883772448642,1.616528151837797,0.7908377699652478
24.758908199961297,2504,3.41705237116936,2.523372840167584,1.559154108611818,0.7908377699652478
24.925804899947252,2525,3.4222143371602702,2.6446419573594397,1.4960046376233425,0.7908377699652478
25.09222890000092,2548,3.4367021647211375,2.7710986257402963,1.413199117222572,0.7908377699652478
25.259087899990845,2574,3.4623159318238446,2.890944971279227,1.3009468838410874,0.7908377699652478
25.458944199956022,2605,3.5091459973448176,3.0214410239809677,1.157262606336782,0.7908377699652478
25.625562299974263,2634,3.561220291913373,3.1240439947324705,1.0377870415656536,0.7908377699652478
25.792270499980077,2666,3.6254372905493306,3.214498869683017,0.8548509205333469,0.7908377699652478
25.958889499946963,2703,3.70651039698621,3.289484059995204,0.6526920624580039,0.7908377699652478
26.12565339996945,2741,3.802398588427036,3.357218220960153,0.6047195835387089,0.7908377699652478
26.292234599997755,2771,3.897748552244247,3.4249581441677357,0.6308135815310438,0.7908377699652478
26.45890899997903,2799,3.9951000423320173,3.496459826213246,0.6265143183881178,0.7908377699652478
26.625588199996855,2825,4.098202080493735,3.5678737491646526,0.5866205048944392,0.7908377699652478
26.792220899951644,2849,4.200260069867573,3.6334922975865975,0.5573931145269891,0.7908377699652478
26.959050499950536,2870,4.302637233549646,3.695543948526936,0.5326113964467285,0.7908377699652478
27.12565129995346,2890,4.409103125761978,3.7564616668836845,0.5063341167626244,0.7908377699652478
27.29228839999996,2910,4.5179471040812995,3.814696981775782,0.4751146034408009,0.7908377699652478
27.55895999999484,2941,4.691682317400296,3.8972857377758627,0.40750433139823994,0.7908377699652478
27.79233430000022,2971,4.848795368824098,3.9575112412138083,0.319989792451203,0.7908377699652478
28.092300099960994,2999,4.996312168497546,3.999124895218867,0.23349797454706522,0.7908377699652478
28.325687799951993,3027,5.136584979475577,4.026983013855081,0.1517104913663617,0.7908377699652478
28.625843299960252,3055,5.272286962419629,4.040200229267457,0.03780950481756293,0.7908377699652478
28.92571699997643,3057,5.281312131677597,4.040504262918786,0.029549726353036893,0.7908377699652478
29.092306399950758,3033,5.167148296876292,4.031300504902135,0.12862092164605568,0.7908377699652478
29.25905579997925,3016,5.080942760195097,4.017381474942955,0.18895416914797672,0.7908377699652478
29.425843399949372,2997,4.986623526679677,3.996797146716618,0.23807348617647336,0.7908377699652478
29.59232269995846,2974,4.864302791458967,3.9625665714322325,0.31025543266074324,0.7908377699652478
29.792324399983045,2938,4.6761914148107495,3.890531627790169,0.41470996710504593,0.7908377699652478
29.95901239995146,2914,4.538826201977077,3.8253478726859105,0.4683318744374372,0.7908377699652478
30.125646899978165,2892,4.421140060886534,3.7631113936802607,0.5031602757511381,0.7908377699652478
30.292322899971623,2873,4.3176862501938515,3.704377795716772,0.5290229995907298,0.7908377699652478
30.492375699977856,2852,4.215877615878317,3.643184202487688,0.5534713857304644,0.7908377699652478
30.692406799993478,2834,4.135601708731043,3.5924135788719136,0.5749678241630976,0.7908377699652478
30.858987499959767,2822,4.086301618505179,3.5599295945156886,0.5906327020399548,0.7908377699652478
31.09240579995094,2815,4.055444082541985,3.5389937849445774,0.6018052394040092,0.7908377699652478
31.258987999986857,2817,4.063929719717455,3.544802068532683,0.5986186076200771,0.7908377699652478
31.459057799947914,2827,4.106523881534398,3.5733886575091307,0.5839072009878883,0.7908377699652478
31.625661799975205,2841,4.163829175974062,3.6105436715565986,0.5669725884209851,0.7908377699652478
31.79232069995487,2853,4.220829603895954,3.646239697559591,0.5522453366608779,0.7908377699652478
31.959062799985986,2861,4.259810433449931,3.670005071466437,0.5427989454951178,0.7908377699652478
32.125703700003214,2870,4.3055555635182845,3.6972620254777797,0.5319167129046447,0.7908377699652478
32.29232819995377,2884,4.374114829844647,3.7368516290368428,0.5152685659219272,0.7908377699652478
32.492424399999436,2904,4.483198728073417,3.7965831432134314,0.4857686445680925,0.7908377699652478
32.6923756999895,2927,4.6104887659624385,3.860478550527534,0.44250641573096217,0.7908377699652478
32.95906429999741,2960,4.791243285900741,3.9373039060252593,0.3548599433622812,0.7908377699652478
33.1924056999851,2984,4.918821054530567,3.97902221432972,0.2760875592912149,0.7908377699652478
33.55909559997963,3007,5.037220587910017,4.008441375310786,0.21378206538149647,0.7908377699652478
33.92568259994732,3041,5.207823116475136,4.03588483117859,0.09524881045009599,0.7908377699652478
34.15904349996708,3047,5.238906412659609,4.0384293370869475,0.06805246342397119,0.7908377699652478
34.3257397999987,3046,5.231821090334714,4.037926446362634,0.07435801154603591,0.7908377699652478
34.49234759999672,3047,5.236352547943719,4.038254407843243,0.07033266945211715,0.7908377699652478
34.69236859999364,3053,5.264792720040959,4.039893368444159,0.04465594108550137,0.7908377699652478
34.85904399998253,3061,5.3016291204725965,4.040918366933077,0.010994995097396041,0.7908377699652478
35.02578599995468,3071,5.34573596969255,4.040532845120248,-0.027945539263264485,0.7908377699652478
35.192358599975705,3082,5.396116478250143,4.03810831937579,-0.06685268482965341,0.7908377699652478
35.39249549998203,3099,5.471161198603783,4.031469158080373,-0.10494398158896634,0.7908377699652478
35.55910229997244,3118,5.554055085877857,4.02214182168402,-0.11353043546878047,0.7908377699652478
35.75903229997493,3147,5.692016474060087,4.008600510669068,-0.0756742520015653,0.7908377699652478
35.92600289999973,3168,5.806308152895907,4.002355251762018,-0.03456435653150099,0.7908377699652478
36.092475199955516,3182,5.88774920470895,4.0004909451440795,-0.012680153287749508,0.7908377699652478
36.392383999947924,3192,5.953163454479199,4.0000383039099,-0.002394908271797246,0.7908377699652478
36.69236230000388,3188,5.924627978679911,4.000153811613094,-0.005967427441222479,0.7908377699652478
36.92594950000057,3187,5.918872694671844,4.0001905877455615,-0.006864212831427727,0.7908377699652478
37.1924233000027,3197,5.979509024729923,4.000003442429076,-0.00048150897820273465,0.7908377699652478
37.42575259995647,3212,6.075758934021002,3.9999999999999987,0.0,0.7908377699652478
37.69241149997106,3234,6.216976165771482,3.9999999999999996,0.0,0.7908377699652478
37.8924947999767,3251,6.336911678314211,3.9999999999999996,0.0,0.7908377699652478
38.05921589996433,3264,6.4363455772399805,3.9999999999999996,0.0,0.7908377699652478
38.25914399995236,3280,6.553325176239013,4.0,0.0,0.7908377699652478
38.425998399965465,3293,6.656174182891837,3.9999999999999996,0.0,0.7908377699652478
38.5925067999633,3306,6.763472080230713,3.9999999999999996,0.0,0.7908377699652478
38.82585459999973,3324,6.908388137817384,4.0,0.0,0.7908377699652478
39.09258449997287,3344,7.070384979248046,4.0,0.0,0.7908377699652478
39.526025699975435,3364,7.222240924835207,4.0,0.0,0.7908377699652478
39.89238589996239,3388,7.4081921577453596,4.0,0.0,0.7908377699652478
40.19249879999552,3398,7.484386444091798,4.0,0.0,0.7908377699652478
40.35903349996079,3399,7.492889404296874,4.0,0.0,0.7908377699652478
40.55914989998564,3403,7.521402919900023,4.000004072963091,0.0005515987575808558,0.7908377699652478
40.72580739995465,3409,7.5668248012913795,4.000112926705623,0.004912290949412737,0.7908377699652478
40.89242299995385,3416,7.623097818007031,4.000652777870614,0.014941010899573191,0.7908377699652478
41.05906239995966,3425,7.686291199869028,4.00205486811603,0.0298535930142384,0.7908377699652478
41.22574809996877,3433,7.752161934384928,4.004581014639957,0.046938501833940625,0.7908377699652478
41.39246770000318,3441,7.819056408569627,4.008298787523667,0.0638276888387724,0.7908377699652478
41.55915190000087,3450,7.88654326650414,4.0131400634612,0.0790012720026066,0.7908377699652478
41.72604549996322,3458,7.95539905156925,4.019047703195694,0.09168288482178007,0.7908377699652478
41.89242309995461,3466,8.023436789140764,4.025640242342203,0.10093092702930105,0.7908377699652478
42.05917669995688,3474,8.08869433469636,4.032450500967889,0.10645614259541085,0.7908377699652478
42.22576359997038,3480,8.143684768020407,4.038393258618182,0.10842990150880363,0.7908377699652478
42.39240959996823,3485,8.182348304479754,4.04260317058602,0.1082700211274546,0.7908377699652478
42.59256349998759,3487,8.200675883365603,4.044590878412422,0.10773655816556514,0.7908377699652478
42.75910399999702,3490,8.228808018495318,4.047615279619944,0.10632211325378452,0.7908377699652478
42.95911029999843,3498,8.298906426397531,4.054882409547774,0.09948540630838415,0.7908377699652478
43.1257665999583,3509,8.38523753014038,4.062883369896753,0.08393951115793692,0.7908377699652478
43.32576649996918,3524,8.508465383632549,4.071081377509308,0.045285990042796015,0.7908377699652478
43.49241389997769,3538,8.61740338673299,4.073221026273419,-0.009881941734402478,0.7908377699652478
43.69242340000346,3557,8.750753670525528,4.06543660816482,-0.11434883305912491,0.7908377699652478
43.85912509995978,3575,8.863357360443953,4.045578060015022,-0.23947548932728255,0.7908377699652478
44.05917049996788,3599,8.99549910690506,4.001854107427776,-0.38923862074561455,0.7908377699652478
44.2257681999472,3621,9.101872532207516,3.95240969708954,-0.48827663172042207,0.7908377699652478
44.39239399996586,3647,9.201336719767736,3.8895219641611605,-0.6548899781686432,0.7908377699652478
44.559215199959,3682,9.290251358906342,3.7991192386510835,-0.9461836004163932,0.7908377699652478
44.725799799954984,3725,9.353239188738137,3.6898216726196407,-1.0818708235033287,0.7908377699652478
44.89276979997521,3764,9.417308197463448,3.589791251171112,-0.9012715298381893,0.7908377699652478
45.05909840000095,3800,9.49997688885726,3.5000231131314132,-0.78539935241911,0.7908377699652478
45.22587399999611,3836,9.590268934547776,3.4154307753376467,-0.6972846399028427,0.7908377699652478
45.39243259996874,3873,9.691704526442539,3.3407798239413733,-0.587857952343263,0.7908377699652478
45.55908909998834,3910,9.795210425671577,3.2704184451185134,-0.6383472924229604,0.7908377699652478
45.725753799953964,3945,9.887353402339116,3.18757764417597,-0.8420725324274274,0.7908377699652478
45.89242309995461,3977,9.958681932430839,3.086457474203929,-1.0620973558119131,0.7908377699652478
46.09254049998708,4013,10.019129904454521,2.949695690311287,-1.241004768737674,0.7908377699652478
46.259150099998806,4041,10.048376534824802,2.8273056150565448,-1.43250516864271,0.7908377699652478
46.42589479999151,4067,10.055507867918275,2.6996628391849318,-1.5857898067536098,0.7908377699652478
46.62598839995917,4096,10.044825787085168,2.5463902495687565,-1.68014077114695,0.7908377699652478
46.792488599952776,4120,10.029171853508364,2.4196707673851137,-1.699554899408362,0.7908377699652478
46.95911619998515,4143,10.013821218324608,2.293095648714133,-1.6771591739100677,0.7908377699652478
47.12580419995356,4167,10.003397346146231,2.165803614260444,-1.6244897000513119,0.7908377699652478
47.359121999994386,4203,10.0,1.986164689064026,-1.5707963267948966,0.7908377699652478
47.59253769996576,4239,10.0,1.8060332536697477,-1.5707963267948966,0.7908377699652478
47.859165799978655,4280,10.0,1.5998505353927666,-1.5707963267948966,0.7908377699652478
48.159152499982156,4317,10.0,1.415765404701232,-1.5707963267948966,0.7908377699652478
48.45914179994725,4355,10.0,1.2226136922836286,-1.5707963267948966,0.7908377699652478
48.82576269999845,4381,10.0,1.0947532653808594,-1.5707963267948966,0.7908377699652478
49.02590959996451,4381,10.0,1.0959072113037112,-1.5707963267948966,0.7908377699652478
49.192470699956175,4384,10.0,1.0818248987197854,-1.5707963267948966,0.7908377699652478
49.35913779999828,4393,10.0,1.0354642868041992,-1.5707963267948966,0.7908377699652478
49.5257773999474,4407,9.999999999999998,0.9634953141215337,-1.5707963267948966,0.7908377699652478
49.725847899971996,4429,10.0,0.85417801141801,-1.5707963267948966,0.7908377699652478
49.89243509998778,4449,10.0,0.7539181113243112,-1.5707963267948966,0.7908377699652478
50.092473199998494,4473,10.0,0.6338974833491645,-1.5707963267948966,0.7908377699652478
50.25907219998771,4492,10.000000000000002,0.5403805971136438,-1.5707963267948966,0.7908377699652478
50.425793099973816,4509,10.0,0.45604899525642234,-1.5707963267948966,0.7908377699652478
50.59241539996583,4522,9.999999999999998,0.38850459456443703,-1.5707963267948966,0.7908377699652478
50.79244839999592,4532,10.0,0.33886083960511815,-1.5707963267948966,0.7908377699652478
51.09246789995814,4543,10.0,0.28671678900734343,-1.5707963267948966,0.7908377699652478
51.292520999966655,4552,10.0,0.23986019194126282,-1.5707963267948966,0.7908377699652478
51.49248859996442,4571,10.0,0.1444817036390308,-1.5707963267948966,0.7908377699652478
51.75930409994908,4604,10.0,-0.020382057875292695,-1.5707963267948966,0.7908377699652478
51.959158499957994,4629,10.0,-0.14492630958567726,-1.5707963267948966,0.7908377699652478
52.15933729999233,4651,10.0,-0.2564392685888948,-1.5707963267948966,0.7908377699652478
52.326134699978866,4667,10.000000000000004,-0.33581262826859565,-1.5707963267948966,0.7908377699652478
52.52607409999473,4688,10.000000000000002,-0.4394488334662642,-1.5707963267948966,0.7908377699652478
52.69272329995874,4707,10.0,-0.5339639186859124,-1.5707963267948966,0.7908377699652478
52.85934769996675,4726,10.0,-0.6291341781616203,-1.5707963267948966,0.7908377699652478
53.0593323999783,4748,10.0,-0.7398916482925391,-1.5707963267948966,0.7908377699652478
53.29269849997945,4771,10.0,-0.8538326621055581,-1.5707963267948966,0.7908377699652478
53.49299469997641,4786,10.0,-0.9320943355560316,-1.5707963267948966,0.7908377699652478
53.82608440000331,4820,10.000612916084874,-1.0993729324022496,-1.5533870082320822,0.7908377699652478
54.05947340000421,4848,10.006668996102286,-1.2406321040465718,-1.5013068874148776,0.7908377699652478
54.25939959997777,4872,10.016893720297427,-1.3574175235138206,-1.4699269521356777,0.7908377699652478
54.45957119995728,4895,10.028577227101337,-1.4704905075661423,-1.4721173253674704,0.7908377699652478
54.62596819997998,4913,10.036080992400604,-1.5570516561079009,-1.5003687098563476,0.7908377699652478
54.82602639996912,4932,10.040316872188855,-1.6503172050586716,-1.553911216334001,0.7908377699652478
54.99278079997748,4946,10.039633959456275,-1.7234624985503648,-1.607561816410318,0.7908377699652478
55.15929509996204,4964,10.032936281339184,-1.8149883733617944,-1.6802903504700994,0.7908377699652478
55.35934099997394,4989,10.012356510707997,-1.9441581360667703,-1.7730396672753839,0.7908377699652478
55.52604430000065,5010,9.987724416581651,-2.0493136365227067,-1.827780946661593,0.7908377699652478
55.726159399957396,5033,9.95173854027892,-2.168612751564411,-1.9002601789815172,0.7908377699652478
55.89268559997436,5051,9.91400112657951,-2.269232085931332,-1.957249402086399,0.7908377699652478
56.05934899998829,5070,9.869887603271929,-2.370451255039451,-2.0044499086376737,0.7908377699652478
56.25943259999622,5091,9.812859280842988,-2.4867260392073876,-2.0471739594916336,0.7908377699652478
56.459438499994576,5111,9.751741903270355,-2.6003321234872927,-2.080344043465401,0.7908377699652478
56.62603169999784,5131,9.693857973070864,-2.7008706890005856,-2.1055555800513566,0.7908377699652478
56.79282129998319,5151,9.63268451911474,-2.8013461272052345,-2.129943180844513,0.7908377699652478
56.95955809997395,5173,9.572511278910705,-2.8948771416841086,-2.155926045339166,0.7908377699652478
57.192699799954426,5206,9.483687815366679,-3.0224427388629977,-2.20244303343329,0.7908377699652478
57.35932109999703,5234,9.413268078451193,-3.1189589692627733,-2.190353914500576,0.7908377699652478
57.52604709996376,5267,9.3461270268135,-3.21708455200059,-2.1557912967595234,0.7908377699652478
57.692727499990724,5304,9.282624049509787,-3.307669471975932,-2.2442506303675924,0.7908377699652478
57.8593943999731,5345,9.192035904065602,-3.3949964172651743,-2.501742613406316,0.7908377699652478
58.05938109999988,5385,9.058497567716206,-3.473823437834082,-2.6927252867525295,0.7908377699652478
58.25971779995598,5418,8.924379579738174,-3.526197088083116,-2.879961163270876,0.7908377699652478
58.42601840000134,5440,8.813813983477552,-3.545425615715271,-3.0416041437454466,0.7908377699652478
58.59268899995368,5457,8.69818392841902,-3.551644133720534,-3.1247314819443965,0.7908377699652478
58.75947960000485,5473,8.579586914294106,-3.550657148497906,-3.1710334076553095,0.7908377699652478
58.92620319995331,5488,8.463820711655792,-3.545483015259212,-3.199648715748138,0.7908377699652478
59.12602849997347,5505,8.324867822348851,-3.535631435637688,-3.2238506515039465,0.7908377699652478
59.29276059998665,5523,8.20326406692957,-3.5245322990507715,-3.241112658500879,0.7908377699652478
59.492792000004556,5552,8.0569594576334,-3.508278678454532,-3.2659554299425264,0.7908377699652478
