time,reference_index,X,Y,psi,vx,X_ref,Y_ref,psi_ref,vx_ref,position_error,yaw_error,speed_error,vx_cmd,delta_cmd,ax_cmd
5.00003807246685e-07,0,-4.768371297814156e-08,7.119029277191657e-08,-0.0,0.0,0.0,0.0,0.0,0.0,8.568427083387583e-08,0.0,0.0,0.02,0.0,1.0
0.12552259996300563,6,0.0006666203262284398,7.119029277191657e-08,-0.0,0.001250131281978396,0.0006666203262284398,0.0,0.0,0.7908377699652478,7.119029277191657e-08,0.0,-0.7895876386832694,0.04,-0.00014529554475784814,1.0
0.25897949998034164,14,0.003999966196715832,7.119029277191657e-08,-0.0,0.007185126081086887,0.003999966196715832,0.0,0.0,0.7908377699652478,7.119029277191657e-08,0.0,-0.7836526438841609,0.06,-0.00022114338837894078,1.0
0.4256391999660991,22,0.011333320289850235,6.676738451005804e-08,-2.2114447801868664e-06,0.01639440709735527,0.011333320289850235,0.0,0.0,0.7908377699652478,6.676738451005804e-08,-2.2114447801868664e-06,-0.7744433628678925,0.0799999999998026,0.0011290942975415706,0.9999999999901301
0.6254589000018314,30,0.02400071732699871,-1.7440255462020104e-08,1.5978966985130683e-06,0.028114335908238045,0.02400071732699871,0.0,0.0,0.7908377699652478,1.7440255462020104e-08,1.5978966985130683e-06,-0.7627234340570097,0.09999999999968481,-0.0006443392044299341,0.9999999999941108
0.8254871999961324,37,0.04066772013902664,8.188080755644478e-07,6.551375554408878e-05,0.04192051595645899,0.04066772013902664,0.0,0.0,0.7908377699652478,8.188080755644478e-07,6.551375554408878e-05,-0.7489172540087888,0.11999999999968482,-0.017526240630634397,1.0
1.0258241999545135,45,0.061335500329732895,2.5029294192790985e-08,-0.0003382749273441732,0.05728546201789009,0.061335500329732895,0.0,0.0,0.7908377699652478,2.5029294192790985e-08,-0.0003382749273441732,-0.7335523079473577,0.13999999999968482,0.05561117665206867,0.9999999999999999
1.2255609999992885,51,0.08600226044654846,-3.147426832583733e-05,-0.0007933056331239641,0.07378628726410706,0.08600226044654846,0.0,0.0,0.7908377699652478,3.147426832583733e-05,-0.0007933056331239641,-0.7170514827011407,0.1599999999996848,0.09523985419694576,0.9999999999999999
1.3922117999754846,57,0.11000214517116547,5.1265415095258504e-05,0.0069364686496555805,0.09134356979624786,0.11000214517116547,0.0,0.0,0.7908377699652478,5.1265415095258504e-05,0.0069364686496555805,-0.6994942001689999,0.1799999999996848,-0.5236,1.0
1.5589899999904446,63,0.13733358681201935,0.0003430013603065163,0.0013869740068912506,0.10951890821067371,0.13733358681201935,0.0,0.0,0.7908377699652478,0.0003430013603065163,0.0013869740068912506,-0.6813188617545741,0.1999999999996848,-0.12375714644514504,1.0
1.7589557999745011,70,0.17393958568572998,-0.001569563988596201,-0.08127863705158234,0.12794826386793873,0.17393958568572998,0.0,0.0,0.7908377699652478,0.001569563988596201,-0.08127863705158234,-0.662889506097309,0.21999999999968478,0.5236,1.0
1.9922617999836802,78,0.2210613191127777,-0.00602828711271286,-0.08683178573846817,0.14666525058722568,0.2210613191127777,0.0,0.0,0.7908377699652478,0.00602828711271286,-0.08683178573846817,-0.6441725193780221,0.23999999999405253,0.5235999905067008,0.9999999997183875
2.1921812999644317,85,0.2656953036785126,-0.00685890344902873,0.030105970799922943,0.16575481556794253,0.2656953036785126,0.0,0.0,0.7908377699652478,0.00685890344902873,0.030105970799922943,-0.6250829543973053,0.25999999999332263,-0.30990045368340174,0.9999999999635059
2.3588681999826804,91,0.30620089173316956,-0.0033545522019267082,0.1004534363746643,0.18527178140374176,0.30620089173316956,0.0,0.0,0.7908377699652478,0.0033545522019267082,0.1004534363746643,-0.605565988561506,0.279999999978558,-0.523599973683427,0.9999999992617691
2.5587857999489643,99,0.3587811291217804,-0.0006666016415692866,0.00887258630245924,0.20470139277288096,0.3587811291217804,0.0,0.0,0.7908377699652478,0.0006666016415692866,0.00887258630245924,-0.5861363771923669,0.2999999999781058,-0.025487450081255105,0.9999999999773898
2.7254802999668755,106,0.4060091972351074,-0.003514513373374939,-0.09014080464839935,0.22446664163060098,0.4060091972351074,0.0,0.0,0.7908377699652478,0.003514513373374939,-0.09014080464839935,-0.5663711283346469,0.31999999997595596,0.5235999978103061,0.9999999998925084
2.8921685999957845,113,0.4564777612686157,-0.007959647104144096,-0.0673130676150322,0.24433149588384864,0.4564777612686157,0.0,0.0,0.7908377699652478,0.007959647104144096,-0.0673130676150322,-0.5465062740813992,0.3399999999707827,0.5235999941876424,0.9999999997413354
3.058820599981118,120,0.5104259252548218,-0.007014438975602388,0.07405933737754822,0.26403488944532916,0.5104259252548218,0.0,0.0,0.7908377699652478,0.007014438975602388,0.07405933737754822,-0.5268028805199186,0.3599999999707827,-0.4960126082443119,1.0
3.225614199996926,128,0.5670785903930664,0.0016245103906840086,0.16298246383666992,0.28400279146390817,0.5670785903930664,0.0,0.0,0.7908377699652478,0.0016245103906840086,0.16298246383666992,-0.5068349785013396,0.3799999999705398,-0.5235999999547674,0.9999999999878552
3.3921336999628693,136,0.6275299787521362,0.006004976574331522,0.010777811519801617,0.30374198567115057,0.6275299787521362,0.0,0.0,0.7908377699652478,0.006004976574331522,0.010777811519801617,-0.4870957842940972,0.3999999999705398,-0.1772334562469082,1.0
3.5587309999973513,145,0.6912446618080139,0.0005791270523332059,-0.13368380069732666,0.32360353688811816,0.6912446618080139,0.0,0.0,0.7908377699652478,0.0005791270523332059,-0.13368380069732666,-0.46723423307712963,0.4199999999685593,0.5235999995988471,0.9999999999009757
3.725899599958211,156,0.757719099521637,-0.01009990181773901,-0.14429514110088348,0.3436920255423222,0.757719099521637,0.0,0.0,0.7908377699652478,0.01009990181773901,-0.14429514110088348,-0.4471457444229256,0.43999999994474437,0.5235999970048528,0.9999999988092524
3.8922675999929197,167,0.8282492756843567,-0.012448376975953579,0.040710676461458206,0.36337562209698177,0.8282492756843567,0.0,0.0,0.7908377699652478,0.012448376975953579,0.040710676461458206,-0.42746214786826603,0.4599999999447022,0.05307172785969304,0.9999999999978912
4.058793499949388,181,0.9013478755950928,-0.0014388998970389366,0.19837065041065216,0.38323681863045034,0.9013478755950928,0.0,0.0,0.7908377699652478,0.0014388998970389366,0.19837065041065216,-0.40760095133479746,0.4799999999442183,-0.5235999999200178,0.9999999999758052
4.225778099964373,195,0.9771136045455933,0.014009598642587662,0.1727600246667862,0.4033961785953537,0.9771136045455933,0.0,0.0,0.7908377699652478,0.014009598642587662,0.1727600246667862,-0.3874415913698941,0.49999999994421834,-0.5236,1.0
4.392181199975312,211,1.0575501918792725,0.01771572045981884,-0.03842641040682793,0.4228732934741124,1.057703814377612,0.00017443136700727495,0.008628133483377407,0.7908377699652478,0.017541961774829692,-0.04705454389020547,-0.3679644764911354,0.5199999999298659,0.19246466486065303,0.9999999992823801
4.5922520000021905,230,1.156374454498291,-0.000420016935095191,-0.2399129718542099,0.44253307047937496,1.1562276406970324,0.0027350635575570676,0.046036048744011064,0.7908377699652478,0.0031584944526395504,-0.2859490205982209,-0.34830469948587284,0.5391888445887593,0.5235999998957005,0.9594422329446676
4.759016799973324,246,1.24216890335083,-0.016331709921360016,-0.12613935768604279,0.46257886351332966,1.240176270209506,0.00814792519728154,0.08225874947529721,0.7908377699652478,0.024560601018251402,-0.2083981071613401,-0.32825890645191813,0.5579051590080499,0.5235999999404333,0.9358157209645329
4.925456199969631,262,1.332441806793213,-0.014886769466102123,0.11076094955205917,0.48177012591259116,1.328831807119782,0.016909220644432132,0.11271319520440021,0.7908377699652478,0.0320002669481266,-0.0019522456523408671,-0.30906764405265663,0.5775521428015299,0.26194210467051376,0.9823491896739985
5.09213019994786,279,1.4229294061660767,0.008477512747049332,0.3307226002216339,0.5010620236956737,1.4203868578758623,0.02814700096858928,0.12839974990329947,0.7908377699652478,0.019833136885156893,0.20232285031833452,-0.28977574626957414,0.5948058979894743,-0.46590804153508786,0.8626877593972198
5.258852099999785,296,1.5123878717422485,0.04546378180384636,0.38539057970046997,0.521002240132165,1.513054966086253,0.04001851474248395,0.12229706865389654,0.7908377699652478,0.005485977418232875,0.2630935110465735,-0.2698355298330828,0.6077333671070752,-0.5236,0.646373455880045
5.425714799959678,315,1.6087594032287598,0.06956284493207932,0.14760693907737732,0.539073552645618,1.6104072156165945,0.05047066394874394,0.08590252821332958,0.7908377699652478,0.01916315893494427,0.061704410864047876,-0.25176421731962983,0.6216049988293154,-0.5236,0.6935815861120149
5.592155999969691,334,1.7102134227752686,0.06832236796617508,-0.11877885460853577,0.5556413944437437,1.710314762467802,0.05558494403863901,0.008994792854858165,0.7908377699652478,0.012737827053428345,-0.12777364746339392,-0.23519637552150408,0.6359579891323197,-0.2931483469663081,0.7176495151502171
5.758890600001905,355,1.8100680112838745,0.03989966958761215,-0.36683470010757446,0.5718060802661519,1.8113057609787793,0.05060452922244918,-0.11511260089283656,0.7908377699652478,0.010776179476456392,-0.25172209921473776,-0.21903168969909592,0.6488232684464594,0.07193115980030149,0.6432639657069853
5.958835099998396,384,1.9237780570983887,-0.01775638945400715,-0.5144140720367432,0.5880925367400439,1.9370689599186737,0.02335263744256485,-0.3119996393847755,0.7908377699652478,0.04320416866647638,-0.20241443265196768,-0.20274523322520388,0.648569135777751,0.10268958736011928,-0.012706633435419515
6.225440899957903,428,2.0772922039031982,-0.09748191386461258,-0.4488625228404999,0.603129194749708,2.1047962485435963,-0.05188602806854718,-0.540986248162519,0.7908377699652478,0.05324901194490697,0.09212372532201929,-0.18770857521553974,0.628569135777751,-0.5236,-1.0
6.492133499996271,475,2.2354605197906494,-0.1656786948442459,-0.42601150274276733,0.6138169772327164,2.2375791849624944,-0.16386575659599892,-0.8628519597926003,0.7908377699652478,0.002788456060680513,0.43684045704983276,-0.17702079273253135,0.608569135777751,0.5236,-1.0
6.892281499982346,518,2.3950860500335693,-0.2339586615562439,-0.5788201689720154,0.5672251808743131,2.3224317072038176,-0.2817895546746775,-0.9886250690782458,0.7908377699652478,0.08698533134115262,0.4098049001062303,-0.22361258909093473,0.5885691357777509,0.5235999999999998,-1.0
7.225505999987945,572,2.586737871170044,-0.2906729578971863,-0.0495074987411499,0.5710765336192398,2.431356727709044,-0.42835118558893776,-0.8445482445579433,0.7908377699652478,0.2076020089584625,0.7950407458167934,-0.21976123634600797,0.608569135777751,0.5236,1.0
7.4587787999771535,598,2.72231388092041,-0.26921871304512024,0.3117775022983551,0.5736144884937975,2.4957130091415687,-0.49571198911009506,-0.7857168933493629,0.7908377699652478,0.3203859534898118,1.0974943956477183,-0.2172232814714503,0.628569135777751,0.5236,1.0
7.65882299997611,608,2.8293418884277344,-0.2109326273202896,0.632169783115387,0.5811777769549185,2.5201372578740187,-0.520137257874019,-0.7853981633974477,0.7908377699652478,0.4372813820776367,1.4175679465128344,-0.20965999301032934,0.608569135777751,-0.5236,-1.0
7.825527099950705,608,2.9035918712615967,-0.13821090757846832,0.7984761595726013,0.5917663879224122,2.520901389420041,-0.5209013894200412,-0.7853981633974477,0.7908377699652478,0.5412060696114349,1.5838743229700487,-0.1990713820428356,0.5885691357777509,-0.5236,-1.0
8.15919269999722,624,3.07828426361084,-0.04110540449619293,0.26913779973983765,0.5894841125613914,2.559694834053505,-0.559694834053505,-0.7853981633974478,0.7908377699652478,0.7333962045832937,1.054535963137285,-0.20135365740385636,0.608569135777751,-0.5236,1.0
8.458886499982327,659,3.253941297531128,-0.03911115229129791,-0.19487281143665314,0.5854022493833573,2.646526224911362,-0.6465262249113616,-0.7853981633974484,0.7908377699652478,0.8590146336889218,0.5905253519607951,-0.20543552058189052,0.5885691357777509,-0.5236,-1.0
8.625418499985244,685,3.3482234477996826,-0.07386432588100433,-0.45866677165031433,0.5889151176771363,2.711043886840174,-0.7110438868401737,-0.7853981633974487,0.7908377699652478,0.9011079767756316,0.3267313917471344,-0.20192265228811146,0.5685691357777509,-0.5236,-0.9999999999999999
8.792187199986074,712,3.4277806282043457,-0.12967194616794586,-0.7137416005134583,0.5867518987508162,2.778726287186174,-0.7787262871861745,-0.7853981633974488,0.7908377699652478,0.9179014517850703,0.07165656288399047,-0.20408587121443156,0.5744754372963765,-0.5235999999999998,0.29531507593127826
8.958848499984015,738,3.4893734455108643,-0.20163653790950775,-0.9623426795005798,0.5814299279399793,2.8455049917101296,-0.8455049917101292,-0.7853981633974486,0.7908377699652478,0.9105674997491134,-0.1769445161031311,-0.20940784202526852,0.5944754372963728,-0.5235999999999935,0.9999999999998124
9.125450199993793,1197,3.5318078994750977,-0.28793349862098694,-1.2147520780563354,0.5795996279047937,3.985463318325221,-1.0090609728044944,0.5615871341973678,0.7908377699652478,0.8519554407798368,-1.7763392122537032,-0.2112381420604541,0.6144754372963728,0.5235999999999998,1.0
9.325578499992844,1192,3.5545454025268555,-0.40503695607185364,-1.420559287071228,0.5836292648238389,3.9616244340343627,-1.0243467572846177,0.5797653335171729,0.7908377699652478,0.7411194018316369,-2.000324620588401,-0.20720850514140887,0.6344754372963425,0.5235999999991524,0.9999999999984831
9.49217449995922,1189,3.5861101150512695,-0.5028475522994995,-1.150696873664856,0.5909979951228752,3.9465218217983926,-1.034395436459561,0.5945801651776653,0.7908377699652478,0.6422147238388515,-1.7452770388425214,-0.1998397748423726,0.6544754372962639,0.5235999999962349,0.9999999999960703
9.692207799991593,1189,3.65936541557312,-0.6065710783004761,-0.8167385458946228,0.6004688140660229,3.947639523343361,-1.0336375880446573,0.5933734961268131,0.7908377699652478,0.5152550484525168,-1.410112042021436,-0.19036895589922487,0.6744754372962639,0.5235999999999998,1.0
9.858929299982265,1194,3.7468154430389404,-0.6722739934921265,-0.5294235944747925,0.6133377321291803,3.9705765576463823,-1.0185349873983576,0.5722171949079166,0.7908377699652478,0.4122689805349121,-1.1016407893827092,-0.1775000378360675,0.6944754372962639,0.3202726520521454,1.0
10.025553399987984,1204,3.852466583251953,-0.7116310000419617,-0.2569067180156708,0.6282710168594952,4.019535106113659,-0.9880725242599152,0.5419492015828801,0.7908377699652478,0.32300434616756724,-0.7988559195985507,-0.16256675310575264,0.7144754372962628,-0.22516626630156478,0.9999999999999469
10.192173399962485,1216,3.967336893081665,-0.7299727201461792,-0.13543884456157684,0.6455333006331067,4.083573118130181,-0.9518955962915493,0.48293945162827456,0.7908377699652478,0.2505207036756891,-0.6183782961898512,-0.14530446933214114,0.73447543729623,-0.30036858213479334,0.9999999999983601
10.358859299973119,1229,4.084145545959473,-0.7558740973472595,-0.2794603407382965,0.6633038745572309,4.155147452610868,-0.917586268360125,0.41212580591512826,0.7908377699652478,0.17661284495140142,-0.6915861466534245,-0.12753389540801685,0.7525883292867684,0.16450215478412059,0.9056445995269213
10.558966799988411,1242,4.219892978668213,-0.8130705952644348,-0.4426693320274353,0.681498834915228,4.24451760358121,-0.8823421010544672,0.34284224708650973,0.7908377699652478,0.07351811794737599,-0.7855115791139449,-0.10933893505001979,0.7556726956916253,0.5236,0.1542183202428441
10.758866699994542,1257,4.360544204711914,-0.8664703369140625,-0.2735549509525299,0.6984321144594657,4.35472555830967,-0.8467441830491663,0.28637701039539815,0.7908377699652478,0.020566423905382984,-0.5599319613479281,-0.09240565550578206,0.7531653433221227,0.5235999999999998,-0.12536761847513117
10.925525399972685,1270,4.485499858856201,-0.8759666085243225,0.05595196411013603,0.7101830583523474,4.469997848613869,-0.8152198216752622,0.2505860946656742,0.7908377699652478,0.06269357569989555,-0.19463413055553813,-0.08065471161290039,0.7555527873222923,0.44763654549102727,0.11937220000847627
11.092172699980438,1284,4.606664657592773,-0.8448544144630432,0.37522801756858826,0.7188396475578431,4.592764483033954,-0.7853319339068975,0.22941686125856323,0.7908377699652478,0.06112397683660969,0.14581115631002506,-0.07199812240740466,0.7610395621308454,0.06041488824074718,0.2743387404276576
11.258873199985828,1296,4.714923858642578,-0.7807355523109436,0.6083662509918213,0.7273554385160161,4.709949336373524,-0.758594153132454,0.22092812513268228,0.7908377699652478,0.02269333447042407,0.38743812585913906,-0.06348233144923165,0.7629553397220077,-0.35103992773587556,0.09578887955811144
11.425586299970746,1308,4.81813383102417,-0.7069154977798462,0.5943815112113953,0.7356734068368778,4.824021020504382,-0.7329989084866151,0.22202456764165768,0.7908377699652478,0.026739545883838596,0.3723569435697378,-0.05516436312837003,0.7618702337097386,-0.46549904733677927,-0.054255300613452295
11.592250999994576,1320,4.931919574737549,-0.6508791446685791,0.3567202091217041,0.7409768623777182,4.944836098373727,-0.7051136592949659,0.2335599874072208,0.7908377699652478,0.055751405001163226,0.12316022171448315,-0.04986090758752959,0.7637308508760997,-0.2907340341954931,0.09303085831805541
11.7588874999783,1334,5.056445121765137,-0.6277359127998352,0.08327974379062653,0.7448827044414368,5.068796341641752,-0.6741155808967952,0.25926152154770743,0.7908377699652478,0.047996106563185634,-0.17598177775708113,-0.04595506552381101,0.7662289472245284,0.11825597971420139,0.12490481742143186
11.95905419997871,1351,5.208956241607666,-0.6334723830223083,-0.08665468543767929,0.7491064136959553,5.208883063251711,-0.6332476551187373,0.3140490160825188,0.7908377699652478,0.00023634234158055646,-0.40070370152019796,-0.041731356269292474,0.7619726788684325,0.5219195861385536,-0.21281341780479462
12.125518999993801,1367,5.336362838745117,-0.6374489665031433,0.04003423452377319,0.7527158209287486,5.318509619963173,-0.5934460066547529,0.3878977470143263,0.7908377699652478,0.047486818131930314,-0.3478635124905529,-0.038121949036499236,0.7561652897807556,0.5236,-0.29036945438384076
12.292162699974142,1385,5.459033012390137,-0.6076089143753052,0.3711491525173187,0.7522504206262663,5.4246854819587735,-0.5437201207799153,0.4910313126202891,0.7908377699652478,0.0725364101249004,-0.11988216010297048,-0.03858734933898145,0.7535480464545774,0.3273712945307833,-0.13086216630890668
12.558914599998388,1419,5.615952491760254,-0.4845755696296692,0.8741888403892517,0.7470679023240314,5.588772571936776,-0.44316610804456896,0.5811728135021336,0.7908377699652478,0.049532732110984856,0.29301602688711803,-0.043769867641216376,0.7335480464545774,-0.5236,-1.0
12.825822499988135,1438,5.667162895202637,-0.3852597773075104,1.213231086730957,0.6643161768788151,5.669835033239791,-0.38923677821978514,0.5915994854451415,0.7908377699652478,0.004791331542049951,0.6216316012858156,-0.12652159308643274,0.7135480464545774,0.5236,-0.9999999999999997
13.025668799993582,1450,5.676201820373535,-0.30909204483032227,1.2851601839065552,0.5927568222381432,5.711515791932405,-0.3611011342300375,0.5963188519619917,0.7908377699652478,0.06286510930117167,0.6888413319445634,-0.1980809477271046,0.6935480464545773,0.5236,-1.0
13.22552929999074,1477,5.6859002113342285,-0.16817572712898254,1.6570096015930176,0.6190301086323535,5.788255918554537,-0.3076100345787484,0.6326599485829741,0.7908377699652478,0.17296998842159095,1.0243496530100433,-0.17180766133289427,0.7135480464545774,0.5236,1.0
13.425621899950784,1532,5.645058631896973,-0.035706110298633575,2.0218966007232666,0.6355455042679761,5.887702983124593,-0.21168744138071374,0.9425902365656537,0.7908377699652478,0.29974273981548516,1.0793063641576133,-0.15529226569727173,0.7335480464545774,0.5236,0.9999999999999998
13.758815199951641,1570,5.549032688140869,0.09615489840507507,2.6793019771575928,0.585226729618807,5.947580804140451,-0.11183123531026794,1.0901577704863403,0.7908377699652478,0.44955403744674904,1.5891442066712527,-0.20561104034644084,0.7135480464545774,-0.5236,-1.0
14.09218429995235,1438,5.344132423400879,0.09362753480672836,3.205618445073263,0.592414607223347,5.66896200383922,-0.38982336472561674,0.5915161670217892,0.7908377699652478,0.5824422963576584,2.614102278051474,-0.19842316274190075,0.7335480464545774,0.5235999999999998,1.0
14.258896099985577,1418,5.225307941436768,0.1057775691151619,3.020732879638672,0.6233225548037429,5.586567837158483,-0.4446132293596549,0.5807476447917119,0.7908377699652478,0.6583606483551481,2.4399852348469597,-0.16751521516150492,0.7135480464545774,0.5235999999999998,-1.0
14.45890359999612,1383,5.0808820724487305,0.09096899628639221,3.4030755201922815,0.6467472897946682,5.415605690807114,-0.5485174979360234,0.4816364776821478,0.7908377699652478,0.7217914359285543,2.9214390425101335,-0.14409048017057957,0.7335480464545774,0.5235999999999998,1.0
14.658902700000908,1344,4.954464435577393,0.025083206593990326,-2.5047495365142822,0.6610148996590655,5.155240197224843,-0.6498986772092658,0.2889018772282377,0.7908377699652478,0.7042098053334006,-2.79365141374252,-0.12982287030618234,0.7535480464545774,0.5236,1.0
14.825572400004603,1330,4.87184476852417,-0.06524430960416794,-2.1829326152801514,0.677970254516826,5.029310386833333,-0.6843687345566015,0.24924776965619141,0.7908377699652478,0.638835248340422,-2.4321803849363426,-0.11286751544842177,0.7362773151664248,0.5235999999998582,-0.8635365644076308
15.025533699954394,1319,4.816108703613281,-0.2036421000957489,-1.7898813486099243,0.6924617156796956,4.935369522251867,-0.7073590761940354,0.23222755955149801,0.7908377699652478,0.5176426710308448,-2.0221089081614223,-0.09837605428555218,0.750492908713196,0.5235999999998575,0.7107796773385555
15.192304099968169,1316,4.812971115112305,-0.3262750506401062,-1.4673773050308228,0.7018275226883832,4.9031051604138725,-0.7149199043370787,0.22826016247913788,0.7908377699652478,0.3989598581656634,-1.6956374675099606,-0.08901024727686457,0.7655282960472216,0.5235999999861437,0.7517693667012817
15.392325499968138,1318,4.861947536468506,-0.46768468618392944,-1.0731052160263062,0.7108011159788162,4.918980425600113,-0.7112160898106729,0.23010617632335073,0.7908377699652478,0.25012056092034896,-1.3032113923496569,-0.08003665398643156,0.7722762018296438,0.5235999999999998,0.33739528912111005
15.592222899955232,1325,4.963746070861816,-0.5810117125511169,-0.6716721057891846,0.7209541468404781,4.99153418920335,-0.6938203169211709,0.24134203986740851,0.7908377699652478,0.116180724480795,-0.913014145656593,-0.0698836231247697,0.7698840585211921,0.5236,-0.11960716542258659
15.758859399997164,1336,5.077934741973877,-0.6389602422714233,-0.33491045236587524,0.7310661689547359,5.0862193938310485,-0.6694476522848688,0.26432285889924706,0.7908377699652478,0.031592999631603044,-0.599233311265122,-0.05977160101051193,0.7650636102457876,0.5236,-0.24102241377022585
15.925563899974804,1350,5.204376220703125,-0.6559549570083618,0.0005954828229732811,0.737948641343376,5.198261856898455,-0.6366671948010798,0.30857177422614307,0.7908377699652478,0.02023371482700387,-0.3079762914031696,-0.052889128621871784,0.7627047861912648,0.515853001666636,-0.11794120272614105
16.092226099979598,1366,5.328701496124268,-0.6306788325309753,0.333229660987854,0.7420797484247712,5.314289760105844,-0.5951581206016695,0.3844075830314304,0.7908377699652478,0.03833300289606161,-0.05117792204357663,-0.04875802154047659,0.7645966687149395,0.3390240198241943,0.09459412618373314
16.258865399984643,1385,5.4383063316345215,-0.5671130418777466,0.6387280821800232,0.7454121923962409,5.42549576639693,-0.5432845002613331,0.49186217411407857,0.7908377699652478,0.027053834797894076,0.14686590806594468,-0.04542557756900689,0.7584822573599758,-0.26954438848617723,-0.3057205677481869
16.525602599955164,1419,5.576235771179199,-0.41827353835105896,0.9070745706558228,0.7486300046986503,5.591448000345244,-0.44140741562121943,0.5816687699608302,0.7908377699652478,0.027687329119131344,0.3254058006949925,-0.04220776526659753,0.7384822573599757,0.5236,-1.0
16.758901899971534,1428,5.592560291290283,-0.36621448397636414,0.7009864449501038,0.6108113225670243,5.626950749463709,-0.4179158084552807,0.5870753419846084,0.7908377699652478,0.0620945292779674,0.11391110296549556,-0.1800264473982235,0.7184822573599757,0.5235999999999998,-0.9999999999999998
16.99227659997996,1447,5.624307155609131,-0.2558167576789856,1.1031488180160522,0.5790349152541859,5.7005394293001785,-0.3685389094768097,0.5948143070601105,0.7908377699652478,0.13607954680273776,0.5083345109559416,-0.21180285471106186,0.6984822573599757,0.5236,-1.0
17.22555559995817,1489,5.6601152420043945,-0.09404855221509933,1.5402997732162476,0.6086618587530851,5.8149771722537125,-0.2872161772372497,0.675669560052717,0.7908377699652478,0.24758018660071063,0.8646302131635304,-0.1821759112121627,0.6784822573599757,0.5236,-1.0
17.425539599964395,1567,5.635108470916748,0.04195982962846756,1.9042810201644897,0.6274210855233957,5.9424103459643485,-0.12164847420752446,1.0818320359629914,0.7908377699652478,0.348140947737926,0.8224489842014986,-0.1634166844418521,0.6984822573599738,0.5235999999999797,0.999999999999909
17.792227099998854,1607,5.55295467376709,0.2030540406703949,2.4455270767211914,0.5839516743838364,6.010502145243955,0.026273882461497797,1.2025393700133755,0.7908377699652478,0.4905108693915311,1.242987706707816,-0.20688609558141136,0.6784822573599738,-0.5236,-1.0
18.025570999947377,1634,5.586758136749268,0.2760421633720398,2.7329678535461426,0.43580040542814097,6.048852992270415,0.14054988692056444,1.286498070571875,0.7908377699652478,0.48154938737071756,1.4464697829742672,-0.3550373645371068,0.6584822573599738,-0.5236,-1.0
18.19226639997214,1648,5.550321578979492,0.33479225635528564,2.4255542755126953,0.4259403005016388,6.066179399043796,0.20425291447954533,1.323421164543461,0.7908377699652478,0.532118229624627,1.102133110969234,-0.364897469463609,0.6384822573599738,-0.5236,-1.0
18.392260499997064,1672,5.480717658996582,0.43637964129447937,2.0735788345336914,0.4726337372837873,6.092332739609298,0.3245137179754314,1.390574649398949,0.7908377699652478,0.6217612014535181,0.6830041851347426,-0.31820403268146047,0.6184822573599738,-0.5236,-0.9999999999999999
18.625608399976045,1719,5.439854145050049,0.578007161617279,1.6852952241897583,0.5102512193484041,6.116576362002426,0.5866647385726403,1.583149285737546,0.7908377699652478,0.6767775946023019,0.10214593845221209,-0.2805865506168437,0.5984822573599737,-0.5235999999999998,-1.0
18.858894799952395,1854,5.454169273376465,0.7201092839241028,1.309226632118225,0.533709710441051,5.799397270027568,1.214721372571873,2.5317353296163376,0.7908377699652478,0.6031778244500074,-1.2225086974981125,-0.2571280595241968,0.6184822573599738,-0.5236,1.0
19.125824599992484,1861,5.530109882354736,0.8599209189414978,0.889660120010376,0.5469342185896938,5.7662953474833225,1.2366475793611904,2.580658763412148,0.7908377699652478,0.4446420477293853,-1.6909986434017719,-0.24390355137555397,0.6384822573599738,0.5235999999999998,1.0
19.29218339995714,1853,5.60593843460083,0.9304984211921692,0.7294864058494568,0.5655557270817488,5.804761393375679,1.210940647009226,2.5232357922700452,0.7908377699652478,0.34377086984968686,-1.7937493864205885,-0.22528204288349896,0.6325181863432021,0.5235999999999036,-0.29820355083858396
19.492202099994756,1852,5.682406902313232,1.0318013429641724,1.063275933265686,0.581308923822715,5.80915083536749,1.207793974981933,2.5161541126078593,0.7908377699652478,0.21688114507859133,-1.4528781793421732,-0.20952884614253275,0.630612878226166,0.5235999999666731,-0.09526540585180687
19.65890959999524,1858,5.7176361083984375,1.1307536363601685,1.3390989303588867,0.5925837684233055,5.780941925825518,1.2272326118775554,2.559750260916215,0.7908377699652478,0.11539419065531586,-1.2206513305573283,-0.19825400154194228,0.6215126340722985,0.523599999965586,-0.45501220769337447
19.85904179996578,1870,5.722589015960693,1.2559244632720947,1.6684943437576294,0.599496371099242,5.725342533606006,1.2608652851720712,2.6333282179906767,0.7908377699652478,0.005656286809412604,-0.9648338742330473,-0.19134139886600576,0.6088761341518688,0.5235999999998874,-0.631824996021484
20.058899299998302,1883,5.687682151794434,1.3742387294769287,1.9928157329559326,0.6024369861766319,5.652467298058872,1.2977968623646685,2.708653623528752,0.7908377699652478,0.0841632043783114,-0.7158378905728195,-0.1884007837886159,0.5978071141014738,0.5235999999999672,-0.5534510025197501
20.225599500001408,1896,5.632354736328125,1.4585320949554443,2.2575254440307617,0.6022424398130712,5.580989077823629,1.3283610148890204,2.7639578816687234,0.7908377699652478,0.13993906159203676,-0.5064324376379616,-0.18859533015217655,0.5919460144696497,0.5235999999999473,-0.29305498159120646
20.392221199988853,1910,5.558313369750977,1.5245084762573242,2.517859697341919,0.5995928096405757,5.500590514265022,1.3580584187942837,2.8089987554055136,0.7908377699652478,0.1761747702564185,-0.29113905806359464,-0.1912449603246721,0.5944928899357412,0.5235999999935478,0.1273437733045764
20.55890169995837,1925,5.470444202423096,1.5689901113510132,2.776388645172119,0.5966409709109002,5.413850787173133,1.3863313358292544,2.8415933095357757,0.7908377699652478,0.19122511060204145,-0.06520466436365657,-0.1941967990543476,0.6055745696076107,0.5235999999842986,0.5540839835934733
20.725599199999124,1940,5.373420715332031,1.589566946029663,3.0367515087127686,0.5954159589454422,5.322833779760551,1.4133751729604516,2.8619101908421456,0.7908377699652478,0.18331006232006355,0.17484131787062296,-0.1954218110198056,0.6228539435678385,0.5236,0.8639686980113913
20.89222229999723,1956,5.272354602813721,1.5840424299240112,3.302493397389547,0.597576590265733,5.232251823745536,1.438832030537293,2.872076676880523,0.7908377699652478,0.15064625112840282,0.43041672050902413,-0.19326117969951484,0.6416759603117965,0.1222877220046716,0.9411008371979009
21.058906999998726,1972,5.173312664031982,1.5516403913497925,3.532990042363302,0.6040487497560691,5.1489844625707955,1.4615786873516772,2.877781824696007,0.7908377699652478,0.09328972029854221,0.6552082176672949,-0.18678902020917865,0.654581037171913,-0.4929140238331961,0.6452538430058226
21.22558729996672,1987,5.075162410736084,1.5081437826156616,3.5315263907061976,0.6139944010408909,5.068620064868529,1.4829133063006006,2.8881313617354754,0.7908377699652478,0.026064904076853326,0.6433950289707222,-0.17684336892435693,0.6615441224009364,-0.5236,0.34815426145117323
21.392240799963474,2005,4.968969821929932,1.483549952507019,3.2586944738971155,0.6229686631270426,4.973879354528981,1.5059764267301188,2.9245380793883067,0.7908377699652478,0.022957575142433507,0.33415639450880885,-0.16786910683820522,0.670045935723591,-0.3552827079236283,0.42509066613272706
21.592219799989834,2031,4.837413311004639,1.4943934679031372,2.9303629398345947,0.6309022787664504,4.840005588458857,1.5267513080389776,3.0634290753913396,0.7908377699652478,0.03246151137356755,-0.13306613555674485,-0.15993549119879735,0.6784941297329241,0.2995576880473886,0.42240970046666027
21.75903149996884,2051,4.731076240539551,1.5291143655776978,2.8055331707000732,0.6408695146050942,4.73113128317652,1.5280734462570276,3.192738518597666,0.7908377699652478,0.0010423736009843138,-0.38720534789759276,-0.14996825536015357,0.6819984474878718,0.5236,0.17521588774737973
21.925567199999932,2071,4.621008396148682,1.5547959804534912,3.0005462169647217,0.649547298348689,4.6264865700833075,1.5173830210156025,3.2871769115684857,0.7908377699652478,0.037811901877042885,-0.286630694603764,-0.14129047161655883,0.6868823507917764,0.5235999999994064,0.24419516519523182
22.092285499966238,2091,4.507664203643799,1.5505143404006958,3.2985530535327356,0.656116402678948,4.518019538951092,1.4982034515043214,3.3370858305818136,0.7908377699652478,0.05332599803524829,-0.03853277704907798,-0.1347213672862998,0.6947468020298485,0.1918439696989098,0.39322256190360316
22.292508999991696,2116,4.379449844360352,1.502148151397705,3.620477263127462,0.6621640772413825,4.3848802838733265,1.4719788030715404,3.3193079822671363,0.7908377699652478,0.03065418815968767,0.3011692808603259,-0.1286736927238653,0.6971755890192555,-0.5213487084448294,0.12143934947034535
22.45897929999046,2137,4.279443740844727,1.4436933994293213,3.648754898701803,0.6704048399334499,4.278253035832226,1.457051290660062,3.2293199128817083,0.7908377699652478,0.013410855176277528,0.41943498582009475,-0.12043293003179789,0.6908286162306986,-0.5235999999999998,-0.3173486394278471
22.658894899999723,2163,4.146960258483887,1.4033759832382202,3.2855754534350794,0.6739175506133921,4.153410389533309,1.4577770152807368,3.025465175211881,0.7908377699652478,0.05478208172245403,0.2601102782231983,-0.1169202193518557,0.6897101655482767,-0.5235999999969079,-0.05592253412109405
22.825593399989884,2186,4.032354831695557,1.4075974225997925,2.9842398166656494,0.6762070330458313,4.0557097657684595,1.4792471032709589,2.829236234495911,0.7908377699652478,0.07536000056946493,0.15500358216973842,-0.1146307369194165,0.6922512151299485,-0.5235999999139426,0.12705247908358885
22.992236299964134,2211,3.924222946166992,1.4456111192703247,2.6830739974975586,0.6778218895641135,3.9576122049880276,1.518534306332205,2.710884328208148,0.7908377699652478,0.08020370200857359,-0.02781033071058925,-0.1130158804011343,0.6988215388741502,-0.5174850646449689,0.3285161872100854
23.15892839996377,2238,3.8318400382995605,1.5143871307373047,2.381159782409668,0.6798915269222301,3.8616041010633935,1.5674166453879181,2.629510151855644,0.7908377699652478,0.06081142044294815,-0.24835036944597588,-0.1109462430430177,0.7076690886305997,-0.22843115818009804,0.44237748782247455
23.325623799988534,2267,3.7626893520355225,1.608051061630249,2.1131300926208496,0.6837727675330663,3.773265046931835,1.6229634622126563,2.522673614799232,0.7908377699652478,0.018281821946132062,-0.4095435221783825,-0.10706500243218153,0.7145098085782462,0.134869855270253,0.34203599738232016
23.492422899988014,2301,3.7091851234436035,1.7133636474609375,2.0214195251464844,0.6899216682849313,3.6893583744956557,1.6937765689422453,2.3502309681063758,0.7908377699652478,0.027870299939942576,-0.3288114429598914,-0.1009161016803165,0.71880599185725,0.25965430805970724,0.2148091639501931
23.658916799991857,2340,3.6518502235412598,1.8178504705429077,2.116769552230835,0.6960759007183399,3.611204622899012,1.790349289439679,2.1645400755284103,0.7908377699652478,0.04907524644504283,-0.04777052329757536,-0.09476186924690788,0.7238836667242442,0.06928309371110739,0.2538837433497082
23.859002899960615,2379,3.564716339111328,1.9322010278701782,2.280663013458252,0.7014595021237393,3.53729379438432,1.9184843305472947,2.0339393517358344,0.7908377699652478,0.030661763562332058,0.24672366172241755,-0.08937826784150849,0.7264616663344179,-0.3691912692063458,0.128899980508686
24.026026499981526,2406,3.4847252368927,2.0226144790649414,2.269397497177124,0.7071235882162547,3.490137979084231,2.024687030185696,1.9377234805783197,0.7908377699652478,0.005795968096885672,0.3316740165988046,-0.08371418174899314,0.7251696996561466,-0.5235999999999998,-0.06459833391356173
24.22572599997511,2437,3.410402536392212,2.1468582153320312,1.9826022386550903,0.7098493225809506,3.4505882808685002,2.155919420603387,1.7919981180919629,0.7908377699652478,0.0411946537803534,0.19060412056312748,-0.08098844738429722,0.726460570089373,-0.5151712511458661,0.06454352166131799
24.3923229999491,2459,3.3838765621185303,2.26432466506958,1.667094111442566,0.7116087549663372,3.4307484290922985,2.270316943044061,1.6982663586516218,0.7908377699652478,0.04725335235652674,-0.031172247209055648,-0.07922901499891055,0.7315434198853379,-0.27622893250227926,0.25414248979824255
24.592437299957965,2484,3.4008312225341797,2.4080653190612793,1.3215357065200806,0.7130286852576561,3.4189773484142996,2.408883772448642,1.616528151837797,0.7908377699652478,0.018164574049628623,-0.2949924453177166,-0.07780908470759174,0.7362372771844247,0.18076812659177938,0.23469286495433628
24.758908199961297,2504,3.4414210319519043,2.5231189727783203,1.209000587463379,0.7177443549311542,3.41705237116936,2.523372840167584,1.559154108611818,0.7908377699652478,0.024369983114192723,-0.3501535211484388,-0.07309341503409361,0.7378480260727188,0.3778578372537291,0.08053744441470789
24.925804899947252,2525,3.4765422344207764,2.640651226043701,1.3441907167434692,0.7219102235667016,3.4222143371602702,2.6446419573594397,1.4960046376233425,0.7908377699652478,0.054474272433714305,-0.15181392087987344,-0.06892754639854615,0.7405880206650735,0.23558770496561762,0.13699972961772927
25.09222890000092,2548,3.4876580238342285,2.7629847526550293,1.5591375827789307,0.7251222238809862,3.4367021647211375,2.7710986257402963,1.413199117222572,0.7908377699652478,0.0515978150157252,0.14593846555635892,-0.06571554608426156,0.7431884985516952,-0.17176921887344282,0.13002389433108585
25.259087899990845,2574,3.479574203491211,2.886181354522705,1.6541779041290283,0.729010737821471,3.4623159318238446,2.890944971279227,1.3009468838410874,0.7908377699652478,0.01790363051304504,0.3532310202879412,-0.06182703214377683,0.7403613021342148,-0.5104637249967002,-0.1413598208740186
25.458944199956022,2605,3.4792733192443848,3.0345547199249268,1.4848082065582275,0.7315183933045887,3.5091459973448176,3.0214410239809677,1.157262606336782,0.7908377699652478,0.032624314831160614,0.32754560022144563,-0.05931937666065912,0.7342474409824713,-0.5236,-0.30569305758717463
25.625562299974263,2634,3.512587308883667,3.1526448726654053,1.1687802076339722,0.7312082413081188,3.561220291913373,3.1240439947324705,1.0377870415656536,0.7908377699652478,0.05641965310866697,0.13099316606831835,-0.059629528657129005,0.7325697797848578,-0.5235999998791726,-0.08388305988067218
25.792270499980077,2666,3.580782175064087,3.2535860538482666,0.848548412322998,0.7296425415594365,3.6254372905493306,3.214498869683017,0.8548509205333469,0.7908377699652478,0.05934549102474922,-0.006302508210348723,-0.061195228405811264,0.7355226378397837,-0.42973016705593764,0.14764290274629133
25.958889499946963,2703,3.677027702331543,3.3281145095825195,0.5401530861854553,0.7285368921387704,3.70651039698621,3.289484059995204,0.6526920624580039,0.7908377699652478,0.048595688280118385,-0.11253897627254883,-0.06230087782647742,0.7402254676326964,-0.09570205337817064,0.23514148964563567
26.12565339996945,2741,3.790314197540283,3.3747053146362305,0.3176279067993164,0.729614118298384,3.802398588427036,3.357218220960153,0.6047195835387089,0.7908377699652478,0.021256315493042313,-0.28709167673939273,-0.06122365166686383,0.742866511891111,0.27100224550482654,0.13205221292073058
26.292234599997755,2771,3.908562183380127,3.410158395767212,0.30395373702049255,0.7322308719938717,3.897748552244247,3.4249581441677357,0.6308135815310438,0.7908377699652478,0.018329407275241447,-0.32685984451055106,-0.05860689797137608,0.7433310459963051,0.4039001325498624,0.023226705259706604
26.45890899997903,2799,4.022073745727539,3.4592125415802,0.4882035553455353,0.7342441712692058,3.9951000423320173,3.496459826213246,0.6265143183881178,0.7908377699652478,0.0459884864656874,-0.1383107630425826,-0.05659359869604197,0.7456715187931982,0.27788719531182604,0.11702363984465541
26.625588199996855,2825,4.121634483337402,3.5326123237609863,0.7228944301605225,0.7355162895760907,4.098202080493735,3.5678737491646526,0.5866205048944392,0.7908377699652478,0.0423372840948287,0.1362739252660834,-0.055321480389157074,0.7493510482560461,-0.04544323873163498,0.1839764731423989
26.792220899951644,2849,4.206575393676758,3.62337064743042,0.8553608655929565,0.7379596224653333,4.200260069867573,3.6334922975865975,0.5573931145269891,0.7908377699652478,0.011930260546145028,0.2979677510659675,-0.052878147499914485,0.7504682484729128,-0.3340444058561671,0.05586001084333231
26.959050499950536,2870,4.290777206420898,3.715642213821411,0.7908526659011841,0.7406810825531893,4.302637233549646,3.695543948526936,0.5326113964467285,0.7908377699652478,0.023336677384360828,0.2582412694544556,-0.050156687412058476,0.7504067229303876,-0.41098690005703076,-0.0030762771262651256
27.12565129995346,2890,4.389122009277344,3.7925353050231934,0.572323739528656,0.741992820271502,4.409103125761978,3.7564616668836845,0.5063341167626244,0.7908377699652478,0.041237754359236586,0.06598962276603171,-0.048844949693745754,0.7526799007094186,-0.28795258334264906,0.11365888895154919
27.29228839999996,2910,4.50306510925293,3.843571424484253,0.3305947482585907,0.7429860083101173,4.5179471040812995,3.814696981775782,0.4751146034408009,0.7908377699652478,0.032483953142996486,-0.14451985518221022,-0.0478517616551305,0.7500412552113739,-0.10286227344105871,-0.13193227490223605
27.55895999999484,2941,4.700164318084717,3.8776040077209473,0.06486716121435165,0.7437109417414414,4.691682317400296,3.8972857377758627,0.40750433139823994,0.7908377699652478,0.021431631612293802,-0.3426371701838882,-0.04712682822380643,0.7303461804315798,-0.03749382916811636,-0.9847537389897004
27.79233430000022,2971,4.874462127685547,3.8801722526550293,-0.016854647547006607,0.7444302275078454,4.848795368824098,3.9575112412138083,0.319989792451203,0.7908377699652478,0.081486818944825,-0.33684443999820957,-0.04640754245740242,0.7103461804315798,-0.5236,-0.9999999999999999
28.092300099960994,2999,5.031469345092773,3.8509669303894043,-0.24814671277999878,0.6911372619157379,4.996312168497546,3.999124895218867,0.23349797454706522,0.7908377699652478,0.15227215637980682,-0.4816446873270639,-0.09970050804950992,0.6903461804315798,-0.5236,-0.9999999999999999
28.325687799951993,3027,5.175492286682129,3.7730205059051514,-0.6803131103515625,0.6908175573056035,5.136584979475577,4.026983013855081,0.1517104913663617,0.7908377699652478,0.2569255417397871,-0.8320236017179243,-0.10002021265964434,0.6703461804315798,-0.5236,-1.0
28.625843299960252,3055,5.289013385772705,3.6035573482513428,-1.220773696899414,0.6832073883352174,5.272286962419629,4.040200229267457,0.03780950481756293,0.7908377699652478,0.43696313206063375,-1.258583201716977,-0.10763038163003036,0.6903461804315798,-0.5236,0.9999999999999997
28.92571699997643,3057,5.300288200378418,3.404418468475342,-1.7490090131759644,0.6740512603343126,5.281312131677597,4.040504262918786,0.029549726353036893,0.7908377699652478,0.6363687838636379,-1.7785587395290012,-0.11678650963093518,0.6703461804315798,0.5236,-1.0
29.092306399950758,3033,5.262745380401611,3.2965939044952393,-1.9314866065979004,0.6765971428966848,5.167148296876292,4.031300504902135,0.12862092164605568,0.7908377699652478,0.7408998522472555,-2.060107528243956,-0.11424062706856297,0.6503461804315798,-0.4492455631422729,-1.0
29.25905579997925,3016,5.2399821281433105,3.1881022453308105,-1.7461858987808228,0.6738119965447826,5.080942760195097,4.017381474942955,0.18895416914797672,0.7908377699652478,0.8443918292022242,-1.9351400679287996,-0.11702577342046516,0.6303461804318187,0.23492195227524998,-0.9999999999880526
29.425843399949372,2997,5.207517147064209,3.0855419635772705,-1.9162830114364624,0.666596537024493,4.986623526679677,3.996797146716618,0.23807348617647336,0.7908377699652478,0.937645988806496,-2.1543564976129357,-0.12424123294075484,0.6103461804318232,-0.5235999999997051,-0.9999999999997757
29.59232269995846,2974,5.177980899810791,2.9854519367218018,-1.870824933052063,0.6564067354301442,4.864302791458967,3.9625665714322325,0.31025543266074324,0.7908377699652478,1.0262294894537367,-2.1810803657128064,-0.13443103453510363,0.5903461804318317,-0.5235999999987209,-0.9999999999995731
29.792324399983045,2938,5.121565341949463,2.8785111904144287,-2.1886560916900635,0.6421775442535115,4.6761914148107495,3.890531627790169,0.41470996710504593,0.7908377699652478,1.1056868004281974,-2.6033660587951095,-0.14866022571173632,0.5703461804318317,-0.5235999999999998,-0.9999999999999999
29.95901239995146,2914,5.053617000579834,2.808629035949707,-2.4444985389709473,0.6270333922646186,4.538826201977077,3.8253478726859105,0.4683318744374372,0.7908377699652478,1.1396169353340986,-2.9128304134083844,-0.16380437770062917,0.5503461804319546,-0.5235999999981523,-0.9999999999938558
30.125646899978165,2892,4.973282814025879,2.7595062255859375,3.5915713945971888,0.6108295892061307,4.421140060886534,3.7631113936802607,0.5031602757511381,0.7908377699652478,1.1454627681727285,3.08841111884605,-0.18000818075911706,0.5303461804330096,-0.5235999999953455,-0.9999999999472493
30.292322899971623,2873,4.88667631149292,2.7320556640625,3.353182617818014,0.5938100758631737,4.3176862501938515,3.704377795716772,0.5290229995907298,0.7908377699652478,1.1265700233726377,2.8241596182272843,-0.1970276941020741,0.510346180654726,-0.5235999999785481,-0.9999999889141775
30.492375699977856,2852,4.781731605529785,2.7267391681671143,3.0772383213043213,0.575846754414628,4.215877615878317,3.643184202487688,0.5534713857304644,0.7908377699652478,1.0770618545540092,2.523766935573857,-0.21499101555061984,0.5303461806543724,-0.5235999999998866,0.999999999982318
30.692406799993478,2834,4.6817946434021,2.749218702316284,2.8082735538482666,0.559123390395253,4.135601708731043,3.5924135788719136,0.5749678241630976,0.7908377699652478,1.0046413896183275,2.233305729685169,-0.23171437956999474,0.5503461806543649,-0.5235999999999513,0.9999999999996216
30.858987499959767,2822,4.602696895599365,2.789717674255371,2.575119733810425,0.552073015916788,4.086301618505179,3.5599295945156886,0.5906327020399548,0.7908377699652478,0.9273028007702051,1.9844870317704704,-0.23876475404845976,0.5703461806543597,-0.5235999999999102,0.9999999999997392
31.09240579995094,2815,4.509522438049316,2.878206491470337,2.237130880355835,0.5502764254446451,4.055444082541985,3.5389937849445774,0.6018052394040092,0.7908377699652478,0.801764928240974,1.6353256409518258,-0.24056134452060274,0.5903461806543586,-0.5235999999999446,0.9999999999999466
31.258987999986857,2817,4.462413787841797,2.961258888244629,1.9865237474441528,0.5551682392582625,4.063929719717455,3.544802068532683,0.5986186076200771,0.7908377699652478,0.7066202628071326,1.3879051398240758,-0.23566953070698526,0.610346180654356,-0.5235999999995802,0.9999999999998663
31.459057799947914,2827,4.434945106506348,3.076294422149658,1.675672173500061,0.5629777174528591,4.106523881534398,3.5733886575091307,0.5839072009878883,0.7908377699652478,0.595787864797274,1.0917649725121725,-0.22786005251238872,0.630346180654356,0.13287394894564347,1.0
31.625661799975205,2841,4.4392194747924805,3.1784164905548096,1.4765783548355103,0.5753409745490858,4.163829175974062,3.6105436715565986,0.5669725884209851,0.7908377699652478,0.5124194739116098,0.9096057664145256,-0.21549679541616196,0.650346180654356,0.47369686749708634,1.0
31.79232069995487,2853,4.443920135498047,3.2839808464050293,1.5837606191635132,0.5897473279243328,4.220829603895954,3.646239697559591,0.5522453366608779,0.7908377699652478,0.4254419590617824,1.0315152825026352,-0.20109044204091497,0.6703461806543457,-0.31410511040890954,0.9999999999994834
31.959062799985986,2861,4.427654266357422,3.3916592597961426,1.7540464401245117,0.6055739504293918,4.259810433449931,3.670005071466437,0.5427989454951178,0.7908377699652478,0.3250352951903419,1.2112474946293936,-0.18526381953585602,0.6903461806542788,-0.5235999999993695,0.9999999999966536
32.125703700003214,2870,4.419536590576172,3.5035715103149414,1.553428292274475,0.6218034668416345,4.3055555635182845,3.6972620254777797,0.5319167129046447,0.7908377699652478,0.22473916034642594,1.0215115793698306,-0.16903430312361334,0.7069555569522523,-0.5235999999959451,0.8304688148986773
32.29232819995377,2884,4.442304611206055,3.616485118865967,1.250756025314331,0.6379028203545957,4.374114829844647,3.7368516290368428,0.5152685659219272,0.7908377699652478,0.13833995465096913,0.7354874593924041,-0.15293494961065213,0.7173219297968368,-0.5235999999999998,0.5183186422292267
32.492424399999436,2904,4.514346122741699,3.7376294136047363,0.8796902894973755,0.6523874940637251,4.483198728073417,3.7965831432134314,0.4857686445680925,0.7908377699652478,0.06667610088627589,0.39392164492928305,-0.1384502759015227,0.725183329760229,-0.3464726391495861,0.3930699981696108
32.6923756999895,2927,4.6269659996032715,3.825718402862549,0.5248212814331055,0.666270609425218,4.6104887659624385,3.860478550527534,0.44250641573096217,0.7908377699652478,0.038467740954547386,0.08231486570214308,-0.12456716054002981,0.7297729536857069,0.27612882547205014,0.22948119627389368
32.95906429999741,2960,4.808408260345459,3.8910717964172363,0.2652735412120819,0.6799737674621019,4.791243285900741,3.9373039060252593,0.3548599433622812,0.7908377699652478,0.0493157612381282,-0.08958640215019908,-0.11086400250314588,0.7097729536857069,-0.5236,-1.0
33.1924056999851,2984,4.926942825317383,3.950244665145874,0.4699389934539795,0.65196301178223,4.918821054530567,3.97902221432972,0.2760875592912149,0.7908377699652478,0.029901680517025075,0.1938514341627644,-0.13887475818301775,0.6897729536857069,0.5236,-1.0
33.55909559997963,3007,5.028104782104492,4.050595283508301,0.5063899755477905,0.5824668997974187,5.037220587910017,4.008441375310786,0.21378206538149647,0.7908377699652478,0.0431282957211216,0.29260791016629417,-0.20837087016782907,0.6697729536857069,0.5236,-0.9999999999999999
33.92568259994732,3041,5.1884965896606445,4.239399433135986,1.1667650938034058,0.5982111238971741,5.207823116475136,4.03588483117859,0.09524881045009599,0.7908377699652478,0.2044302028776292,1.0715162833533096,-0.19262664606807367,0.6897729536857069,0.5236,1.0
34.15904349996708,3047,5.214748859405518,4.39303731918335,1.577651858329773,0.6130822185502689,5.238906412659609,4.0384293370869475,0.06805246342397119,0.7908377699652478,0.3554298923074795,1.509599394905802,-0.1777555514149789,0.6697729536857722,-0.5235999999962595,-0.9999999999967388
34.3257397999987,3046,5.19617223739624,4.5055928230285645,1.7599811553955078,0.630889811218009,5.231821090334714,4.037926446362634,0.07435801154603591,0.7908377699652478,0.469023113054857,1.6856231438494724,-0.15994795874723877,0.6497729536861729,-0.5235999998909541,-0.999999999979964
34.49234759999672,3047,5.194526195526123,4.616170883178711,1.4694817066192627,0.6377887416146387,5.236352547943719,4.038254407843243,0.07033266945211715,0.7908377699652478,0.5794280768315697,1.3991490371671453,-0.15304902835060907,0.6297729536861729,-0.5236,-0.9999999999999999
34.69236859999364,3053,5.232404708862305,4.739161491394043,1.1310038566589355,0.6376105523178981,5.264792720040959,4.039893368444159,0.04465594108550137,0.7908377699652478,0.7000177790899048,1.086347915573434,-0.1532272176473497,0.6097729536861776,-0.5235999999997405,-0.9999999999997682
34.85904399998253,3061,5.291430950164795,4.824772357940674,0.8579570055007935,0.6334013960088342,5.3016291204725965,4.040918366933077,0.010994995097396041,0.7908377699652478,0.7839203287937901,0.8469620104033977,-0.15743637395641363,0.5897729536862043,-0.5235999999996563,-0.9999999999986657
35.02578599995468,3071,5.368478775024414,4.889584541320801,0.5936385989189148,0.6251350008526594,5.34573596969255,4.040532845120248,-0.027945539263264485,0.7908377699652478,0.8493562374030101,0.6215841381821794,-0.1657027691125884,0.569772953686542,-0.5235999999981193,-0.9999999999831137
35.192358599975705,3082,5.456567764282227,4.931085109710693,0.33804404735565186,0.6142413335844374,5.396116478250143,4.03810831937579,-0.06685268482965341,0.7908377699652478,0.8950206176730001,0.4048967321853052,-0.17659643638081035,0.5497729536942821,-0.523599999982083,-0.9999999996129939
35.39249549998203,3099,5.567921161651611,4.949630260467529,0.04145636782050133,0.6006945755270401,5.471161198603783,4.031469158080373,-0.10494398158896634,0.7908377699652478,0.9232455255162707,0.14640034940946745,-0.1901431944382077,0.5414320958737671,-0.5235999999999202,-0.41704289102575676
35.55910229997244,3118,5.6585893630981445,4.940345764160156,-0.1977016031742096,0.5866175690926891,5.554055085877857,4.02214182168402,-0.11353043546878047,0.7908377699652478,0.9241352147238454,-0.0841711677054291,-0.20422020087255865,0.561432095873691,-0.5235999999999292,0.9999999999961993
35.75903229997493,3147,5.760063171386719,4.901675701141357,-0.48294055461883545,0.5747314044304013,5.692016474060087,4.008600510669068,-0.0756742520015653,0.7908377699652478,0.8956638034743716,-0.40726630261727026,-0.21610636553484652,0.5814320958716374,-0.523599999979998,0.9999999998973157
35.92600289999973,3168,5.835970878601074,4.846217155456543,-0.7296589016914368,0.5713763493275967,5.806308152895907,4.002355251762018,-0.03456435653150099,0.7908377699652478,0.8443830823762445,-0.695094545159936,-0.21946142063765106,0.6014320958716374,-0.5235999999999998,0.9999999999999999
36.092475199955516,3182,5.8977556228637695,4.771030902862549,-0.9851016998291016,0.5737771548169327,5.88774920470895,4.0004909451440795,-0.012680153287749508,0.7908377699652478,0.7706049278619165,-0.9724215465413519,-0.2170606151483151,0.6214320958716374,-0.5235999999999998,1.0
36.392383999947924,3192,5.954587459564209,4.600847244262695,-1.459211826324463,0.5765068380258231,5.953163454479199,4.0000383039099,-0.002394908271797246,0.7908377699652478,0.6008106279006148,-1.4568169180526656,-0.21433093193942465,0.6414320958716374,0.5236,1.0
36.69236230000388,3188,5.927243709564209,4.4172210693359375,-1.8370808362960815,0.5860285168219859,5.924627978679911,4.000153811613094,-0.005967427441222479,0.7908377699652478,0.4170754602137504,-1.831113408854859,-0.20480925314326193,0.6214320958716374,0.5235999999999998,-1.0
36.92594950000057,3187,5.920822620391846,4.269279479980469,-1.4469952583312988,0.5959644681110395,5.918872694671844,4.0001905877455615,-0.006864212831427727,0.7908377699652478,0.26909595711292855,-1.440131045499871,-0.19487330185420826,0.6014320958716374,0.5236,-0.9999999999999997
37.1924233000027,3197,5.97957181930542,4.116387367248535,-1.014894723892212,0.5977801253284175,5.979509024729923,4.000003442429076,-0.00048150897820273465,0.7908377699652478,0.11638394175976438,-1.0144132149140095,-0.19305764463683028,0.5814320958716374,0.5236,-1.0
37.42575259995647,3212,6.075758934020996,4.016164302825928,-0.6492366194725037,0.5953609022075014,6.075758934021002,3.9999999999999987,0.0,0.7908377699652478,0.016164302825929067,-0.6492366194725037,-0.19547686775774642,0.6014320958716369,0.5235999999999964,0.9999999999999782
37.69241149997106,3234,6.216976165771484,3.953113555908203,-0.24157369136810303,0.5891448970777682,6.216976165771482,3.9999999999999996,0.0,0.7908377699652478,0.04688644409179643,-0.24157369136810303,-0.2016928728874796,0.6111259359558446,0.5236,0.48469200421038516
37.8924947999767,3251,6.336911678314209,3.946225881576538,0.07421113550662994,0.5907999188637799,6.336911678314211,3.9999999999999996,0.0,0.7908377699652478,0.05377411842346147,0.07421113550662994,-0.20003785110146788,0.6243976912747211,0.185806200271379,0.6635877659438226
38.05921589996433,3264,6.43634557723999,3.969273328781128,0.30687302350997925,0.5956122478418602,6.4363455772399805,3.9999999999999996,0.0,0.7908377699652478,0.030726671218871626,0.30687302350997925,-0.19522552212338762,0.6360203406058654,-0.35945797901624554,0.5811324665572176
38.25914399995236,3280,6.553325176239014,4.013970851898193,0.3654494881629944,0.6033394584970603,6.553325176239013,4.0,0.0,0.7908377699652478,0.01397085189819336,0.3654494881629944,-0.18749831146818752,0.6438122826306758,-0.5235999999973471,0.3895971012405184
38.425998399965465,3293,6.656174182891846,4.039937973022461,0.1568518429994583,0.6109671470359863,6.656174182891837,3.9999999999999996,0.0,0.7908377699652478,0.03993797302246138,0.1568518429994583,-0.17987062292926148,0.6536300173192481,-0.4592053794152148,0.4908867344286135
38.5925067999633,3306,6.763472080230713,4.038779258728027,-0.11790809780359268,0.6182629056159314,6.763472080230713,3.9999999999999996,0.0,0.7908377699652478,0.03877925872802779,-0.11790809780359268,-0.17257486434931635,0.6632993894743867,0.011171100067816313,0.4834686077569335
38.82585459999973,3324,6.908388137817383,3.9922091960906982,-0.41682425141334534,0.6258482039885804,6.908388137817384,4.0,0.0,0.7908377699652478,0.007790803909301758,-0.41682425141334534,-0.16498956597666736,0.6446162213586397,0.5236,-0.9341584057873487
39.09258449997287,3344,7.070384979248047,3.9228432178497314,-0.35192379355430603,0.6343922049563229,7.070384979248046,4.0,0.0,0.7908377699652478,0.07715678215026855,-0.35192379355430603,-0.15644556500892493,0.6246162213586397,-0.5236,-0.9999999999999999
39.526025699975435,3364,7.222240924835205,3.8575985431671143,-0.27198535203933716,0.5702855701901935,7.222240924835207,4.0,0.0,0.7908377699652478,0.14240145683288574,-0.27198535203933716,-0.22055219977505425,0.6046162213586397,-0.5236,-0.9999999999999999
39.89238589996239,3388,7.408192157745361,3.730907917022705,-0.8698351383209229,0.5755088002179982,7.4081921577453596,4.0,0.0,0.7908377699652478,0.2690920829772949,-0.8698351383209229,-0.21532896974724958,0.6246162213586397,-0.5236,1.0
40.19249879999552,3398,7.484386444091797,3.5674421787261963,-1.3464457988739014,0.5785570360700916,7.484386444091798,4.0,0.0,0.7908377699652478,0.4325578212738037,-1.3464457988739014,-0.21228073389515623,0.6046162213586397,0.5236,-1.0
40.35903349996079,3399,7.492889404296875,3.464517831802368,-1.5117160081863403,0.588676667548417,7.492889404296874,4.0,0.0,0.7908377699652478,0.5354821681976318,-1.5117160081863403,-0.20216110241683083,0.5846162213586397,0.5236,-1.0
40.55914989998564,3403,7.521679401397705,3.348250150680542,-1.1968744993209839,0.5900457465151174,7.521402919900023,4.000004072963091,0.0005515987575808558,0.7908377699652478,0.6517539809258597,-1.1974260980785647,-0.20079202345013036,0.5646162213590686,0.52359999999135,-0.9999999999785487
40.72580739995465,3409,7.570136070251465,3.2647714614868164,-0.9435312747955322,0.5865493483003764,7.5668248012913795,4.000112926705623,0.004912290949412737,0.7908377699652478,0.7353489205623868,-0.9484435657449448,-0.20428842166487138,0.5446162213607526,0.5235999999818486,-0.9999999999157992
40.89242299995385,3416,7.635295867919922,3.1981141567230225,-0.6989155411720276,0.5784898767579676,7.623097818007031,4.000652777870614,0.014941010899573191,0.7908377699652478,0.8026313168916066,-0.7138565520716007,-0.2123478932072802,0.5246162213608077,0.5235999999993395,-0.9999999999972471
41.05906239995966,3425,7.711592197418213,3.1505584716796875,-0.46302562952041626,0.5687009648157556,7.686291199869028,4.00205486811603,0.0298535930142384,0.7908377699652478,0.8518722049820975,-0.49287922253465455,-0.2221368051494922,0.5046162213608076,0.5236,-1.0
41.22574809996877,3433,7.793603420257568,3.122767925262451,-0.23586374521255493,0.5557553790657466,7.752161934384928,4.004581014639957,0.046938501833940625,0.7908377699652478,0.8827863395798742,-0.2828022470464955,-0.23508239089950123,0.48461622136206367,0.5235999999989167,-0.9999999999371985
41.39246770000318,3441,7.876424789428711,3.1140568256378174,-0.017427869141101837,0.5413739203783277,7.819056408569627,4.008298787523667,0.0638276888387724,0.7908377699652478,0.896080251718475,-0.08125555797987438,-0.24946384958692014,0.4909856546112837,0.523599999999337,0.31847166246099956
41.55915190000087,3450,7.9567742347717285,3.122913360595703,0.19458362460136414,0.5268222812911187,7.88654326650414,4.0131400634612,0.0790012720026066,0.7908377699652478,0.8929927051205828,0.1155823525987576,-0.26401548867412905,0.5109856546103391,0.5235999999984097,0.9999999999527676
41.72604549996322,3458,8.034829139709473,3.1491427421569824,0.41056540608406067,0.5181899116852087,7.95539905156925,4.019047703195694,0.09168288482178007,0.7908377699652478,0.8735237719385351,0.3188825212622808,-0.2726478582800391,0.5309856546095291,0.5235999999934191,0.999999999959502
41.89242309995461,3466,8.10805892944336,3.193577527999878,0.6352719664573669,0.5166170663516245,8.023436789140764,4.025640242342203,0.10093092702930105,0.7908377699652478,0.8363547496296714,0.5343410394280657,-0.2742207036136233,0.5509856546095208,0.5235999999997847,0.9999999999995869
42.05917669995688,3474,8.171600341796875,3.2558538913726807,0.868710994720459,0.5203253115709988,8.08869433469636,4.032450500967889,0.10645614259541085,0.7908377699652478,0.7810094109856318,0.7622548521250483,-0.270512458394249,0.5709856546095208,0.5235999999999998,0.9999999999999999
42.22576359997038,3480,8.220367431640625,3.334195137023926,1.1108702421188354,0.5278818977668049,8.143684768020407,4.038393258618182,0.10842990150880363,0.7908377699652478,0.708360942851009,1.0024403406100317,-0.26295587219844285,0.5909856546095208,0.5236,1.0
42.39240959996823,3485,8.249471664428711,3.4252450466156006,1.361754298210144,0.5386950751190073,8.182348304479754,4.04260317058602,0.1082700211274546,0.7908377699652478,0.620996456256485,1.2534842770826895,-0.2521426948462405,0.6109856546095208,-0.5236,1.0
42.59256349998759,3487,8.254897117614746,3.5437021255493164,1.5663018226623535,0.5520900275831171,8.200675883365603,4.044590878412422,0.10773655816556514,0.7908377699652478,0.5038149312875294,1.4585652644967881,-0.2387477423821307,0.6309856546095208,-0.5236,0.9999999999999999
42.75910399999702,3490,8.271734237670898,3.6445064544677734,1.2979614734649658,0.5665415210578124,8.228808018495318,4.047615279619944,0.10632211325378452,0.7908377699652478,0.405387944083532,1.1916393602111812,-0.22429624890743538,0.6509856546095208,-0.5236,1.0
42.95911029999843,3498,8.328546524047852,3.7573025226593018,0.9658318758010864,0.5812688562971244,8.298906426397531,4.054882409547774,0.09948540630838415,0.7908377699652478,0.2990523774680218,0.8663464694927026,-0.20956891366812336,0.6709856546095209,-0.28979605590856866,1.0
43.1257665999583,3509,8.4044189453125,3.8353757858276367,0.7061870694160461,0.598473729931924,8.38523753014038,4.062883369896753,0.08393951115793692,0.7908377699652478,0.22831475532030573,0.6222475582581093,-0.19236404003332375,0.6909856546095209,-0.060244178000655915,1.0
43.32576649996918,3524,8.515840530395508,3.9110655784606934,0.5372072458267212,0.6169895575825219,8.508465383632549,4.071081377509308,0.045285990042796015,0.7908377699652478,0.16018566956797892,0.4919212557839252,-0.17384821238272585,0.7052681965871772,-0.179785874735183,0.7141270988828141
43.49241389997769,3538,8.616559028625488,3.967860698699951,0.48832130432128906,0.636148947238511,8.61740338673299,4.073221026273419,-0.009881941734402478,0.7908377699652478,0.10536371086385572,0.49820324605569155,-0.15468882272673679,0.7127033986915517,-0.4490507869414203,0.3717601052187274
43.69242340000346,3557,8.746084213256836,4.023979187011719,0.32931533455848694,0.6529932570242769,8.750753670525528,4.06543660816482,-0.11434883305912491,0.7908377699652478,0.041719558960393366,0.44366416761761185,-0.1378445129409709,0.7145001564058189,-0.5236,0.08983788571335755
43.85912509995978,3575,8.862910270690918,4.043725967407227,0.05360358580946922,0.6662651587557704,8.863357360443953,4.045578060015022,-0.23947548932728255,0.7908377699652478,0.0019052916509342494,0.2930790751367516,-0.12457261120947738,0.7165631546190506,-0.5236,0.10314991066158719
44.05917049996788,3599,9.003144264221191,4.020412921905518,-0.32069075107574463,0.6752766496678431,8.99549910690506,4.001854107427776,-0.38923862074561455,0.7908377699652478,0.020071821671379036,0.06854786966987003,-0.11556112029740473,0.7209385960466238,-0.4433120749932635,0.2187720713786604
44.2257681999472,3621,9.107315063476562,3.9626107215881348,-0.6240861415863037,0.6839212492643276,9.101872532207516,3.95240969708954,-0.48827663172042207,0.7908377699652478,0.011562095287424377,-0.13580950986588158,-0.10691652070092017,0.7264327158712506,-0.24916527514690923,0.274705991231339
44.39239399996586,3647,9.192710876464844,3.878230094909668,-0.8673204779624939,0.6923281656506942,9.201336719767736,3.8895219641611605,-0.6548899781686432,0.7908377699652478,0.014209556076065898,-0.21243049979385065,-0.09850960431455358,0.731682904677306,-0.012957680534458404,0.2625094403027708
44.559215199959,3682,9.262980461120605,3.779515504837036,-0.9895679354667664,0.7008639641869049,9.290251358906342,3.7991192386510835,-0.9461836004163932,0.7908377699652478,0.03358583400024686,-0.04338433505037331,-0.08997380577834291,0.7368819909032448,0.17045422883889727,0.25995431129693913
44.725799799954984,3725,9.330007553100586,3.6774368286132812,-0.9749523997306824,0.7088414425712993,9.353239188738137,3.6898216726196407,-1.0818708235033287,0.7908377699652478,0.026326664343546597,0.1069184237726466,-0.08199632739394846,0.7418940106163846,0.24408065223594752,0.25060098565699085
44.89276979997521,3764,9.405423164367676,3.580376148223877,-0.8610364198684692,0.7156477536726615,9.417308197463448,3.589791251171112,-0.9012715298381893,0.7908377699652478,0.015162393452045893,0.04023510996972002,-0.07519001629258626,0.746270272827536,0.20276159440272518,0.2188131105575709
45.05909840000095,3800,9.494098663330078,3.494145393371582,-0.7150952219963074,0.7221126749799359,9.49997688885726,3.5000231131314132,-0.78539935241911,0.7908377699652478,0.008312708639398035,0.07030413042280248,-0.06872509498531187,0.750583796853666,0.08048692132418676,0.21567620130650145
45.22587399999611,3836,9.593748092651367,3.4195773601531982,-0.6041489839553833,0.7280881035137072,9.590268934547776,3.4154307753376467,-0.6972846399028427,0.7908377699652478,0.005412827980117806,0.0931356559474592,-0.06274966645154056,0.7542397029616524,-0.08562856495521004,0.1827953053993177
45.39243259996874,3873,9.698614120483398,3.351155996322632,-0.5746397376060486,0.7338487855961568,9.691704526442539,3.3407798239413733,-0.587857952343263,0.7908377699652478,0.012466252167154045,0.013218214737214407,-0.056988984369090945,0.7564235781825164,-0.24503907041768969,0.10919376104319731
45.55908909998834,3910,9.801614761352539,3.2790169715881348,-0.6485883593559265,0.738925180027635,9.795210425671577,3.2704184451185134,-0.6383472924229604,0.7908377699652478,0.010721481845492334,-0.010241066932966003,-0.05191258993761283,0.757029488035935,-0.3426966672154056,0.03029549267092957
45.725753799953964,3945,9.894307136535645,3.193742513656616,-0.8153958916664124,0.7426217050700813,9.887353402339116,3.18757764417597,-0.8420725324274274,0.7908377699652478,0.009293010006955512,0.026676640761015058,-0.0482160648951665,0.7571519172747394,-0.36266792241880297,0.006121461940225226
45.89242309995461,3977,9.968008995056152,3.0916271209716797,-1.034116268157959,0.7451618788487062,9.958681932430839,3.086457474203929,-1.0620973558119131,0.7908377699652478,0.010663927274688283,0.027981087653953907,-0.04567589111654158,0.7578118341638597,-0.319144890913902,0.032995844456010504
46.09254049998708,4013,10.023653984069824,2.951245069503784,-1.3032587766647339,0.7464182579662796,10.019129904454521,2.949695690311287,-1.241004768737674,0.7908377699652478,0.004782036412214081,-0.06225400792706015,-0.04441951199896821,0.7595187742139219,-0.21114600574244943,0.08534700250310866
46.259150099998806,4041,10.042421340942383,2.8264687061309814,-1.491221308708191,0.7487279697124158,10.048376534824802,2.8273056150565448,-1.43250516864271,0.7908377699652478,0.006013713555441052,-0.05871614006548098,-0.04210980025283195,0.7616913488223296,-0.10041386198535894,0.10862873042038246
46.42589479999151,4067,10.042695045471191,2.699882984161377,-1.6108816862106323,0.7512112700835822,10.055507867918275,2.6996628391849318,-1.5857898067536098,0.7908377699652478,0.012814713530591774,-0.025091879457022515,-0.039626499881665556,0.764063945534469,-0.015606132810303756,0.11862983560697032
46.62598839995917,4096,10.030073165893555,2.548017978668213,-1.6766058206558228,0.7538114940197305,10.044825787085168,2.5463902495687565,-1.68014077114695,0.7908377699652478,0.014842147218123687,0.0035349504911272867,-0.03702627594551733,0.7664189505592879,0.05073781883712116,0.11775025124094196
46.792488599952776,4120,10.01607608795166,2.4213664531707764,-1.6780743598937988,0.7565243597655222,10.029171853508364,2.4196707673851137,-1.699554899408362,0.7908377699652478,0.013205090904641899,0.02148053951456319,-0.03431341019972556,0.7685956085915833,0.07646813978743593,0.10883290161477119
46.95911619998515,4143,10.004950523376465,2.294049024581909,-1.6423540115356445,0.7590667814671617,10.013821218324608,2.293095648714133,-1.6771591739100677,0.7908377699652478,0.008921779778064163,0.034805162374423215,-0.03177098849808613,0.7706182835413392,0.06523914267647334,0.10113374748779672
47.12580419995356,4167,9.99951171875,2.1660091876983643,-1.594792366027832,0.7615036008727822,10.003397346146231,2.165803614260444,-1.6244897000513119,0.7908377699652478,0.0038910616418558214,0.029697334023479627,-0.029334169092465556,0.7724961290377186,0.028781909962689128,0.0938922748189703
47.359121999994386,4203,10.001105308532715,1.9861646890640259,-1.5408120155334473,0.7638080230027202,10.0,1.986164689064026,-1.5707963267948966,0.7908377699652478,0.0011053085327148438,0.029984311261449292,-0.02702974696252758,0.7741911246905048,-0.03726369361355851,0.08474978263931084
47.59253769996576,4239,10.008963584899902,1.8060332536697388,-1.5233852863311768,0.7659330693468722,10.0,1.8060332536697477,-1.5707963267948966,0.7908377699652478,0.008963584899902344,0.0474110404637198,-0.024904700618375575,0.768749661745568,0.0814277609070038,-0.272073147246835
47.859165799978655,4280,10.01467227935791,1.5998505353927612,-1.5466095209121704,0.7679143020483918,10.0,1.5998505353927666,-1.5707963267948966,0.7908377699652478,0.014672279357910156,0.024186805882726148,-0.022923467916855955,0.748749661745568,0.41405822486913274,-1.0
48.159152499982156,4317,10.036245346069336,1.415765404701233,-1.3688175678253174,0.7298265392913221,10.0,1.415765404701232,-1.5707963267948966,0.7908377699652478,0.03624534606933594,0.20197875896957918,-0.061011230673925665,0.728749661745568,0.5235999999999998,-1.0
48.45914179994725,4355,10.136129379272461,1.2226136922836304,-0.8918002843856812,0.7248876335330053,10.0,1.2226136922836286,-1.5707963267948966,0.7908377699652478,0.13612937927246094,0.6789960424092154,-0.06595013643224246,0.7254691081191256,0.5236,-0.16402768132212175
48.82576269999845,4381,10.364508628845215,1.0947532653808594,-0.1925330013036728,0.7131825908473965,10.0,1.0947532653808594,-1.5707963267948966,0.7908377699652478,0.36450862884521484,1.3782633254912238,-0.07765517911785125,0.7054691081191256,-0.5236,-1.0
49.02590959996451,4381,10.508406639099121,1.095907211303711,0.06245061382651329,0.7145087128734889,10.0,1.0959072113037112,-1.5707963267948966,0.7908377699652478,0.5084066390991211,1.6332469406214098,-0.07632905709175886,0.6854691081191255,-0.5236,-1.0
49.192470699956175,4384,10.624029159545898,1.0818248987197876,-0.24362601339817047,0.7092826402748996,10.0,1.0818248987197854,-1.5707963267948966,0.7908377699652478,0.6240291595458984,1.327170313396726,-0.08155512969034817,0.6654691081191255,-0.5236,-1.0
49.35913779999828,4393,10.727278709411621,1.0354642868041992,-0.540973961353302,0.7005155531359127,10.0,1.0354642868041992,-1.5707963267948966,0.7908377699652478,0.7272787094116211,1.0298223654415946,-0.09032221682933506,0.6454691081191255,-0.5235999999999998,-1.0
49.5257773999474,4407,10.810309410095215,0.9634953141212463,-0.8295946717262268,0.6891534212253929,9.999999999999998,0.9634953141215337,-1.5707963267948966,0.7908377699652478,0.8103094100952166,0.7412016550686698,-0.10168434873985488,0.6254691081191255,-0.5236,-1.0
49.725847899971996,4429,10.876592636108398,0.8541780114173889,-1.1658185720443726,0.6750804690056206,10.0,0.85417801141801,-1.5707963267948966,0.7908377699652478,0.8765926361083984,0.404977754750524,-0.11575730095962722,0.6054691081191255,-0.5236,-1.0
49.89243509998778,4449,10.901369094848633,0.7539181113243103,-1.4369853734970093,0.6602997721475328,10.0,0.7539181113243112,-1.5707963267948966,0.7908377699652478,0.9013690948486328,0.13381095329788728,-0.13053799781771502,0.5924234691740888,-0.5235999999998984,-0.652281947251833
50.092473199998494,4473,10.895308494567871,0.6338974833488464,-1.752872109413147,0.6441466016486277,10.0,0.6338974833491645,-1.5707963267948966,0.7908377699652478,0.8953084945678711,-0.18207578261825041,-0.1466911683166201,0.6124234691723096,-0.5235999999960536,0.9999999999110414
50.25907219998771,4492,10.862415313720703,0.540380597114563,-2.0131113529205322,0.6309853885449439,10.000000000000002,0.5403805971136438,-1.5707963267948966,0.7908377699652478,0.8624153137207013,-0.44231502612563567,-0.1598523814203039,0.6324234691722402,-0.5235999999991132,0.999999999996529
50.425793099973816,4509,10.804261207580566,0.45604899525642395,-2.282078742980957,0.6260615421395743,10.0,0.45604899525642234,-1.5707963267948966,0.7908377699652478,0.8042612075805664,-0.7112824161860605,-0.16477622782567347,0.6524234691722403,-0.5235999999999998,0.9999999999999999
50.59241539996583,4522,10.722904205322266,0.38850459456443787,-2.5597708225250244,0.6270630996454739,9.999999999999998,0.38850459456443703,-1.5707963267948966,0.7908377699652478,0.7229042053222674,-0.9889744957301279,-0.16377467031977389,0.6724234691722403,-0.0929673977304817,1.0
50.79244839999592,4532,10.602046012878418,0.3388608396053314,-2.854867696762085,0.6328001701771884,10.0,0.33886083960511815,-1.5707963267948966,0.7908377699652478,0.602046012878418,-1.2840713699671884,-0.15803759978805942,0.6922580671198594,0.5236,0.991729897380955
51.09246789995814,4543,10.443512916564941,0.2867167890071869,-2.8899693489074707,0.613298615174055,10.0,0.28671678900734343,-1.5707963267948966,0.7908377699652478,0.4435129165649414,-1.3191730221125741,-0.17753915479119275,0.6722580671198594,0.5235999999999998,-1.0
51.292520999966655,4552,10.409059524536133,0.2398601919412613,-2.483388662338257,0.5298855686153858,10.0,0.23986019194126282,-1.5707963267948966,0.7908377699652478,0.4090595245361328,-0.9125923355433603,-0.26095220134986197,0.6522580671198593,0.5236,-0.9999999999999998
51.49248859996442,4571,10.337660789489746,0.14448170363903046,-2.111368417739868,0.5456442563028,10.0,0.1444817036390308,-1.5707963267948966,0.7908377699652478,0.3376607894897461,-0.5405720909449716,-0.2451935136624478,0.6322580671198593,0.5236,-1.0
51.75930409994908,4604,10.289288520812988,-0.02038205787539482,-1.6577494144439697,0.5671531475011722,10.0,-0.020382057875292695,-1.5707963267948966,0.7908377699652478,0.2892885208129883,-0.08695308764907317,-0.2236846224640756,0.6122580687142261,0.5236,-0.999999920281662
51.959158499957994,4629,10.302430152893066,-0.1449263095855713,-1.3284422159194946,0.5804628010791646,10.0,-0.14492630958567726,-1.5707963267948966,0.7908377699652478,0.3024301528930664,0.24235411087540193,-0.2103749688860832,0.6322580687142261,0.5236,1.0
52.15933729999233,4651,10.353644371032715,-0.2564392685890198,-1.0058152675628662,0.5871652512124348,10.0,-0.2564392685888948,-1.5707963267948966,0.7908377699652478,0.35364437103271484,0.5649810592320303,-0.203672518752813,0.612258068714263,-0.5235999999998159,-0.999999999998153
52.326134699978866,4667,10.421682357788086,-0.33581262826919556,-0.8385436534881592,0.5971705648759668,10.000000000000004,-0.33581262826859565,-1.5707963267948966,0.7908377699652478,0.4216823577880824,0.7322526733067374,-0.19366720508928104,0.592258068714263,-0.5236,-1.0
52.52607409999473,4688,10.484689712524414,-0.43944883346557617,-1.157378077507019,0.5981478376595182,10.000000000000002,-0.4394488334662642,-1.5707963267948966,0.7908377699652478,0.4846897125244123,0.4134182492878775,-0.19268993230572962,0.572258068714263,-0.5236,-1.0
52.69272329995874,4707,10.509771347045898,-0.5339639186859131,-1.4140534400939941,0.5945251568514941,10.0,-0.5339639186859124,-1.5707963267948966,0.7908377699652478,0.5097713470458984,0.15674288670090242,-0.1963126131137537,0.5732741029380931,-0.5235999999999998,0.050801711191505144
52.85934769996675,4726,10.510425567626953,-0.6291341781616211,-1.6638381481170654,0.5878850529463138,10.0,-0.6291341781616203,-1.5707963267948966,0.7908377699652478,0.5104255676269531,-0.09304182132216887,-0.20295271701893403,0.5932741029380931,-0.5236,1.0
53.0593323999783,4748,10.479872703552246,-0.7398916482925415,-1.965750813484192,0.5834548912969726,10.0,-0.7398916482925391,-1.5707963267948966,0.7908377699652478,0.4798727035522461,-0.39495448668929534,-0.2073828786682752,0.6132741029380931,-0.5236,1.0
53.29269849997945,4771,10.401410102844238,-0.8538326621055603,-2.329906940460205,0.5839803211245194,10.0,-0.8538326621055581,-1.5707963267948966,0.7908377699652478,0.4014101028442383,-0.7591106136653085,-0.20685744884072843,0.5932741029380931,0.5236,-1.0
53.49299469997641,4786,10.332479476928711,-0.9320943355560303,-2.430546760559082,0.5671370258625177,10.0,-0.9320943355560316,-1.5707963267948966,0.7908377699652478,0.33247947692871094,-0.8597504337641855,-0.2237007441027301,0.5732741029380931,0.5236,-0.9999999999999998
53.82608440000331,4820,10.22630500793457,-1.0955764055252075,-1.914556860923767,0.5676292683534354,10.000612916084874,-1.0993729324022496,-1.5533870082320822,0.7908377699652478,0.22572402162778302,-0.36116985269168467,-0.22320850161181238,0.5532741029380931,0.5236,-1.0
54.05947340000421,4848,10.207215309143066,-1.2266348600387573,-1.5661073923110962,0.5660450785890968,10.006668996102286,-1.2406321040465718,-1.5013068874148776,0.7908377699652478,0.20103419240035972,-0.06480050489621858,-0.224792691376151,0.5732741029380931,-0.5236,1.0
54.25939959997777,4872,10.22464370727539,-1.3363490104675293,-1.3747200965881348,0.5632613854089747,10.016893720297427,-1.3574175235138206,-1.4699269521356777,0.7908377699652478,0.20881556295287465,0.09520685554754316,-0.22757638455627305,0.5827666301258811,-0.5235999999999998,0.47462635938940384
54.45957119995728,4895,10.226991653442383,-1.4508739709854126,-1.6757150888442993,0.5644350420485144,10.028577227101337,-1.4704905075661423,-1.4721173253674704,0.7908377699652478,0.1993817772206611,-0.20359776347682867,-0.22640272791673344,0.6027666301258812,-0.5236,1.0
54.62596819997998,4913,10.202054023742676,-1.5451688766479492,-1.9317418336868286,0.568995797919907,10.036080992400604,-1.5570516561079009,-1.5003687098563476,0.7908377699652478,0.1663978593028469,-0.43137312383048076,-0.22184197204534084,0.6227666301256958,-0.3564676734287636,0.9999999999907319
54.82602639996912,4932,10.139639854431152,-1.6485596895217896,-2.231748104095459,0.5766769397882346,10.040316872188855,-1.6503172050586716,-1.553911216334001,0.7908377699652478,0.09933853060301458,-0.6778368877614582,-0.21416083017701315,0.6391623570668815,0.4784953993622336,0.8197863470592844
54.99278079997748,4946,10.068232536315918,-1.724541187286377,-2.328772783279419,0.5888987980402487,10.039633959456275,-1.7234624985503648,-1.607561816410318,0.7908377699652478,0.028618912763872146,-0.7212109668691009,-0.2019389719249991,0.6462442436233078,0.5235999999983872,0.3540943278213139
55.15929509996204,4964,10.00778579711914,-1.8121918439865112,-2.0684850215911865,0.600338553969935,10.032936281339184,-1.8149883733617944,-1.6802903504700994,0.7908377699652478,0.025305482272612097,-0.3881946711210871,-0.19049921599531283,0.6548155508400744,0.5235999994793966,0.42856536083832847
55.35934099997394,4989,9.969700813293457,-1.9353693723678589,-1.7293626070022583,0.6099197623502537,10.012356510707997,-1.9441581360667703,-1.7730396672753839,0.7908377699652478,0.04355170363230488,0.04367706027312579,-0.1809180076149941,0.666096622660466,0.010078079005575212,0.564053591019583
55.52604430000065,5010,9.96990966796875,-2.0446367263793945,-1.4996682405471802,0.6209837840191235,9.987724416581651,-2.0493136365227067,-1.827780946661593,0.7908377699652478,0.018418435238354923,0.3281127061144131,-0.16985398594612433,0.6733748100870628,-0.5235995434371806,0.36390937132984086
55.726159399957396,5033,9.978574752807617,-2.1777877807617188,-1.5528367757797241,0.6323260058023026,9.95173854027892,-2.168612751564411,-1.9002601789815172,0.7908377699652478,0.028361302220753153,0.3474234032017929,-0.1585117641629452,0.6772488919209361,-0.5235999999963445,0.19370409169366531
55.89268559997436,5051,9.960898399353027,-2.288353204727173,-1.8469923734664917,0.6410273655811496,9.91400112657951,-2.269232085931332,-1.957249402086399,0.7908377699652478,0.050645546473488914,0.11025702861990716,-0.1498104043840982,0.685060827156784,-0.491041861250467,0.3905967617923965
56.05934899998829,5070,9.91153621673584,-2.389721393585205,-2.139463186264038,0.6486887399262209,9.869887603271929,-2.370451255039451,-2.0044499086376737,0.7908377699652478,0.04589057902270179,-0.1350132776263644,-0.1421490300390269,0.6949493184518474,-0.10172680570835466,0.4944245647531722
56.25943259999622,5091,9.817485809326172,-2.4891130924224854,-2.4315736293792725,0.6567009600184448,9.812859280842988,-2.4867260392073876,-2.0471739594916336,0.7908377699652478,0.005206033889384968,-0.38439966988763885,-0.134136809946803,0.7008851128320785,0.447036200462592,0.2967897190115586
56.459438499994576,5111,9.709230422973633,-2.5765621662139893,-2.4382669925689697,0.6664530485963414,9.751741903270355,-2.6003321234872927,-2.080344043465401,0.7908377699652478,0.04870561390428524,-0.3579229491035689,-0.12438472136890644,0.7034226328322121,0.5236,0.12687600000667448
56.62603169999784,5131,9.633352279663086,-2.6650378704071045,-2.167999744415283,0.6735765385702731,9.693857973070864,-2.7008706890005856,-2.1055555800513566,0.7908377699652478,0.07032019498770886,-0.062444164363926635,-0.11726123139497469,0.7101390310054214,0.3458264435953708,0.3358199086604694
56.79282129998319,5151,9.585942268371582,-2.7720861434936523,-1.8815175294876099,0.679814453631858,9.63268451911474,-2.8013461272052345,-2.129943180844513,0.7908377699652478,0.05514512354994131,0.2484256513569032,-0.1110233163333898,0.7173638463481804,-0.15151732046557595,0.3612407671379487
56.95955809997395,5173,9.562442779541016,-2.8882131576538086,-1.7359102964401245,0.6874554363243454,9.572511278910705,-2.8948771416841086,-2.155926045339166,0.7908377699652478,0.012074078131001292,0.4200157488990417,-0.10338233364090244,0.7197924168485728,-0.4975843283871556,0.12142852501961635
57.192699799954426,5206,9.522100448608398,-3.0505645275115967,-1.9043008089065552,0.6940962702682126,9.483687815366679,-3.0224427388629977,-2.20244303343329,0.7908377699652478,0.047606358707207704,0.2981422245267349,-0.09674149969703516,0.7213972391178995,-0.5236,0.08024111346633933
57.35932109999703,5234,9.463380813598633,-3.1547372341156006,-2.206027030944824,0.6986203652141278,9.413268078451193,-3.1189589692627733,-2.190353914500576,0.7908377699652478,0.06157410543269423,-0.01567311644424807,-0.09221740475111995,0.7269515978225323,-0.31667619163019095,0.27771793523163574
57.52604709996376,5267,9.375688552856445,-3.2366671562194824,-2.496211528778076,0.7030201615432102,9.3461270268135,-3.21708455200059,-2.1557912967595234,0.7908377699652478,0.03545930357440093,-0.34042023201855276,-0.08781760842203756,0.7332928328520577,0.010681605512045592,0.31706175147627425
57.692727499990724,5304,9.271574974060059,-3.298811912536621,-2.6483781337738037,0.7088990511298693,9.282624049509787,-3.307669471975932,-2.2442506303675924,0.7908377699652478,0.014161159116213181,-0.4041275034062113,-0.08193871883537851,0.7366348537985086,0.18482613920972937,0.16710104732254105
57.8593943999731,5345,9.164311408996582,-3.3576087951660156,-2.620465040206909,0.7151169029137716,9.192035904065602,-3.3949964172651743,-2.501742613406316,0.7908377699652478,0.04654548219818539,-0.11872242680059308,-0.07572086705147618,0.7397732501414213,0.06315961972775254,0.15691981714563324
58.05938109999988,5385,9.042548179626465,-3.4405715465545654,-2.499218702316284,0.720183911957061,9.058497567716206,-3.473823437834082,-2.6927252867525295,0.7908377699652478,0.03687914389057816,0.19350658443624535,-0.0706538580081868,0.7407706387805408,-0.33223310622999974,0.04986943195597909
58.25971779995598,5418,8.925785064697266,-3.5314712524414062,-2.501302480697632,0.7251612357454756,8.924379579738174,-3.526197088083116,-2.879961163270876,0.7908377699652478,0.005458222938694459,0.3786586825732443,-0.06567653421977215,0.7365869182567306,-0.5236,-0.20918602619051224
58.42601840000134,5440,8.8185453414917,-3.5918385982513428,-2.7296547889709473,0.7276228699106819,8.813813983477552,-3.545425615715271,-3.0416041437454466,0.7908377699652478,0.04665351751531432,0.31194935477449937,-0.06321490005456587,0.7340678919090093,-0.5236,-0.12595131738606502
58.59268899995368,5457,8.699294090270996,-3.6184091567993164,-3.0508313179016113,0.7274387419163204,8.69818392841902,-3.551644133720534,-3.1247314819443965,0.7908377699652478,0.06677425226872975,0.07390016404278521,-0.06339902804892739,0.7368453413903275,-0.40222127469153757,0.13887247406590839
58.75947960000485,5473,8.57790756225586,-3.606403112411499,-3.3564675490008753,0.7272938613530386,8.579586914294106,-3.550657148497906,-3.1710334076553095,0.7908377699652478,0.05577125349070041,-0.1854341413455658,-0.06354390861220915,0.7420247510967621,-0.03907729611025329,0.25897048532173206
58.92620319995331,5488,8.462761878967285,-3.5638158321380615,-3.558882538472311,0.7291044802229208,8.463820711655792,-3.545483015259212,-3.199648715748138,0.7908377699652478,0.018363368464845414,-0.3592338227241729,-0.06173328974232695,0.7442247576230198,0.31479793673408824,0.11000032631288328
59.12602849997347,5505,8.327617645263672,-3.502345561981201,-3.543997589741842,0.7324754279849209,8.324867822348851,-3.535631435637688,-3.2238506515039465,0.7908377699652478,0.03339926512871926,-0.32014693823789564,-0.05836234198032686,0.7378606341308871,0.40892027062471353,-0.31820617460663503
59.29276059998665,5523,8.2089262008667,-3.4678075313568115,-3.3375237623797815,0.7339100782307012,8.20326406692957,-3.5245322990507715,-3.241112658500879,0.7908377699652478,0.05700665777482233,-0.09641110387890262,-0.05692769173454659,0.7212787891005099,0.2735851757351877,-0.829092251518859
59.492792000004556,5552,8.062435150146484,-3.4644036293029785,-3.0531954765319824,0.7326051585463879,8.0569594576334,-3.508278678454532,-3.2659554299425264,0.7908377699652478,0.04421541752091761,0.212759953410544,-0.058232611418859936,0.7012787891005099,0.14752182600162075,-1.0
