t,solve_time,solver_success,solver_status
0.03525179997086525,0.010177900083363056,1,LOCALLY_OPTIMAL
0.1053558997809887,0.006378099787980318,1,LOCALLY_OPTIMAL
0.1753235999494791,0.00673400005325675,1,LOCALLY_OPTIMAL
0.24582539964467287,0.0069655003026127815,1,LOCALLY_OPTIMAL
0.31525229988619685,0.007643299642950296,1,LOCALLY_OPTIMAL
0.38567829970270395,0.006989000365138054,1,LOCALLY_OPTIMAL
0.45541449962183833,0.007671200204640627,1,LOCALLY_OPTIMAL
0.5256668999791145,0.008046300150454044,1,LOCALLY_OPTIMAL
0.5953829996287823,0.006721499841660261,1,LOCALLY_OPTIMAL
0.6656976998783648,0.0069055999629199505,1,LOCALLY_OPTIMAL
0.73529849993065,0.006738400086760521,1,LOCALLY_OPTIMAL
0.8055651998147368,0.0062436000443995,1,LOCALLY_OPTIMAL
0.8753578998148441,0.0061163995414972305,1,LOCALLY_OPTIMAL
0.9454471999779344,0.006849400233477354,1,LOCALLY_OPTIMAL
1.0154670998454094,0.007956199813634157,1,LOCALLY_OPTIMAL
1.0854787998832762,0.007127199787646532,1,LOCALLY_OPTIMAL
1.1557153998874128,0.0068883998319506645,1,LOCALLY_OPTIMAL
1.2253663996234536,0.005323899909853935,1,LOCALLY_OPTIMAL
1.295245699584484,0.006403599865734577,1,LOCALLY_OPTIMAL
1.365565599873662,0.00596070010215044,1,LOCALLY_OPTIMAL
1.4353688997216523,0.006041000131517649,1,LOCALLY_OPTIMAL
1.5056936000473797,0.005613100249320269,1,LOCALLY_OPTIMAL
1.5758449998684227,0.006357600446790457,1,LOCALLY_OPTIMAL
1.6453146999701858,0.006432199850678444,1,LOCALLY_OPTIMAL
1.7158416998572648,0.006115700118243694,1,LOCALLY_OPTIMAL
1.7855295999906957,0.006701900158077478,1,LOCALLY_OPTIMAL
1.8552003996446729,0.006103800144046545,1,LOCALLY_OPTIMAL
1.9255737997591496,0.0059159002266824245,1,LOCALLY_OPTIMAL
1.9953970997594297,0.005866299849003553,1,LOCALLY_OPTIMAL
2.065886199939996,0.008388100191950798,1,LOCALLY_OPTIMAL
2.135361099615693,0.006204899866133928,1,LOCALLY_OPTIMAL
2.205443899612874,0.006286600138992071,1,LOCALLY_OPTIMAL
2.275502699892968,0.008996100164949894,1,LOCALLY_OPTIMAL
2.345439199823886,0.008393900003284216,1,LOCALLY_OPTIMAL
2.415596399921924,0.008311400189995766,1,LOCALLY_OPTIMAL
2.485185199882835,0.00946620013564825,1,LOCALLY_OPTIMAL
2.5554483998566866,0.006120700389146805,1,LOCALLY_OPTIMAL
2.6253760997205973,0.007069000042974949,1,LOCALLY_OPTIMAL
2.6961252000182867,0.0056143999099731445,1,LOCALLY_OPTIMAL
2.765653899870813,0.0059587000869214535,1,LOCALLY_OPTIMAL
2.835309899877757,0.005805899854749441,1,LOCALLY_OPTIMAL
2.905793699901551,0.006301399786025286,1,LOCALLY_OPTIMAL
2.975447599776089,0.0053938003256917,1,LOCALLY_OPTIMAL
3.04553629970178,0.01960239978507161,1,LOCALLY_OPTIMAL
3.1153664998710155,0.01007919991388917,1,LOCALLY_OPTIMAL
3.1855639996938407,0.00587589992210269,1,LOCALLY_OPTIMAL
3.255443699657917,0.005765399895608425,1,LOCALLY_OPTIMAL
3.325453700032085,0.007014899980276823,1,LOCALLY_OPTIMAL
3.395824699662626,0.00927060004323721,1,LOCALLY_OPTIMAL
3.4653997998684645,0.015137000009417534,1,LOCALLY_OPTIMAL
3.535484899766743,0.005545400083065033,1,LOCALLY_OPTIMAL
3.605241899844259,0.0054848999716341496,1,LOCALLY_OPTIMAL
3.67577590001747,0.005740600172430277,1,LOCALLY_OPTIMAL
3.7452300996519625,0.005552000366151333,1,LOCALLY_OPTIMAL
3.8156551998108625,0.0053714001551270485,1,LOCALLY_OPTIMAL
3.88561789970845,0.010992799885571003,1,LOCALLY_OPTIMAL
3.9556554998271167,0.005686899647116661,1,LOCALLY_OPTIMAL
4.025216399691999,0.005528800189495087,1,LOCALLY_OPTIMAL
4.0956055000424385,0.005120200105011463,1,LOCALLY_OPTIMAL
4.165677699726075,0.005457499995827675,1,LOCALLY_OPTIMAL
4.235366299748421,0.015693699941039085,1,LOCALLY_OPTIMAL
4.3057515998370945,0.006424400024116039,1,LOCALLY_OPTIMAL
4.37573179975152,0.005127700045704842,1,LOCALLY_OPTIMAL
4.446530499961227,0.0060037001967430115,1,LOCALLY_OPTIMAL
4.51566579984501,0.006146600004285574,1,LOCALLY_OPTIMAL
4.585733099840581,0.005073799751698971,1,LOCALLY_OPTIMAL
4.655525399837643,0.005355400033295155,1,LOCALLY_OPTIMAL
4.725875000003725,0.007676000241190195,1,LOCALLY_OPTIMAL
4.795430399943143,0.007394399959594011,1,LOCALLY_OPTIMAL
4.865915299858898,0.005322199780493975,1,LOCALLY_OPTIMAL
4.935615399852395,0.005226599983870983,1,LOCALLY_OPTIMAL
5.005665799602866,0.005922500044107437,1,LOCALLY_OPTIMAL
5.075539799872786,0.005197899881750345,1,LOCALLY_OPTIMAL
5.145393699873239,0.0055645001120865345,1,LOCALLY_OPTIMAL
5.215416199993342,0.01065809978172183,1,LOCALLY_OPTIMAL
5.285607299767435,0.005920100025832653,1,LOCALLY_OPTIMAL
5.355398999992758,0.0057219997979700565,1,LOCALLY_OPTIMAL
5.425640400033444,0.005798700265586376,1,LOCALLY_OPTIMAL
5.495411599986255,0.0060677002184093,1,LOCALLY_OPTIMAL
5.565854399930686,0.005679199937731028,1,LOCALLY_OPTIMAL
5.6354429996572435,0.007195599842816591,1,LOCALLY_OPTIMAL
5.705444499850273,0.005891900043934584,1,LOCALLY_OPTIMAL
5.775657199788839,0.005890099797397852,1,LOCALLY_OPTIMAL
5.84543879982084,0.00574950035661459,1,LOCALLY_OPTIMAL
5.915755099616945,0.0057725002989172935,1,LOCALLY_OPTIMAL
5.985511799808592,0.005530999973416328,1,LOCALLY_OPTIMAL
6.05566079961136,0.005695499945431948,1,LOCALLY_OPTIMAL
6.125838999636471,0.005561700090765953,1,LOCALLY_OPTIMAL
6.1956924996338785,0.005818600300699472,1,LOCALLY_OPTIMAL
6.265800199937075,0.011539500206708908,1,LOCALLY_OPTIMAL
6.335827199742198,0.015445799566805363,1,LOCALLY_OPTIMAL
6.405332800000906,0.005757200066000223,1,LOCALLY_OPTIMAL
6.47523449966684,0.005973599851131439,1,LOCALLY_OPTIMAL
6.545177499763668,0.006321700289845467,1,LOCALLY_OPTIMAL
6.615476799663156,0.008947299793362617,1,LOCALLY_OPTIMAL
6.685336099937558,0.007207400165498257,1,LOCALLY_OPTIMAL
6.7553581995889544,0.0070270998403429985,1,LOCALLY_OPTIMAL
6.825880100019276,0.006996799726039171,1,LOCALLY_OPTIMAL
6.895835199858993,0.006807900033891201,1,LOCALLY_OPTIMAL
6.965736099984497,0.007574399933218956,1,LOCALLY_OPTIMAL
7.0355169996619225,0.007172400131821632,1,LOCALLY_OPTIMAL
7.105535299982876,0.0072478000074625015,1,LOCALLY_OPTIMAL
7.175781599711627,0.007134800311177969,1,LOCALLY_OPTIMAL
7.245232800021768,0.00687299994751811,1,LOCALLY_OPTIMAL
7.31557729979977,0.007278000004589558,1,LOCALLY_OPTIMAL
7.386130400002003,0.016636500135064125,1,LOCALLY_OPTIMAL
7.455469399690628,0.007488100323826075,1,LOCALLY_OPTIMAL
7.525649099610746,0.00702719995751977,1,LOCALLY_OPTIMAL
7.595633899793029,0.007480499800294638,1,LOCALLY_OPTIMAL
7.66579379979521,0.007219500374048948,1,LOCALLY_OPTIMAL
7.735529599711299,0.007112900260835886,1,LOCALLY_OPTIMAL
7.805448999628425,0.008024600334465504,1,LOCALLY_OPTIMAL
7.875799699686468,0.008384500164538622,1,LOCALLY_OPTIMAL
7.945744100026786,0.0068916999734938145,1,LOCALLY_OPTIMAL
8.015712299849838,0.006931999698281288,1,LOCALLY_OPTIMAL
8.08563550002873,0.007630399893969297,1,LOCALLY_OPTIMAL
8.155272599775344,0.007905399892479181,1,LOCALLY_OPTIMAL
8.225636299699545,0.00702559994533658,1,LOCALLY_OPTIMAL
8.295715999789536,0.008736500050872564,1,LOCALLY_OPTIMAL
8.365532199852169,0.008341900072991848,1,LOCALLY_OPTIMAL
8.43567209970206,0.006870899815112352,1,LOCALLY_OPTIMAL
8.505354699678719,0.01047129975631833,1,LOCALLY_OPTIMAL
8.575747499708086,0.009731399826705456,1,LOCALLY_OPTIMAL
8.645399099681526,0.008511799853295088,1,LOCALLY_OPTIMAL
8.715256099589169,0.007360300049185753,1,LOCALLY_OPTIMAL
8.78521759994328,0.00648629991337657,1,LOCALLY_OPTIMAL
8.855443199630827,0.006006299983710051,1,LOCALLY_OPTIMAL
8.925656599923968,0.00573320034891367,1,LOCALLY_OPTIMAL
8.995227699633688,0.005751000251621008,1,LOCALLY_OPTIMAL
9.065687299706042,0.005923700053244829,1,LOCALLY_OPTIMAL
9.135402799583972,0.006317500025033951,1,LOCALLY_OPTIMAL
9.205254300031811,0.00698330020532012,1,LOCALLY_OPTIMAL
9.275409800000489,0.006854400038719177,1,LOCALLY_OPTIMAL
9.345628499984741,0.005810900125652552,1,LOCALLY_OPTIMAL
9.415464599616826,0.008627300150692463,1,LOCALLY_OPTIMAL
9.485642099753022,0.005841599777340889,1,LOCALLY_OPTIMAL
9.55570669984445,0.005600799806416035,1,LOCALLY_OPTIMAL
9.625532299745828,0.0056792995892465115,1,LOCALLY_OPTIMAL
9.695828899741173,0.005371199920773506,1,LOCALLY_OPTIMAL
9.765671399887651,0.012249399907886982,1,LOCALLY_OPTIMAL
9.835633699782193,0.005543500185012817,1,LOCALLY_OPTIMAL
9.905703600030392,0.006531499791890383,1,LOCALLY_OPTIMAL
9.975387400016189,0.008533100131899118,1,LOCALLY_OPTIMAL
10.045459899585694,0.005369599908590317,1,LOCALLY_OPTIMAL
10.115629999898374,0.006855200044810772,1,LOCALLY_OPTIMAL
10.185302999801934,0.0062649003230035305,1,LOCALLY_OPTIMAL
10.255461399909109,0.010294999927282333,1,LOCALLY_OPTIMAL
10.325383299961686,0.008381300140172243,1,LOCALLY_OPTIMAL
10.395494899712503,0.0075714001432061195,1,LOCALLY_OPTIMAL
10.4653514996171,0.006167399697005749,1,LOCALLY_OPTIMAL
10.535294599831104,0.007283000275492668,1,LOCALLY_OPTIMAL
10.605602799914777,0.006405900232493877,1,LOCALLY_OPTIMAL
10.67518199980259,0.006029600277543068,1,LOCALLY_OPTIMAL
10.745647199917585,0.00779289985075593,1,LOCALLY_OPTIMAL
10.8154733995907,0.005850699730217457,1,LOCALLY_OPTIMAL
10.885373099707067,0.005210100207477808,1,LOCALLY_OPTIMAL
10.955449400004,0.005804500076919794,1,LOCALLY_OPTIMAL
11.02562309987843,0.005311400163918734,1,LOCALLY_OPTIMAL
11.095603299792856,0.005671699997037649,1,LOCALLY_OPTIMAL
11.165721099823713,0.005379899870604277,1,LOCALLY_OPTIMAL
11.235692999791354,0.005175999831408262,1,LOCALLY_OPTIMAL
11.305329700000584,0.006755900103598833,1,LOCALLY_OPTIMAL
11.375498599838465,0.005108000244945288,1,LOCALLY_OPTIMAL
11.445351999718696,0.0055426000617444515,1,LOCALLY_OPTIMAL
11.515820199623704,0.005804699845612049,1,LOCALLY_OPTIMAL
11.585633900016546,0.005681999959051609,1,LOCALLY_OPTIMAL
11.655331199988723,0.0055773998610675335,1,LOCALLY_OPTIMAL
11.72577519994229,0.0069288997910916805,1,LOCALLY_OPTIMAL
11.795770999975502,0.00545339984819293,1,LOCALLY_OPTIMAL
11.865445799659938,0.0051345000974833965,1,LOCALLY_OPTIMAL
11.93560229986906,0.020049199927598238,1,LOCALLY_OPTIMAL
12.005363799631596,0.005667000077664852,1,LOCALLY_OPTIMAL
12.07533869985491,0.00515849981456995,1,LOCALLY_OPTIMAL
12.145741199608892,0.005630700383335352,1,LOCALLY_OPTIMAL
12.21544719999656,0.005596399772912264,1,LOCALLY_OPTIMAL
12.285289799794555,0.0053276000544428825,1,LOCALLY_OPTIMAL
12.355475399643183,0.005908200051635504,1,LOCALLY_OPTIMAL
12.425676199607551,0.00578249990940094,1,LOCALLY_OPTIMAL
12.495365399867296,0.005358200054615736,1,LOCALLY_OPTIMAL
12.565318400040269,0.005986200179904699,1,LOCALLY_OPTIMAL
12.636078299954534,0.01642820006236434,1,LOCALLY_OPTIMAL
12.705562699586153,0.005667999852448702,1,LOCALLY_OPTIMAL
12.775494899600744,0.005961600225418806,1,LOCALLY_OPTIMAL
12.845659599639475,0.006172799970954657,1,LOCALLY_OPTIMAL
12.915516899898648,0.0064071002416312695,1,LOCALLY_OPTIMAL
12.985621399711818,0.00841920031234622,1,LOCALLY_OPTIMAL
13.055291299708188,0.005720200017094612,1,LOCALLY_OPTIMAL
13.125749299768358,0.005691600032150745,1,LOCALLY_OPTIMAL
13.195617499761283,0.00528179993852973,1,LOCALLY_OPTIMAL
13.265440299641341,0.0056952000595629215,1,LOCALLY_OPTIMAL
13.33533289982006,0.01018129987642169,1,LOCALLY_OPTIMAL
13.405582199804485,0.00610999995842576,1,LOCALLY_OPTIMAL
13.475239199586213,0.006030099932104349,1,LOCALLY_OPTIMAL
13.545387499965727,0.008593900129199028,1,LOCALLY_OPTIMAL
13.61543169990182,0.006143399979919195,1,LOCALLY_OPTIMAL
13.685767499729991,0.008188100066035986,1,LOCALLY_OPTIMAL
13.755384699907154,0.006312200333923101,1,LOCALLY_OPTIMAL
13.82538879988715,0.010908700060099363,1,LOCALLY_OPTIMAL
13.895789899863303,0.005332600325345993,1,LOCALLY_OPTIMAL
13.965261099860072,0.007181499619036913,1,LOCALLY_OPTIMAL
14.035682999994606,0.005937500391155481,1,LOCALLY_OPTIMAL
14.106232199817896,0.005670400336384773,1,LOCALLY_OPTIMAL
14.175332499668002,0.0053368001244962215,1,LOCALLY_OPTIMAL
14.245373299811035,0.00866350019350648,1,LOCALLY_OPTIMAL
14.315508099738508,0.006112400442361832,1,LOCALLY_OPTIMAL
14.38575359992683,0.010024900082498789,1,LOCALLY_OPTIMAL
14.455604499671608,0.006150000263005495,1,LOCALLY_OPTIMAL
14.525485999882221,0.006338699720799923,1,LOCALLY_OPTIMAL
14.595532199833542,0.005767400376498699,1,LOCALLY_OPTIMAL
14.665426699910313,0.005742200184613466,1,LOCALLY_OPTIMAL
14.735490199644119,0.005754999816417694,1,LOCALLY_OPTIMAL
14.805348599795252,0.005606899969279766,1,LOCALLY_OPTIMAL
14.875428800005466,0.005197400227189064,1,LOCALLY_OPTIMAL
14.945459199603647,0.005549099761992693,1,LOCALLY_OPTIMAL
15.015425399877131,0.005427700001746416,1,LOCALLY_OPTIMAL
15.085855799727142,0.005057699978351593,1,LOCALLY_OPTIMAL
15.155342699959874,0.005196100100874901,1,LOCALLY_OPTIMAL
15.225535699632019,0.0054513998329639435,1,LOCALLY_OPTIMAL
15.295503899920732,0.006639500148594379,1,LOCALLY_OPTIMAL
15.365559499710798,0.00535360025241971,1,LOCALLY_OPTIMAL
15.435355399735272,0.015762099996209145,1,LOCALLY_OPTIMAL
15.505423799622804,0.005333499982953072,1,LOCALLY_OPTIMAL
15.57521259970963,0.005171299912035465,1,LOCALLY_OPTIMAL
15.64547049999237,0.006039300002157688,1,LOCALLY_OPTIMAL
15.715476399753243,0.005919399671256542,1,LOCALLY_OPTIMAL
15.78581459959969,0.005855500232428312,1,LOCALLY_OPTIMAL
15.855655099730939,0.00554619962349534,1,LOCALLY_OPTIMAL
15.925409199669957,0.005544299725443125,1,LOCALLY_OPTIMAL
15.99582659965381,0.0060271997936069965,1,LOCALLY_OPTIMAL
16.065551499836147,0.005340700037777424,1,LOCALLY_OPTIMAL
16.135617999825627,0.005146899726241827,1,LOCALLY_OPTIMAL
16.205611699726433,0.005483800079673529,1,LOCALLY_OPTIMAL
16.275673700030893,0.005357000045478344,1,LOCALLY_OPTIMAL
16.345461199991405,0.0056984000839293,1,LOCALLY_OPTIMAL
16.415220599621534,0.008514000102877617,1,LOCALLY_OPTIMAL
16.485749299637973,0.005549299996346235,1,LOCALLY_OPTIMAL
16.555688299704343,0.005584500264376402,1,LOCALLY_OPTIMAL
16.62572419969365,0.005543900188058615,1,LOCALLY_OPTIMAL
16.69562579970807,0.012572200037539005,1,LOCALLY_OPTIMAL
16.765791999641806,0.017816499806940556,1,LOCALLY_OPTIMAL
16.83560819970444,0.005279900040477514,1,LOCALLY_OPTIMAL
16.905586099717766,0.005801800172775984,1,LOCALLY_OPTIMAL
16.97571889963001,0.005277600139379501,1,LOCALLY_OPTIMAL
17.045741299632937,0.005366299767047167,1,LOCALLY_OPTIMAL
17.115498499944806,0.005339500028640032,1,LOCALLY_OPTIMAL
17.185616499744356,0.005418499931693077,1,LOCALLY_OPTIMAL
17.255324899684638,0.005709700286388397,1,LOCALLY_OPTIMAL
17.325731199700385,0.005607500206679106,1,LOCALLY_OPTIMAL
17.395555899944156,0.0056444997899234295,1,LOCALLY_OPTIMAL
17.465804900042713,0.006162299774587154,1,LOCALLY_OPTIMAL
17.535437699873,0.005888599902391434,1,LOCALLY_OPTIMAL
17.60551009979099,0.00754689984023571,1,LOCALLY_OPTIMAL
17.675448099616915,0.0055506001226603985,1,LOCALLY_OPTIMAL
17.745274899993092,0.0059936996549367905,1,LOCALLY_OPTIMAL
17.81537129962817,0.005650300066918135,1,LOCALLY_OPTIMAL
17.88555260002613,0.0061356001533567905,1,LOCALLY_OPTIMAL
17.955577599816024,0.005014399997889996,1,LOCALLY_OPTIMAL
18.02561779972166,0.005357799585908651,1,LOCALLY_OPTIMAL
18.09551170002669,0.005708400160074234,1,LOCALLY_OPTIMAL
18.165330299641937,0.005467299837619066,1,LOCALLY_OPTIMAL
18.235470399726182,0.005727599840611219,1,LOCALLY_OPTIMAL
18.30556479981169,0.005988200195133686,1,LOCALLY_OPTIMAL
18.375636199954897,0.00509929982945323,1,LOCALLY_OPTIMAL
18.445793399587274,0.005946699995547533,1,LOCALLY_OPTIMAL
18.51559769967571,0.008879499975591898,1,LOCALLY_OPTIMAL
18.585394299589097,0.00516119971871376,1,LOCALLY_OPTIMAL
18.655502299778163,0.013063000049442053,1,LOCALLY_OPTIMAL
18.72559679998085,0.012252500280737877,1,LOCALLY_OPTIMAL
18.79599400004372,0.005258099641650915,1,LOCALLY_OPTIMAL
18.865641599986702,0.008812100160866976,1,LOCALLY_OPTIMAL
18.935456899926066,0.005496100056916475,1,LOCALLY_OPTIMAL
19.005648399703205,0.008311199955642223,1,LOCALLY_OPTIMAL
19.07530319970101,0.006758200004696846,1,LOCALLY_OPTIMAL
19.14559039985761,0.00715159997344017,1,LOCALLY_OPTIMAL
19.215605499688536,0.012476500123739243,1,LOCALLY_OPTIMAL
19.28541579982266,0.007630000356584787,1,LOCALLY_OPTIMAL
19.35565139958635,0.007317500188946724,1,LOCALLY_OPTIMAL
19.425618699751794,0.014641799964010715,1,LOCALLY_OPTIMAL
19.495857500005513,0.007476499769836664,1,LOCALLY_OPTIMAL
19.565580599941313,0.006898100022226572,1,LOCALLY_OPTIMAL
19.635417299810797,0.00694910017773509,1,LOCALLY_OPTIMAL
19.70542069990188,0.009972299914807081,1,LOCALLY_OPTIMAL
19.775613399688154,0.007739800028502941,1,LOCALLY_OPTIMAL
19.845639699604362,0.007205100264400244,1,LOCALLY_OPTIMAL
