t,X_e,Y_e,Psi_e,vx_e
4.00003045797348e-07,-4.768371297814156e-08,8.275732454876561e-08,0.0,0.0
0.0874084000242874,0.0,8.275732454876561e-08,0.0,-0.7802272509263547
0.18755380000220612,0.0,8.275732454876561e-08,0.0,-0.7739741262520949
0.28749190003145486,0.0,8.275732454876561e-08,0.0,-0.7642898509828121
0.3875615000142716,0.0,8.275732454876561e-08,0.0,-0.7520446593895653
0.48758750001434237,0.0,8.275732454876561e-08,0.0,-0.7378322035561837
0.5882982999901287,0.0,8.275732454876561e-08,0.0,-0.7221710305953022
0.6877050999901257,0.0,8.275732454876561e-08,0.0,-0.7054130590414192
0.7877817000262439,0.0,8.275732454876561e-08,0.0,-0.6879392388920613
0.8879847999778576,0.0,8.275732454876561e-08,0.0,-0.6697462774457592
0.9877874000230804,0.0,8.275732454876561e-08,0.0,-0.6510584169136331
1.1217871999833733,0.0,8.275732454876561e-08,0.0,-0.6326026675048848
1.2210094000329264,0.0,8.275732454876561e-08,0.0,-0.6132144182757774
1.3218906000256538,0.0,8.275732454876561e-08,0.0,-0.5936140433598349
1.455355399986729,0.0,8.275732454876561e-08,0.0,-0.574622591613229
1.5881484000128694,0.0,8.275732454876561e-08,0.0,-0.5550217301654901
1.6883997999830171,0.0,8.275732454876561e-08,0.0,-0.53505025630718
1.8209980999818072,0.0,8.275732454876561e-08,0.0,-0.5155760458107912
1.9637454000185244,0.0,8.275732454876561e-08,0.0,-0.49583073725613463
2.088661400019191,0.0,8.275732454876561e-08,0.0,-0.476138844930673
2.2209657999919727,0.0,8.275732454876561e-08,0.0,-0.45624532843504106
2.3209654000238515,0.0,8.275732454876561e-08,0.0,-0.43596474389732087
2.4207984000095166,0.0,8.275732454876561e-08,0.0,-0.41601898333659737
2.5208705000113696,0.0,8.275732454876561e-08,0.0,-0.39567686875392344
2.6207908000214957,0.0,8.275732454876561e-08,0.0,-0.37589913868720587
2.7209459000150673,0.0,8.275732454876561e-08,0.0,-0.3559084751694326
2.821577700029593,0.0,8.275732454876561e-08,0.0,-0.3366838016798577
2.9207335999817587,0.0,8.275732454876561e-08,0.0,-0.3180553837051681
3.021688000007998,0.0,3.254772673244588e-05,0.001785383210517466,-0.3002509016653834
3.1209457999793813,0.0,0.0003462049353402108,0.008108790963888168,-0.28309879195624077
3.2208485000301152,0.0,0.0011247920338064432,0.01683543622493744,-0.26673749911693945
3.3208290000329725,-1.7155408693625418e-06,0.0024749230057874174,0.02631694149917596,-0.25095462986769035
3.4208787999814376,-5.912951052589044e-05,0.004168964775337444,0.025188072551495022,-0.23613899172325048
3.5209555000183173,-0.00018730320518800525,0.005509321001284646,0.014483609352824,-0.22213608637875504
3.6207717999932356,-0.0003763944179477896,0.006086118173780598,0.0002947836999069864,-0.20887323484302844
3.7546287000295706,-0.0005357426740641991,0.00551731708991207,-0.017038521750705193,-0.19646297620632358
3.8542140999925323,-0.000494085076308215,0.004221406942988771,-0.027029822385824964,-0.18452591422765463
3.9874287000275217,-0.00020791091419569696,0.0016106172219511224,-0.03466608452911846,-0.1733964519009108
4.088299900002312,9.586019001806001e-05,-0.0007522635753154372,-0.03770799039897277,-0.16291204800834747
4.187472100020386,0.0003967358077716643,-0.0035091826506978355,-0.0406646187849522,-0.15286402129357046
4.288165299978573,0.0005146336290811071,-0.006536820620029547,-0.039926246986847325,-0.14343720528912307
4.387735800002702,0.0003180864854095411,-0.00948480731018305,-0.03218552500392402,-0.13494188292478038
4.487471300002653,-0.000437476857862773,-0.011696238609910037,-0.013818420316530133,-0.1270846861046151
4.587652400019579,-0.001712335892574357,-0.01226788814574907,0.01615689754101801,-0.1199889284325587
4.687579900026321,-0.00270668982908151,-0.010600252723651025,0.04993761796343721,-0.11345432018232204
4.821067399985623,-0.0023057866082667466,-0.005925498624723762,0.06760183295121891,-0.10806057929005264
4.987632900010794,-0.0007117749480007873,-0.001277806661259387,0.06817877132013539,-0.10301695041831982
5.1547851000214,0.009065918406784501,0.010464785120614536,0.2506757753764073,-0.09874866234305435
5.320788700017147,0.05079546504025734,0.04088455875286762,0.6388267240317553,-0.0975423343708397
5.454283899976872,0.10778489573044636,0.07564537995417997,0.9438602687195212,-0.09957592278100669
5.587573099997826,0.17723667635332463,0.11786629034556739,1.0923302618818918,-0.09764632757119285
5.68752089998452,0.22417017108577797,0.14762229226854884,0.9225822820230345,-0.1016907280812569
5.821042100025807,0.26777539377072923,0.19059008715517362,0.6599287946915005,-0.10974827478372795
6.0209267000318505,0.26756934082868655,0.2635349689297204,0.16885331397348136,-0.12165027728490752
6.254221800016239,0.2609616816043885,0.2609616816043827,-0.16021271745429777,-0.13497450968489833
6.4210164999822155,0.25085906684398385,0.2508590668439895,-0.09806283513770797,-0.14691678528361007
6.554321400006302,0.25302892923353104,0.25302892923357034,0.11834786136879272,-0.15135019167693298
6.656135199998971,0.2616056501865356,0.2616056501865417,0.17370108564628906,-0.1502841842765511
6.754206500016153,0.26442468166348965,0.2644246816635367,0.007511653502124016,-0.14981239039855987
6.854182699986268,0.25979083776472844,0.2597908377647513,-0.15886523524985963,-0.14942099893007477
6.955188399995677,0.24757698178291898,0.2475769817829081,-0.32771011392341354,-0.14667688674058066
7.054177600017283,0.22757107019424927,0.2275710701942395,-0.5006880382703374,-0.14071653397474992
7.1542650000192225,0.19967678189278537,0.1996767818927676,-0.6787882665799692,-0.1314709546624706
7.254321000014897,0.1646235511631522,0.16455173024123293,-0.8242540340020463,-0.11925065767268794
7.354594000033103,0.1292781936307521,0.12322032524486537,-0.836994454623393,-0.10506774202514824
7.45435269997688,0.0961922960758348,0.0828208213101107,-0.7258635555159834,-0.09034533332809092
7.554670499986969,0.06652384479012952,0.0496323576194726,-0.5614421026652652,-0.07650441450109802
7.655126700003166,0.04162124933923694,0.026740327978878486,-0.39606037617596446,-0.06455612697418578
7.7541663000010885,0.02293811363889464,0.013287047758669956,-0.25734576623960326,-0.05484788388036377
7.855061099980958,0.010809455057986472,0.006258057936470829,-0.15470442835585274,-0.04746731785983194
7.954446599993389,0.004048700878342082,0.0027022100065532406,-0.09415984995459858,-0.042599793698290256
8.054279499978293,2.055244361232056e-05,1.7834476960132406e-05,-0.09260385991237863,-0.04022238093318642
8.154236799979117,-0.0041263226931032015,-0.005961817558144178,-0.16857169206819655,-0.040501073155601586
8.254453100031242,-0.006756873655231921,-0.020230901459439066,-0.2746734634102843,-0.043473948104580384
8.354250499978662,-0.003932312669901794,-0.040346490650107425,-0.31607024714008336,-0.04919460778912532
8.48759680002695,0.007063814758657472,-0.06435817561448332,-0.26397906252330205,-0.057952261583200104
8.620923999988008,0.03128880972810677,-0.08073172154307118,-0.3000691853952042,-0.06908568311330554
8.754174900008366,0.07409718536518062,-0.0871499458934144,-0.4039359885114777,-0.08228519297243653
8.85423019999871,0.11208861691651695,-0.08339762045393573,-0.451202336437873,-0.09565296203533524
8.98758389998693,0.15982916437837957,-0.07139655130937661,-0.4427360913773084,-0.10893431754114957
9.15414790000068,0.20033369049637795,-0.06680098345902974,-0.27486760846465774,-0.12155459980932826
9.25425619998714,0.1978844708452292,-0.09329174409490126,0.010240663196616762,-0.1326909434554363
9.387544600002002,0.13555295456594685,-0.13643047240874218,0.5554822677898579,-0.13934330116029126
9.487569499993697,0.09446114190359012,-0.12019850162480683,0.7347674376602322,-0.1434416533124817
9.58752669999376,0.06295544076422255,-0.09132682933347902,0.7149108310769692,-0.14442267837245215
9.68754260003334,0.03874582418487904,-0.06157785191198495,0.6069498003569023,-0.1442115885209342
9.787798099976499,0.020897203610544146,-0.035647305332869306,0.47409880788758674,-0.143528271620468
9.921020200010389,0.004502706505960852,-0.009161498778706312,0.32700340822993956,-0.14288786404925247
10.020946600008756,-0.002337798478955655,0.005365543622504854,0.22863178726308098,-0.1414771229073143
10.1209499000106,-0.005687399457624309,0.01519734611767043,0.13948237148995624,-0.1386953939641259
10.220841100031976,-0.006786505090579098,0.020346479230857972,0.06246395387590642,-0.1356866146433756
10.320864100009203,-0.006459373815394187,0.021502602100202273,0.002706534782478176,-0.13231203715472029
10.420847100031096,-0.005406892426647936,0.019720825353090388,-0.03694800603668025,-0.12757528142889074
10.554336300003342,-0.0036331905709294787,0.01453407732683254,-0.06753774890862907,-0.1228220263256985
10.654323700000532,-0.0022886324860103002,0.009669691609413111,-0.07110474563860114,-0.11735493325948576
10.75422579998849,-0.001223779415447268,0.005323017922613027,-0.059193943144411953,-0.11197152506659569
10.854533199977595,-0.0004594295338966603,0.002043285922870064,-0.04206858027668048,-0.10664642061099705
10.954296100011561,1.2503732432556092e-05,-5.583551674315235e-05,-0.02530760829196943,-0.10113359356087503
11.054176400008146,0.0002505193378166126,-0.001105867824619966,-0.011372861513829768,-0.09589546259505088
11.15429460001178,0.0003093507362184056,-0.0013368370412064623,-0.0012063578632717231,-0.0906933963229396
11.254241999995429,0.00024001492024261495,-0.0009917758329179849,0.005327491539893092,-0.08581153690592913
11.354184299998451,7.383497380697435e-05,-0.00028651552243053047,0.008773962073193697,-0.0814748950948403
11.454252700030338,-0.0001664529135583237,0.0005964285504064248,0.00966724560807286,-0.07623050922204133
11.554318399983458,-0.00046065922984439567,0.0015010825711034848,0.008000467234870356,-0.07198038583553978
11.65476220002165,-0.0007828501881599337,0.0022251765109575494,0.0025001417998224973,-0.06796739318169231
11.754539799992926,-0.000981594293188337,0.0024008141280830175,-0.009599424600076567,-0.06426275699793571
11.854312099982053,-0.0007205125929141687,0.0015117644167486066,-0.03035832495078683,-0.06063190704039367
11.987582200032193,0.0012722345204041474,-0.0021704594356665163,-0.07473299474166506,-0.05756064972567798
12.121065100014675,0.007109024618687343,-0.011022586076194552,-0.1446123702911204,-0.05545305539470213
12.287608699989505,0.02262328480285003,-0.03382359930319645,-0.2913247936558845,-0.05537605393301448
12.420953600027133,0.04262635977291218,-0.06259023425470145,-0.4262877462701149,-0.057838653672073304
12.554305800003931,0.0720447845039427,-0.09841418523546652,-0.5737753942718578,-0.06215740819503124
12.687642299977597,0.1183274250608104,-0.13370604925628937,-0.7269263285415253,-0.06979764164849134
12.854518999985885,0.1947450306445102,-0.16863538360793429,-0.83182567632706,-0.0802759152609619
12.98757460003253,0.2605132432649171,-0.1878016955858251,-0.836072289992086,-0.09339341862446127
13.121181600028649,0.3248151672715993,-0.20544098693110271,-0.9109009580286336,-0.1082846941125799
13.254276100022253,0.3922832824569884,-0.23088312511448691,-1.1581185084922005,-0.12509500115869543
13.387659500003792,0.46217645819709396,-0.2634439651243342,-1.3831068363844092,-0.140256810606053
13.48753330000909,0.5165141834086224,-0.2899803834654675,-1.4416327767639574,-0.14868100724395528
13.587541099986993,0.5683793585517956,-0.3144429079107904,-1.2963733464647467,-0.16042154713384582
13.687691800005268,0.6186724372189323,-0.332762591210224,-1.158251594401198,-0.17415740062583807
13.78756520000752,0.6648608991253759,-0.3481095877338487,-1.0288091331683877,-0.18940036062448928
13.888443100033328,0.7084400848560506,-0.3566810552129186,-0.9037157441320463,-0.20586524723679278
13.987662400002591,0.7474129956843516,-0.3617563454329162,-0.7852271446955474,-0.22311019924692788
14.087733299995307,0.7819494585267384,-0.36294684037682573,-0.6728403274458823,-0.2411051435112438
14.187736899999436,0.8115609914855648,-0.3616373531280247,-0.5677900697776854,-0.2595324163010324
14.287735800025985,0.8367872776403509,-0.35735865012451007,-0.4702679980127149,-0.2782711936518748
14.387574799999129,0.8600991272614404,-0.3449540010046758,-0.3748648299595718,-0.2973798526751259
14.487699299992528,0.8772072593170979,-0.33577696042559313,-0.2884143253901481,-0.3166810157163189
14.58769170002779,0.8917547573654074,-0.32184501626511997,-0.20245709617163232,-0.3361250222294567
14.721018599986564,0.9039741745379581,-0.30677249621099056,-0.09528102892692969,-0.3548063279351144
14.8876243000268,0.9118601437297116,-0.2847925380041459,0.039286508870950865,-0.37060531072502945
15.021053200005554,0.9124207491615817,-0.26348990632818564,0.1525579900846914,-0.37989599797017304
15.154156500007957,0.905036304054037,-0.24566054353623565,0.26990131023692854,-0.38183622019689245
15.254766800033394,0.8955117436729392,-0.22787020010540618,0.3655557524666433,-0.37793542323818147
15.354318600031547,0.8811558783285767,-0.20930771491426467,0.4663858359104105,-0.3698920792340342
15.45422429998871,0.8605542793164211,-0.19461515997443718,0.5700712007357982,-0.35893524130096577
15.55440850002924,0.8355727658185899,-0.1744010762737775,0.6820798334925513,-0.34571201128595236
15.654396100027952,0.8039238905704105,-0.15818314271837725,0.7975761619105919,-0.3308017734280855
15.754289600008633,0.7665577309847356,-0.14140062744490695,0.9196616358560616,-0.31533026082315196
15.85417890001554,0.7235429811070411,-0.12427061083269164,1.048977762388203,-0.29741177062723273
16.02104419999523,0.6409514210865757,-0.10016247901910164,1.2763026068420418,-0.2810536323479159
16.154372000019066,0.5673514295021329,-0.08468881434698472,1.3673202063920762,-0.26262673528424085
16.287532399990596,0.49430427397862786,-0.06812704999941332,1.1468883447099856,-0.24443715787339426
16.387648299976718,0.4424949505715814,-0.054010264092127835,0.9980732668239325,-0.2249934982725138
16.521104399987962,0.37652407218926154,-0.0346747498659189,0.8988102522863484,-0.2054745812092631
16.621002900006715,0.3257102460753458,-0.021750520402723073,0.9083209469271916,-0.18550582658996795
16.720974199997727,0.2722864125257729,-0.010788231578337859,0.9143364036879333,-0.16543553692185475
16.820950200024527,0.21836365381489298,-0.002285214274596936,0.8621888400946123,-0.14544766732873982
16.921001599985175,0.16658343626604744,0.005291786119210995,0.7673438337302176,-0.12554645810957654
17.02098010003101,0.11901393117749581,0.009297101721652212,0.6557848009926133,-0.10641629589470336
17.15419239999028,0.06491479880029871,0.011024284778601068,0.4989651192590845,-0.08906369660198699
17.28781509998953,0.02486861343523028,0.007243229134404228,0.3311022947436202,-0.07367819317334423
17.387542899989057,0.00553735524112664,0.0022667782226694078,0.2093619254313399,-0.06047904131193793
17.4879197999835,-0.005169052444712996,-0.0027426493585703815,0.10758109065293286,-0.04987229821502681
17.588529000000563,-0.00968009406590653,-0.006207019464449459,0.04080310469424564,-0.041277971284783166
17.68753029999789,-0.009951621427264357,-0.00804720436204942,-0.020280156617721534,-0.03450946288954493
17.787901200004853,-0.00679371214194191,-0.006887045290574045,-0.07733729817348944,-0.029248605384447512
17.88764730002731,-0.001888699341803246,-0.002403404501070572,-0.11550635357658567,-0.02550651270523796
17.987617600010708,0.002904584854785064,0.004510657343531399,-0.12899431558095253,-0.022831713557725286
18.08767470001476,0.006500740942275485,0.012257780893183412,-0.1200545853140329,-0.02094709426994723
18.187683399999514,0.008659939567936092,0.01915916418405894,-0.09540187148808821,-0.019761857437514907
18.321013299981132,0.009478946249346976,0.025197515565259954,-0.047105817031998676,-0.019322114265890256
18.42096890002722,0.008828701945525097,0.026656441620718452,-0.009539574957203811,-0.018238576619622138
18.521442500001285,0.007846160358706555,0.025701597768738038,0.02063457063414953,-0.016910578172122936
18.621343299979344,0.006609351498394922,0.022897040039196792,0.043587555177216686,-0.016139811528026682
18.72137390001444,0.005213939822018787,0.018762574116715447,0.05967927439877441,-0.01539567660014185
18.8222721000202,0.0037486021091153177,0.01374365696073232,0.06994295008953788,-0.014616409348598203
18.921212500019465,0.0021839839563755348,0.008211279725470755,0.07486355064345895,-0.013768395723582683
19.02127389999805,0.0006342867860604784,0.002534197025757745,0.07245630061355612,-0.013002440501963197
19.154759099998046,-0.0006979356909324608,-0.003767188132774768,0.037145477462661614,-0.012371712109269573
19.25502670003334,-0.000517409857576645,-0.005035027633312428,-0.015906480934428924,-0.01161380176169724
19.387986699992325,1.8848371539093023e-05,-0.0007253542933836066,-0.0794866330057058,-0.011422311793747864
19.488451300014276,-0.0005951482899027027,0.005709437845944354,-0.10235924747491199,-0.011239094330271038
19.62129310000455,-0.0026042662821703644,0.014889035435163844,-0.09387100080246746,-0.011135968839410704
19.721414700034074,-0.004068755924510725,0.0202996867267613,-0.06765420285976331,-0.011288611550531291
19.854720400006045,-0.004496413162033974,0.024153302564809964,-0.014564776794974144,-0.010931091604189258
19.954925700032618,-0.0032751487724080874,0.023600594235257066,0.031890893619671346,-0.010863179574158055
20.05466379999416,-0.0009483536055867603,0.02001149183893669,0.08101640283688027,-0.011111457443194306
20.187940999981947,0.001252662173773622,0.00832199375889986,0.17297632710844946,-0.012024428172784929
20.321268900006544,-0.0037652599638535733,-0.010892507029371945,0.2367342931351062,-0.013248308229412697
20.42138040001737,-0.010970812858717593,-0.024713030339355235,0.19893090979568662,-0.01482750601815197
20.521398500015493,-0.01721394107240748,-0.03357683336783257,0.1250134356580057,-0.016940926448349436
20.621321799990255,-0.02157004880319624,-0.03690094515410847,0.05255390022181228,-0.019058042690046295
20.754532799997833,-0.02506559286356813,-0.03390015936574997,-0.012922684446167398,-0.021465304728251033
20.854956700000912,-0.026482055804634363,-0.028655530540263152,-0.024001178707014237,-0.02324604503251959
20.954674899985548,-0.02745790587652186,-0.02350815606519374,-0.0139285188493945,-0.02427369357169218
21.054650000005495,-0.02798965446914492,-0.01936014261060648,-0.01104885959102253,-0.02560639669927256
21.155835499987006,-0.02730180831784157,-0.016022935536947003,-0.023710648028668846,-0.02570870114517143
21.255269500019494,-0.025105876586748455,-0.012700717446197274,-0.04308893371228795,-0.02583513487999667
21.355193900002632,-0.021398985445421292,-0.009500889366450549,-0.05617597771949612,-0.025759725240898645
21.488396300002933,-0.016189537836234003,-0.005293066924831891,-0.04221948002348386,-0.025542828564494413
21.588345199998002,-0.013575532008835989,-0.0032937841258671163,-0.019686399646221098,-0.0250328377017075
21.72186510002939,-0.011992588490326916,-0.0018335059489880123,-0.002395410066209358,-0.024476749351200366
21.855151800031308,-0.011218811587466515,-0.000982400339114342,-0.0002770791828394792,-0.023815522405953193
21.98828930000309,-0.0103057925899388,-0.00032671331565437,-0.004293408739246107,-0.023090011332432825
22.122138499980792,-0.008980515880754325,0.00018477032254793357,-0.008064636741982767,-0.02231353455605789
22.2552462000167,-0.007434499367109826,0.0005579740718930637,-0.00810310084666721,-0.02146917119260372
22.388462400005665,-0.0061244073944468624,0.0008428032243212868,-0.0017805783582574009,-0.02071696867635142
22.52193749998696,-0.005786265725824524,0.001291785222586661,0.015120371757877393,-0.020079464861035956
22.621832499979064,-0.006725173935962392,0.0020533000469562523,0.03335673878784906,-0.019504843583147635
22.721861099998932,-0.008551936208923916,0.003422971354018589,0.0437733109443732,-0.01913342093638637
22.821803800005,-0.010046955428350213,0.004861465432678624,0.032340919351795616,-0.019078316091732717
22.921858999994583,-0.010474104464285094,0.006125928025446203,0.0250580681395709,-0.019278413524861482
23.021881700027734,-0.010569985750443323,0.008004947653881267,0.041939291052504934,-0.019767554863737824
23.121779299981426,-0.011957989377278544,0.011940332835411738,0.0900233976699738,-0.02038256454979137
23.28831440000795,-0.016691305717220217,0.023739930093266803,0.10169501205547249,-0.02123399641460011
23.38859520002734,-0.01886799847291254,0.027220312794891566,0.03038519946974816,-0.021479425891020365
23.48860350000905,-0.0186427490699681,0.025899137595110755,-0.04075831884660719,-0.021574358987077713
23.62266200000886,-0.014067378734130997,0.01906812719155848,-0.10046821183689447,-0.02130218317215382
23.72174950002227,-0.008973712196442385,0.012576700360700244,-0.1019254993423444,-0.020686563202165886
23.821821000019554,-0.004689146393537236,0.006920168357060774,-0.08145454698005405,-0.019997705088536377
23.92181430000346,-0.0016463847196810377,0.00254514220561175,-0.05875235645817822,-0.01920000406684219
24.02180980000412,0.00030975570497560057,-0.0004971014494565829,-0.03749053184672846,-0.018365900707061122
24.121902399987448,0.0013874632206842819,-0.0023101367430351516,-0.01910924529957292,-0.017437876543047737
24.288472999993246,0.0016814815151260376,-0.002982052247717526,0.0070044319961302115,-0.01660873441387334
24.455082700005732,0.0005559644158088517,-0.001058629985388304,0.0280352499809311,-0.015830481677347907
24.621951100009028,-0.0013370633801947918,0.0027973166229071644,0.047970386171203305,-0.015126760729260114
24.755054600012954,-0.004027969917077989,0.009448716719445471,0.10226877763833064,-0.014741068374860555
24.9216837999993,-0.010997441059688029,0.03126740259553573,0.24917063249018678,-0.01550275130806611
25.08846400002949,-0.020617218964594564,0.0734909495420144,0.4264239603477735,-0.017687963809467577
25.222039200016297,-0.02831629713125494,0.12121596711380267,0.5465590220600682,-0.021029485417855653
25.3550376999774,-0.03394183720007238,0.17550200800661475,0.6010733412779397,-0.02647633431392038
25.488489600014873,-0.03302203220172739,0.2297416619431738,0.5847336321951073,-0.03494191863641749
25.655247399990913,-0.023099036703130515,0.29338204096643317,0.5748787450611874,-0.04594473212935324
25.78853550000349,-0.00926951677756449,0.34792563356413453,0.7091642691314162,-0.059607291533465445
25.922108999977354,0.005513271408578824,0.415495817273257,0.977750254497904,-0.07565037128840724
26.055210400023498,0.017801212587883697,0.49375734113196046,1.228050135964538,-0.09002063575615527
26.155238899984397,0.02474638420362485,0.5573431273512446,1.2981736208589778,-0.09788850593283194
26.255161400011275,0.034991056605363724,0.6163581612392388,1.1429232416031123,-0.10916284516522168
26.354998900031205,0.05009754846721126,0.6689907440334251,0.9939786296654356,-0.12258071905934143
26.45512639998924,0.06429534574888329,0.7148978277401019,0.852482296464145,-0.13767820216186688
26.55516250000801,0.07702750361685506,0.7537691796450705,0.7149084321507613,-0.1538474882846348
26.655020700010937,0.08869789768290826,0.7853472680522566,0.577409606793212,-0.17103347244356337
26.755183500004932,0.09269624663753895,0.8102300370616335,0.4377436659816225,-0.18885732707212288
26.855103600013535,0.08688029832946587,0.8284778293594632,0.29200423316761004,-0.20711036555587248
26.95512860000599,0.06954081766436548,0.8398341858378098,0.13959931841245643,-0.22584609500340125
27.05501260003075,0.04671791927937097,0.8434545220574741,-0.014174789745463823,-0.24373596507505735
27.155151900020428,0.027218908750486825,0.8389155415123142,-0.16505681869658417,-0.256627088458786
27.255067299993243,0.013512345991800956,0.8262477463850981,-0.31372263942365874,-0.2624744219002212
27.35517960001016,0.003974662702568743,0.8054921860476538,-0.4613694244744857,-0.26190457460740313
27.45514680002816,0.0003181464576416104,0.7767583852324069,-0.6081263888980848,-0.25658695856823976
27.555212699982803,-2.5757174171303632e-14,0.7402591705322266,-0.755916953086853,-0.24758756373904056
27.655876700009685,8.881784197001252e-16,0.696242332458497,-0.9084251523017883,-0.2358272609925235
27.75529960001586,-8.881784197001252e-14,0.6451511383056654,-1.066167950630188,-0.22200588395130094
27.85518359998241,4.085620730620576e-14,0.5880413055419913,-1.192986011505127,-0.2065240198210735
27.955216200032737,0.0,0.5278749465942383,-1.194161295890808,-0.18974705313654927
28.05513079999946,3.197442310920451e-14,0.4683809280395499,-1.0743240118026733,-0.17234617826813847
28.155138200032525,1.4210854715202004e-14,0.41127634048462003,-0.9620984196662903,-0.1543414720415337
28.25602390000131,2.3092638912203256e-14,0.355308532714842,-0.9091324210166931,-0.13558360647073864
28.388398399984,0.0,0.28073787689208984,-0.8736429214477539,-0.11693733287757291
28.488842400023714,-7.993605777301127e-15,0.22518348693847656,-0.8261898159980774,-0.09787731499704877
28.588502700033132,0.0,0.17214584350585982,-0.7458422183990479,-0.0793147025203379
28.722149199980777,-8.881784197001252e-15,0.10870885848999023,-0.6195640563964844,-0.06303825338513735
28.855281100026332,-2.6645352591003757e-15,0.05588150024413974,-0.4854649603366852,-0.04919900207316774
28.95509130001301,0.0,0.02440929412841708,-0.3811608552932739,-0.03773607955105296
29.05507659999421,1.7763568394002505e-15,0.0004749298095707566,-0.27832114696502686,-0.02891763086487653
29.188566500029992,-8.881784197001252e-16,-0.019710779190063477,-0.14601804316043854,-0.02278412593266066
29.321890900027938,-1.7763568394002505e-15,-0.026057720184326172,-0.006949020549654961,-0.020233288538637706
29.4550581999938,-1.7763568394002505e-15,-0.016613960266112837,0.16154755651950836,-0.023010668812845414
29.58851109998068,-1.7763568394002505e-15,0.01113271713256836,0.37284132838249207,-0.030188579950214733
29.75528729998041,-2.6645352591003757e-15,0.07416534423828125,0.6847217082977295,-0.041448833766746795
29.888559199986048,0.0,0.14264965057373047,0.926897406578064,-0.05420563177305304
30.021927500027232,0.0,0.22145366668701172,1.1620913743972778,-0.06876066472502129
30.12181610002881,1.7763568394002505e-15,0.285097599029541,1.336303472518921,-0.08115189823668967
30.25522789999377,8.881784197001252e-16,0.3742561340332031,1.4565174579620361,-0.08800612656646656
30.355084699986037,1.7763568394002505e-15,0.4377102851867676,1.285793662071228,-0.09886474845347537
30.45523449999746,-8.881784197001252e-16,0.4959878921508789,1.1203079223632812,-0.11202156597892421
30.588575900008436,-8.881784197001252e-16,0.564122200012207,0.9060589075088501,-0.12681389718379932
30.72199669998372,-5.600823987617076e-05,0.6195130054864562,0.6987819144891732,-0.1428565040901303
30.82178430003114,-0.002038324551416615,0.6516901193144076,0.5461863627032963,-0.15988406783116804
30.921939600026235,-0.006702724758440581,0.6754642199426515,0.3934122829410214,-0.1775793118682294
31.021939099999145,-0.01591652698287227,0.690723892574522,0.2409339451308541,-0.1958877575451894
31.121669800020754,-0.02703845823490436,0.6977176670741443,0.0904760256021584,-0.21387770496064828
31.221835399977863,-0.03844646481044833,0.6968591829339159,-0.058320945457690065,-0.22935913654907647
31.32216929999413,-0.04874934759720251,0.68823333322928,-0.20762589001556142,-0.23935151194368776
31.421998900012113,-0.05684467312416963,0.6715383059963163,-0.3592245179557909,-0.24243959741749987
31.52250770002138,-0.06034571814546741,0.646672812320154,-0.5129947232993564,-0.23994425144792952
31.621937300020363,-0.06149961586493369,0.613432705578707,-0.6693898898880004,-0.23286142965248202
31.721820699982345,-0.06021671362720582,0.5720388225825355,-0.8286184881997167,-0.22278356114232833
31.855346800002735,-0.054342708536900375,0.5057064009455194,-1.044303937345144,-0.21093600626729592
31.988576100033242,-0.04662963787791519,0.4290401136307125,-1.201492667222556,-0.19668650547634958
32.121859000006225,-0.03809479101560598,0.34980511096563394,-1.1217902595458265,-0.1808220296402433
32.25518869998632,-0.02966096581577382,0.27651234913171585,-0.8909788872603079,-0.16465634147166475
32.35513689997606,-0.023516941566056104,0.2279418846576693,-0.7493868972252944,-0.1465667791327404
32.455048999981955,-0.017640223567694235,0.18282209457969234,-0.6728801705845706,-0.12784724530952007
32.55516709998483,-0.012184515153913722,0.13990450799306675,-0.617568221540381,-0.10992986847595498
32.655198300024495,-0.007000080716455415,0.09986166284122522,-0.5525722695838304,-0.09364336844138321
32.75519739999436,-0.0030529445909905917,0.06404021891395573,-0.4713486119276187,-0.07898996024784044
32.855067100026645,-0.0006560252868546002,0.03374507026671569,-0.37899716220060986,-0.0666790433061365
32.955138400022406,0.00024260040514256787,0.009882370415072117,-0.2817444174449113,-0.056267321903752276
33.05554560001474,-0.0005552518434406295,-0.007062344240979179,-0.18370021799183212,-0.047621299614336254
33.1552521000267,-0.002632109685059447,-0.016823605454403534,-0.08747824016809425,-0.040543768911752154
33.2551792000304,-0.004803309700301739,-0.019588507729755733,0.0019368080547113031,-0.034951318667851616
33.35521760000847,-0.0057532350346338745,-0.01644652418408654,0.07063700981381915,-0.03041178286766555
33.455107300018426,-0.004486241862011298,-0.010483858654568579,0.09127150324048605,-0.026742904917334775
33.55521860002773,-0.0024697408138560917,-0.0049006150369712564,0.0851453416624075,-0.024318429107290762
33.65511629998218,-0.00014931322778721778,-0.00023939423507046698,0.08264606471915403,-0.02285222272548104
33.75526020000689,0.0032963324774701874,0.004015704823570054,0.1018211315756603,-0.02234529843539812
33.85507360001793,0.010078629115120918,0.00876901174291378,0.15663600076249917,-0.022458186011905634
33.95513640000718,0.022373147359248335,0.013803755128916517,0.2170944085278319,-0.022924101102185124
34.05501270003151,0.036831600053293556,0.019225497260919155,0.20031809149123747,-0.023322745481867968
34.155098300019745,0.043225406848044656,0.027301491470939077,0.057712580720751916,-0.02349629171370826
34.25517200003378,0.03675707914324455,0.03117486560710203,-0.11366987298248121,-0.023670273353655458
34.35521260002861,0.02569829202863083,0.02539517783567158,-0.18592231518016256,-0.023872538152917122
34.45518809999339,0.01598084424675328,0.016631172271966754,-0.1733770904564249,-0.02429544641732917
34.55522079998627,0.006514045413688052,0.007853476506608725,-0.18939163564086003,-0.023452118376475428
34.65513219998684,-0.0022717913052829886,-0.003204617071348448,-0.20319750763193722,-0.02351423570511657
34.788815399981104,-0.01217467325510313,-0.01835405879926766,-0.16008418189893137,-0.0235114816221611
34.88883090001764,-0.0183554386898912,-0.02453869692603794,-0.07370130059755997,-0.02321159635835157
34.988815299991984,-0.02243629280225079,-0.022972813551164428,0.039833297382538824,-0.023177139371661992
35.08895810000831,-0.02012059618579265,-0.01554154688038345,0.1448601733217023,-0.023334548145241163
35.18882859998848,-0.011154199162769274,-0.006409874608331645,0.20235825372108707,-0.023883101349662206
35.32227810000768,0.005604574124602024,0.002347127103926816,0.19334766554677962,-0.025382383246517093
35.45536959997844,0.020730000006663474,0.005854413955849402,0.16203882051424578,-0.02664697671326255
35.588739000028,0.03403517811420187,0.0042012306183250026,0.13359224663924518,-0.028390846707416872
35.7221238000202,0.0427927134956434,0.0001951749223487731,0.07667899460349137,-0.030277049882762253
35.85586270003114,0.044644616172426765,-0.003151132734286577,0.0011481503415735617,-0.031772841689806985
35.95534220000263,0.0415491094268976,-0.004464874537655206,-0.04711166482407014,-0.0321601244314651
36.05536190001294,0.03605626753422975,-0.004555428334894973,-0.07786261089996138,-0.03211219516745689
36.155365800019354,0.029186574898405482,-0.0037707574291725443,-0.09604422972436133,-0.031608566686002426
36.25579500000458,0.021670813410052503,-0.0025690351255955868,-0.10468854095762836,-0.030759589523525532
36.3553857000079,0.013989573329377336,-0.001334092459710945,-0.10715330466900852,-0.02992853068734147
36.45534220000263,0.006393567262335864,-0.00037705894229045356,-0.10596618491880427,-0.02886187916059535
36.55547590000788,-0.0009170594052374526,2.4066358418117773e-05,-0.09997958700919618,-0.027912628237203863
36.65550009999424,-0.00738413979302166,2.6028668038247105e-05,-0.0821554767423418,-0.026940206325403393
36.755549900000915,-0.011802673339840197,0.0,-0.04641787608596282,-0.025938909011335998
36.855492100003175,-0.01363277435302912,6.661338147750939e-16,-0.01419012149306731,-0.024916119761650868
36.988823399995454,-0.012981414794925428,3.1086244689504383e-15,0.014061764874730542,-0.02394893333028114
37.122298799979035,-0.011913299560545099,-1.5543122344752192e-15,-0.006989165148462817,-0.02398083126677819
37.255495199991856,-0.01909065246582209,-2.220446049250313e-15,-0.12177757819625334,-0.026927445908308534
37.38884239998879,-0.04088401794433416,0.0,-0.2916826446864267,-0.03392506090405778
37.55549420003081,-0.09044647216796875,0.0,-0.5357426842066904,-0.04391245488416118
37.75553470000159,-0.18420886993408203,-2.220446049250313e-16,-0.8987564285609384,-0.05800251435354675
38.02219350001542,-0.3477802276611328,4.440892098500626e-16,-1.3693942268702646,-0.07549233332787064
38.155521099979524,-0.43426990509033203,7.793765632868599e-14,-1.485744877657618,-0.089242820977951
38.255489800008945,-0.49601173400878906,-8.926193117986259e-14,-1.3208171566340585,-0.10533533357859937
38.3555354999844,-0.5531225204467773,4.440892098500626e-16,-1.161127014956202,-0.12237372312585781
38.45545020001009,-0.6044902801513672,-6.661338147750939e-16,-1.0066718300196786,-0.1401550913216668
38.55539140000474,-0.6493549346923828,-6.661338147750939e-16,-0.8574539860102792,-0.15835989738481637
38.65545999997994,-0.6872739791870117,-1.1102230246251565e-15,-0.7134708603236337,-0.17689608442296856
38.7889157999889,-0.7270975112915039,1.2789769243681803e-13,-0.5278937061640878,-0.19581044623956256
38.888826599984895,-0.7487535476684535,1.1102230246251565e-16,-0.3943815668437143,-0.21505380860791856
38.988672100007534,-0.7636394500732457,1.3444800828210646e-13,-0.26610807975264983,-0.23442578365567213
39.08877740002936,-0.7722501754760724,2.73225886360251e-13,-0.142707153162684,-0.2536110283391544
39.1888001000043,-0.7751188278198278,-7.771561172376096e-16,-0.022273107371058032,-0.27090188698530804
39.28907599998638,-0.7724246978759766,1.3777867735598193e-13,0.09869213501480623,-0.28319769898107067
39.388830000010785,-0.7638282775878924,-1.3589129821411916e-13,0.22327382961777253,-0.2891396865071495
39.4887819000287,-0.7487163543701154,-8.881784197001252e-16,0.3531128923085074,-0.288583588809724
39.5887940999819,-0.7266111373901349,-1.2922996006636822e-13,0.4881642619755606,-0.2831145673220543
39.68892009998672,-0.6971902847290057,-1.2567724638756772e-13,0.628452674546514,-0.27408188955382895
39.822405599989,-0.6469316482543981,3.453903829608862e-13,0.8219024101879935,-0.2630090009034015
39.95557510002982,-0.5850286483764631,-2.4424906541753444e-15,1.0081808725979666,-0.24973606587864283
40.08939049998298,-0.5152320861816406,-9.353628982466944e-14,1.0668115774777274,-0.23437738655941665
40.25550790003035,-0.43537044525146484,-7.849276784099857e-14,0.8006396452572684,-0.21991791594387589
40.388876000011805,-0.3850107192993164,-3.164135620181696e-15,0.5872081677105765,-0.20846663638361584
40.522177600010764,-0.34979820251464844,-2.220446049250313e-16,0.3775933543827872,-0.20229972022271914
40.656006500008516,-0.3306083679199219,-1.1379786002407855e-15,0.17496247688797517,-0.20274861993042415
40.788796600012574,-0.32668209075927734,1.3739009929736312e-15,-0.020742460093226,-0.20805389525865592
40.88880070002051,-0.3331298828125,-9.71445146547012e-17,-0.16529945929976897,-0.21365999718589368
41.022508200025186,-0.3548297882080078,1.7763568394002505e-15,-0.36444167693587737,-0.21367706208141113
41.15551549999509,-0.38982582092285334,7.030487303438804e-14,-0.4672800739619394,-0.20992298737528492
41.25543150003068,-0.4103507995605433,-1.4666046155298318e-13,-0.31759409507247405,-0.21030538712678515
41.38969240000006,-0.42480087280273615,1.512956426807932e-13,-0.12308494647475676,-0.21453320165767586
41.489016700012144,-0.42626762390136896,-7.582823258189819e-14,0.02172120014694734,-0.21846300388100992
41.622608400008176,-0.41561698913573863,-1.4832579608992091e-13,0.21679480473068757,-0.22002529543462035
41.75574090000009,-0.3903245925903338,-6.827871601444713e-14,0.4079311648991446,-0.2183621475928108
41.88894099998288,-0.3536796569824219,-1.8318679906315083e-15,0.4843896190312247,-0.21349132065001808
42.02242960000876,-0.32651805877685725,5.762057497804562e-14,0.280588106313024,-0.21029175582640558
42.190015300002415,-0.31409168243408203,1.1102230246251565e-15,0.03412707249191804,-0.21304132868526682
42.32234630000312,-0.3202047348022461,-8.881784197001252e-16,-0.15571240981551604,-0.21977994301667136
42.455697100027464,-0.33931446075439453,2.220446049250313e-16,-0.34206144412490325,-0.22741862883711117
42.62283090001438,-0.38231754302978516,1.7763568394002505e-15,-0.5832866867396493,-0.2287399463605816
42.72221620002529,-0.41634082794189453,1.3322676295501878e-15,-0.6346720894190927,-0.22661591851157958
42.82256459997734,-0.4441976547241211,-1.4432899320127035e-15,-0.49272839625808196,-0.23092006159178358
42.92228110000724,-0.46460218977963486,-0.00023251571717031183,-0.35681823885263153,-0.23747540341744844
43.0225524000125,-0.4781333189542618,-0.003871958884784421,-0.2318122362206747,-0.2478620853935285
43.1225615000003,-0.48551329388283726,-0.009299997519776948,-0.11417359942672478,-0.25732616423265575
43.22258930001408,-0.4870182866853092,-0.017221060472564664,0.0009373500947451596,-0.2649145090069457
43.322597399994265,-0.4826237702937384,-0.02509589262152101,0.11655012771709394,-0.2683681316759571
43.42230249999557,-0.4719893374491395,-0.03166260040054758,0.2357257077278092,-0.267343943245692
43.52239210001426,-0.45442110411388903,-0.038127915999597306,0.3618825584377596,-0.26166768195331025
43.622410300013144,-0.4296930588738075,-0.04061905856749126,0.4957821826603981,-0.2524687219002807
43.722579499997664,-0.3972166546339544,-0.04088625441820448,0.6396570290572914,-0.24045153067606895
43.82272160000866,-0.3569335166868175,-0.037472141178874985,0.793968020490273,-0.226545796375775
43.922368600033224,-0.30934602498729546,-0.031682949275104066,0.9131161271131951,-0.21088117058071798
44.02230549999513,-0.2589701761922605,-0.024606654626372793,0.9061660661815631,-0.19412142810047195
44.12255259999074,-0.21053224097081014,-0.016620613613071544,0.8068581409156743,-0.17702317952986302
44.22271290002391,-0.1663474177742703,-0.00835235187243577,0.694972934478367,-0.16035780265560018
44.32266130001517,-0.12664721278676971,-0.001591054677533954,0.6000220346568064,-0.14508938103925062
44.42260260001058,-0.09123443787213681,0.002903939188828586,0.5187235074127732,-0.13175105165124545
44.52251799998339,-0.06016926829488334,0.005324953851610914,0.442559062234706,-0.12037954535947426
44.62272669997765,-0.03395826704678662,0.004674906888996633,0.3649040621852393,-0.11076688626903064
44.72275469999295,-0.013039139566066282,0.0024882916803270483,0.2842763957223733,-0.10291841678584246
44.822596699988935,0.0021972789659852054,-0.0005017993149079025,0.20028336916420209,-0.0966247274860429
44.955746299994644,0.013621653194766381,-0.0038177125033613812,0.09574582326778236,-0.09108303638473025
45.05592870002147,0.016739290920879668,-0.00551276270813883,0.03974944815431636,-0.08571796597532533
45.155746300006285,0.016991404301156976,-0.006321675002874727,0.003284873465268845,-0.08090677719744876
45.255857400014065,0.015474724185128963,-0.006385201300423304,-0.01951304501791462,-0.07637232250651671
45.35563230002299,0.013023110155593542,-0.005857155245252432,-0.03183038691326612,-0.07198984363956296
45.45576360000996,0.0102399030817093,-0.004946011110703363,-0.036170886677497904,-0.06793899223461497
45.555710799992085,0.007539214323744048,-0.003863898074990324,-0.03488225258302835,-0.06381668416053576
45.65607760002604,0.005174473490734854,-0.002787090750233201,-0.030108850163358625,-0.060048668457062915
45.755912800028455,0.0032679485173687794,-0.001836320114178669,-0.023649704988966125,-0.05637273461806336
45.85576270002639,0.0018457881399935872,-0.0010761917464430226,-0.016895987855898742,-0.05296687832923652
45.955643700028304,0.0008614311302377331,-0.0005192536282576654,-0.010762455763360101,-0.04977965255949235
46.055691400018986,0.00023696852975874094,-0.00014814765321036205,-0.005496624405341599,-0.046708910466015996
46.15572029998293,-6.450942254510039e-05,4.1830452115476646e-05,-0.00016548818140416088,-0.043847061042539326
46.25569279998308,2.3308218244366685e-05,-1.5716861370584922e-05,0.007570301450885886,-0.04118646851779639
46.35560210002586,0.0007351464381653017,-0.0005210948912073299,0.020362165421261125,-0.03869198035534904
46.45575949997874,0.002229058875592216,-0.001639959480190356,0.027986915963171377,-0.03631292041670664
46.55584769998677,0.003385565766475196,-0.0024433413584019625,0.008256049501409901,-0.03412446280654968
46.65563569997903,0.0026419936566188795,-0.0018064563534192501,-0.03211136876072196,-0.03204891560612044
46.75590689998353,-0.0009835399824194013,0.0006518325932831637,-0.07232639365485971,-0.030201310257437552
46.85571069997968,-0.005715013620630316,0.004261720174202566,-0.05756829756723336,-0.028732422518257472
46.956405200005975,-0.0062983247575623125,0.006326369821234135,0.035667828246838784,-0.02758627386659762
47.055691400018986,-0.0022175822566055103,0.003046920752981741,0.114172416726809,-0.027009828700769956
47.155732100014575,0.002377261678274678,-0.004111257579509697,0.1309984277398617,-0.02662186118746679
47.25587950000772,0.005478893807687513,-0.011366690957472336,0.10579997922548223,-0.02681918988156473
47.355891400016844,0.006554869933131258,-0.01645608556989142,0.06603257141351193,-0.0272141242764653
47.45569530001376,0.005558689210223733,-0.020813933260511952,0.07957772233211857,-0.027823893163791524
47.5556202000007,0.003604435046995036,-0.026387969555309976,0.08659511257595476,-0.028523220144656247
47.655745600000955,0.001999847404384525,-0.031096800115179235,0.06341169813959269,-0.02889300113087878
47.755546600033995,0.00040184484324434777,-0.03340675067154608,0.025605421242384185,-0.029238129661165346
47.85569840000244,-0.0006586978576290647,-0.03291463644693016,-0.012826855276141469,-0.029044511952124652
47.95561429997906,-0.001329090350056461,-0.02995235676961716,-0.043943809833076664,-0.02869298606332571
48.055621000006795,-0.0015913396733537866,-0.02525224071105381,-0.06423278027226464,-0.027996665964807765
48.1562513000099,-0.0015202172423478544,-0.01965117763312696,-0.0732637188915457,-0.02693562404880534
48.25565649999771,-0.0012306245364701596,-0.013921703983364342,-0.07261879147156014,-0.025944348912293802
48.35563960002037,-0.0008376491180079881,-0.008652585847615857,-0.0653523829187197,-0.025449795553298404
48.45568850002019,-0.0004328201529713027,-0.004159644181448208,-0.055323699705351004,-0.02638055337606704
48.555837300023995,-5.4094854601061115e-05,-0.0004962680987286028,-0.04584777775162063,-0.029734664600052252
