t,solve_time,solver_success,solver_status
0.05356000000028871,0.010930799995549023,1,LOCALLY_OPTIMAL
0.12391150000621565,0.007669799990253523,1,LOCALLY_OPTIMAL
0.19361529999878258,0.006248899997444823,1,LOCALLY_OPTIMAL
0.26389810000546277,0.00769689999287948,1,LOCALLY_OPTIMAL
0.3336231999855954,0.006909399991855025,1,LOCALLY_OPTIMAL
0.4038847000047099,0.012495000002672896,1,LOCALLY_OPTIMAL
0.47385740000754595,0.0074724000005517155,1,LOCALLY_OPTIMAL
0.543890700006159,0.007065999991027638,1,LOCALLY_OPTIMAL
0.613508999987971,0.007218999991891906,1,LOCALLY_OPTIMAL
0.6836772999959067,0.007196999998996034,1,LOCALLY_OPTIMAL
0.7536859000101686,0.0066436000051908195,1,LOCALLY_OPTIMAL
0.8237719000026118,0.007260800019139424,1,LOCALLY_OPTIMAL
0.8940779000113253,0.006762200006050989,1,LOCALLY_OPTIMAL
0.9638575999997556,0.007827499997802079,1,LOCALLY_OPTIMAL
1.033870699990075,0.007026299979770556,1,LOCALLY_OPTIMAL
1.1037293999979738,0.006599199987249449,1,LOCALLY_OPTIMAL
1.1737156999879517,0.006410399975720793,1,LOCALLY_OPTIMAL
1.2439212999888696,0.007124400028260425,1,LOCALLY_OPTIMAL
1.313713799987454,0.006754200003342703,1,LOCALLY_OPTIMAL
1.3837960000091698,0.006461700017098337,1,LOCALLY_OPTIMAL
1.4538135000038892,0.0067832000204361975,1,LOCALLY_OPTIMAL
1.5236381999857258,0.006978900026297197,1,LOCALLY_OPTIMAL
1.5936030999873765,0.00681839999742806,1,LOCALLY_OPTIMAL
1.6636706999852322,0.007779599982313812,1,LOCALLY_OPTIMAL
1.7337544999900274,0.007714000006671995,1,LOCALLY_OPTIMAL
1.8040810000093188,0.007242499996209517,1,LOCALLY_OPTIMAL
1.8738710999896284,0.008065000001806766,1,LOCALLY_OPTIMAL
1.943798499996774,0.007393399981083348,1,LOCALLY_OPTIMAL
2.0139331000100356,0.007551599992439151,1,LOCALLY_OPTIMAL
2.083891299989773,0.009836900018854067,1,LOCALLY_OPTIMAL
2.1537884999997914,0.007081499992636964,1,LOCALLY_OPTIMAL
2.2237681999977212,0.006991300004301593,1,LOCALLY_OPTIMAL
2.293799700011732,0.0077705000003334135,1,LOCALLY_OPTIMAL
2.3637884999916423,0.006598400010261685,1,LOCALLY_OPTIMAL
2.43360349998693,0.0077504000219050795,1,LOCALLY_OPTIMAL
2.504024499998195,0.015649400011170655,1,LOCALLY_OPTIMAL
2.5740255000127945,0.0085638000164181,1,LOCALLY_OPTIMAL
2.6435333999979775,0.0072057999786920846,1,LOCALLY_OPTIMAL
2.7138159000023734,0.006635800004005432,1,LOCALLY_OPTIMAL
2.7835901000071317,0.006834500003606081,1,LOCALLY_OPTIMAL
2.8536311000061687,0.007131299993488938,1,LOCALLY_OPTIMAL
2.923924900009297,0.007830100017599761,1,LOCALLY_OPTIMAL
2.9936843999894336,0.006231300008948892,1,LOCALLY_OPTIMAL
3.063532700005453,0.009151100006420165,1,LOCALLY_OPTIMAL
3.13365169998724,0.011866899993037805,1,LOCALLY_OPTIMAL
3.2038073999865446,0.008136099990224466,1,LOCALLY_OPTIMAL
3.2735362999956124,0.009833799995249137,1,LOCALLY_OPTIMAL
3.343580699991435,0.009193900012178347,1,LOCALLY_OPTIMAL
3.4136859999853186,0.00662269999156706,1,LOCALLY_OPTIMAL
3.483883100008825,0.007055499998386949,1,LOCALLY_OPTIMAL
3.553667600004701,0.006653200020082295,1,LOCALLY_OPTIMAL
3.623863299988443,0.006779100018320605,1,LOCALLY_OPTIMAL
3.6942127000074834,0.006702400016365573,1,LOCALLY_OPTIMAL
3.7635091000120156,0.006386199995176867,1,LOCALLY_OPTIMAL
3.833689499995671,0.006150999979581684,1,LOCALLY_OPTIMAL
3.9034784999967087,0.005983100010780618,1,LOCALLY_OPTIMAL
3.973931199987419,0.00610570001299493,1,LOCALLY_OPTIMAL
4.043668900005287,0.006084400025429204,1,LOCALLY_OPTIMAL
4.113761399989016,0.005512000003363937,1,LOCALLY_OPTIMAL
4.183515399985481,0.006030599994119257,1,LOCALLY_OPTIMAL
4.253482400003122,0.006205099984072149,1,LOCALLY_OPTIMAL
4.323837900010403,0.006243700016057119,1,LOCALLY_OPTIMAL
4.393765999993775,0.006236999994143844,1,LOCALLY_OPTIMAL
4.463741099985782,0.006555199972353876,1,LOCALLY_OPTIMAL
4.533849700004794,0.011275700002443045,1,LOCALLY_OPTIMAL
4.603770799993072,0.006180099997436628,1,LOCALLY_OPTIMAL
4.673955600010231,0.007063700002618134,1,LOCALLY_OPTIMAL
4.744126000005053,0.0061898000130895525,1,LOCALLY_OPTIMAL
4.813931799988495,0.005711299978429452,1,LOCALLY_OPTIMAL
4.883685800014064,0.00572190000093542,1,LOCALLY_OPTIMAL
4.954304699989734,0.006892699981108308,1,LOCALLY_OPTIMAL
5.023828500008676,0.005887800012715161,1,LOCALLY_OPTIMAL
5.093790499988245,0.00596939999377355,1,LOCALLY_OPTIMAL
5.163705999992089,0.00875330000417307,1,LOCALLY_OPTIMAL
5.233616699988488,0.010843600000953302,1,LOCALLY_OPTIMAL
5.303601499996148,0.006569699995452538,1,LOCALLY_OPTIMAL
5.373765900003491,0.007286699983524159,1,LOCALLY_OPTIMAL
5.443763099989155,0.006908599985763431,1,LOCALLY_OPTIMAL
5.5140566999907605,0.005369199992856011,1,LOCALLY_OPTIMAL
5.583555199991679,0.005720099987229332,1,LOCALLY_OPTIMAL
5.653667000005953,0.008694999996805564,1,LOCALLY_OPTIMAL
5.723921900003916,0.00578860001405701,1,LOCALLY_OPTIMAL
5.793843299994478,0.005543500010389835,1,LOCALLY_OPTIMAL
5.863843900006032,0.005969999998342246,1,LOCALLY_OPTIMAL
5.93372349999845,0.005923999997321516,1,LOCALLY_OPTIMAL
6.003735400008736,0.006446899991715327,1,LOCALLY_OPTIMAL
6.073608700011391,0.005874700000276789,1,LOCALLY_OPTIMAL
6.144051100010984,0.005937700014328584,1,LOCALLY_OPTIMAL
6.21376230000169,0.005304299993440509,1,LOCALLY_OPTIMAL
6.284094400005415,0.005849799985298887,1,LOCALLY_OPTIMAL
6.353968999988865,0.005787000001873821,1,LOCALLY_OPTIMAL
6.423576700006379,0.005775199999334291,1,LOCALLY_OPTIMAL
6.493642799992813,0.0061166000086814165,1,LOCALLY_OPTIMAL
6.563909699994838,0.006387700006598607,1,LOCALLY_OPTIMAL
6.6335102999873925,0.006028699979651719,1,LOCALLY_OPTIMAL
6.7040324000117835,0.005781000014394522,1,LOCALLY_OPTIMAL
6.774069200007943,0.006083899992518127,1,LOCALLY_OPTIMAL
6.843882799992571,0.006627499999012798,1,LOCALLY_OPTIMAL
6.913645099994028,0.006724700011545792,1,LOCALLY_OPTIMAL
6.9838288000028115,0.005973000021185726,1,LOCALLY_OPTIMAL
7.053906799992546,0.006029100011801347,1,LOCALLY_OPTIMAL
7.123747600009665,0.004958399978931993,1,LOCALLY_OPTIMAL
7.194098500011023,0.005479400017065927,1,LOCALLY_OPTIMAL
7.263526900002034,0.006161800003610551,1,LOCALLY_OPTIMAL
7.333815699996194,0.006375899974955246,1,LOCALLY_OPTIMAL
7.403813499986427,0.006108299974584952,1,LOCALLY_OPTIMAL
7.4735966000007465,0.005919399991398677,1,LOCALLY_OPTIMAL
7.543491099990206,0.006061699998099357,1,LOCALLY_OPTIMAL
7.613959500013152,0.004836299980524927,1,LOCALLY_OPTIMAL
7.68375249998644,0.005261000012978911,1,LOCALLY_OPTIMAL
7.753940299997339,0.005006199993658811,1,LOCALLY_OPTIMAL
7.823798099998385,0.0054395000042859465,1,LOCALLY_OPTIMAL
7.894025899993721,0.005028400017181411,1,LOCALLY_OPTIMAL
7.963903800002299,0.0051470999896992,1,LOCALLY_OPTIMAL
8.033770799986087,0.00601240000105463,1,LOCALLY_OPTIMAL
8.103937700012466,0.004651700000977144,1,LOCALLY_OPTIMAL
8.173613099992508,0.005122999980812892,1,LOCALLY_OPTIMAL
8.243484800012084,0.0061301999958232045,1,LOCALLY_OPTIMAL
8.313849500002107,0.004821000009542331,1,LOCALLY_OPTIMAL
8.383630399999674,0.005298399977618828,1,LOCALLY_OPTIMAL
8.453951200004667,0.004976800002623349,1,LOCALLY_OPTIMAL
8.52348790000542,0.005472299992106855,1,LOCALLY_OPTIMAL
8.59368550000363,0.005242300016107038,1,LOCALLY_OPTIMAL
8.663661800004775,0.004839399975026026,1,LOCALLY_OPTIMAL
8.73411920000217,0.005799100006697699,1,LOCALLY_OPTIMAL
8.80401660001371,0.013300799997523427,1,LOCALLY_OPTIMAL
8.874016999994637,0.005230199982179329,1,LOCALLY_OPTIMAL
8.943801399989752,0.005249800015008077,1,LOCALLY_OPTIMAL
9.014128999988316,0.004775500012328848,1,LOCALLY_OPTIMAL
9.083647499996005,0.006851899990579113,1,LOCALLY_OPTIMAL
9.153700700000627,0.0049122000054921955,1,LOCALLY_OPTIMAL
9.223938100010855,0.006030299991834909,1,LOCALLY_OPTIMAL
9.293633799999952,0.005032200017012656,1,LOCALLY_OPTIMAL
9.363718700013123,0.007567900000140071,1,LOCALLY_OPTIMAL
9.433439499989618,0.005333400011295453,1,LOCALLY_OPTIMAL
9.504102100007003,0.005345200013834983,1,LOCALLY_OPTIMAL
9.573698899999727,0.005616999987978488,1,LOCALLY_OPTIMAL
9.64376129998709,0.0056899999908637255,1,LOCALLY_OPTIMAL
9.713917599990964,0.005340200004866347,1,LOCALLY_OPTIMAL
9.783896300010383,0.006288800010224804,1,LOCALLY_OPTIMAL
9.853661700006342,0.005434799997601658,1,LOCALLY_OPTIMAL
9.92365479998989,0.006057399994460866,1,LOCALLY_OPTIMAL
9.993835300003411,0.005180399981327355,1,LOCALLY_OPTIMAL
10.063653699995484,0.00823930001934059,1,LOCALLY_OPTIMAL
10.133806199999526,0.005620100011583418,1,LOCALLY_OPTIMAL
10.203637500002515,0.005705900024622679,1,LOCALLY_OPTIMAL
10.273499500006437,0.00583160002133809,1,LOCALLY_OPTIMAL
10.34373079999932,0.00614119999227114,1,LOCALLY_OPTIMAL
10.413553199992748,0.005916599999181926,1,LOCALLY_OPTIMAL
10.483801800000947,0.006205799989402294,1,LOCALLY_OPTIMAL
10.553791999991518,0.00626419999753125,1,LOCALLY_OPTIMAL
10.62357460000203,0.006429300003219396,1,LOCALLY_OPTIMAL
10.693619400000898,0.00608349998947233,1,LOCALLY_OPTIMAL
10.76398610000615,0.007180900021921843,1,LOCALLY_OPTIMAL
10.833728500001598,0.006329199997708201,1,LOCALLY_OPTIMAL
10.90388709999388,0.00847180001437664,1,LOCALLY_OPTIMAL
10.973734900006093,0.0068113000015728176,1,LOCALLY_OPTIMAL
11.044233799999347,0.007046799990348518,1,LOCALLY_OPTIMAL
11.113745400012704,0.006464700010837987,1,LOCALLY_OPTIMAL
11.183839200006332,0.006446700019296259,1,LOCALLY_OPTIMAL
11.253884200006723,0.0062655000074300915,1,LOCALLY_OPTIMAL
11.323822700011078,0.006632700009504333,1,LOCALLY_OPTIMAL
11.393555499991635,0.005889099993510172,1,LOCALLY_OPTIMAL
11.463797700009309,0.005761299980804324,1,LOCALLY_OPTIMAL
11.533787499996834,0.00677829998312518,1,LOCALLY_OPTIMAL
11.603652399993734,0.006404299987480044,1,LOCALLY_OPTIMAL
11.673965099995257,0.006030799995642155,1,LOCALLY_OPTIMAL
11.743824900011532,0.006538399989949539,1,LOCALLY_OPTIMAL
11.813625000009779,0.006110199989052489,1,LOCALLY_OPTIMAL
11.883563999988837,0.006758099974831566,1,LOCALLY_OPTIMAL
11.95383449998917,0.006355299992719665,1,LOCALLY_OPTIMAL
12.023743400000967,0.0060264000203460455,1,LOCALLY_OPTIMAL
12.093948800000362,0.011068100022384897,1,LOCALLY_OPTIMAL
12.163603399996646,0.006240099988644943,1,LOCALLY_OPTIMAL
12.233570999989752,0.006449200009228662,1,LOCALLY_OPTIMAL
12.303703799989307,0.009001200000056997,1,LOCALLY_OPTIMAL
12.373698400013382,0.006100300000980496,1,LOCALLY_OPTIMAL
12.443581900006393,0.006545299984281883,1,LOCALLY_OPTIMAL
12.514014499989571,0.00647009999374859,1,LOCALLY_OPTIMAL
12.584167799999705,0.0062144999974407256,1,LOCALLY_OPTIMAL
12.653520299994852,0.006412599992472678,1,LOCALLY_OPTIMAL
12.72353029999067,0.006708300003083423,1,LOCALLY_OPTIMAL
12.793914899986703,0.006803099997341633,1,LOCALLY_OPTIMAL
12.863703000009991,0.008404599997447804,1,LOCALLY_OPTIMAL
12.933518400008325,0.00679009998566471,1,LOCALLY_OPTIMAL
13.003871799999615,0.007639899995410815,1,LOCALLY_OPTIMAL
13.073915299988585,0.008013900020159781,1,LOCALLY_OPTIMAL
13.143772899988107,0.006619099993258715,1,LOCALLY_OPTIMAL
13.213963399990462,0.005991400015773252,1,LOCALLY_OPTIMAL
13.283840799995232,0.006218200025614351,1,LOCALLY_OPTIMAL
13.353764500003308,0.006825599994044751,1,LOCALLY_OPTIMAL
13.423505199985811,0.006172499997774139,1,LOCALLY_OPTIMAL
13.493520699994406,0.005518199992366135,1,LOCALLY_OPTIMAL
13.563615499995649,0.006494500004919246,1,LOCALLY_OPTIMAL
13.633649199997308,0.006470799999078736,1,LOCALLY_OPTIMAL
13.703867400006857,0.00578120001591742,1,LOCALLY_OPTIMAL
13.774215999990702,0.005876500013982877,1,LOCALLY_OPTIMAL
13.843923200009158,0.005792099982500076,1,LOCALLY_OPTIMAL
13.913533599989023,0.005805900000268593,1,LOCALLY_OPTIMAL
13.983860000007553,0.008216799993533641,1,LOCALLY_OPTIMAL
14.053930800000671,0.005836500000441447,1,LOCALLY_OPTIMAL
14.123746099998243,0.007100600021658465,1,LOCALLY_OPTIMAL
14.193760800000746,0.009256500023184344,1,LOCALLY_OPTIMAL
14.26391650000005,0.007535300013842061,1,LOCALLY_OPTIMAL
14.333876799995778,0.007889900007285178,1,LOCALLY_OPTIMAL
14.403715199994622,0.006610799988266081,1,LOCALLY_OPTIMAL
14.47352190001402,0.006100700004026294,1,LOCALLY_OPTIMAL
14.543613799993182,0.0057416000054217875,1,LOCALLY_OPTIMAL
14.613900500000454,0.006277700013015419,1,LOCALLY_OPTIMAL
14.683928699989337,0.015274700010195374,1,LOCALLY_OPTIMAL
14.753480399987893,0.006672199990134686,1,LOCALLY_OPTIMAL
14.823604700010037,0.005891600012546405,1,LOCALLY_OPTIMAL
14.893728299997747,0.006017200008500367,1,LOCALLY_OPTIMAL
14.963680299988482,0.008368599985260516,1,LOCALLY_OPTIMAL
15.033689700008836,0.006525700009660795,1,LOCALLY_OPTIMAL
15.104073399998015,0.005892599991057068,1,LOCALLY_OPTIMAL
15.173742599989055,0.006204900011653081,1,LOCALLY_OPTIMAL
15.244148500001756,0.00657830000272952,1,LOCALLY_OPTIMAL
15.3135273999942,0.00599609999335371,1,LOCALLY_OPTIMAL
15.383879500004696,0.006629900017287582,1,LOCALLY_OPTIMAL
15.453952799987746,0.006759600015357137,1,LOCALLY_OPTIMAL
15.523813999985578,0.007102500007022172,1,LOCALLY_OPTIMAL
15.593860399996629,0.0059049999981652945,1,LOCALLY_OPTIMAL
15.664069999998901,0.006279299996094778,1,LOCALLY_OPTIMAL
15.734072199993534,0.00619310000911355,1,LOCALLY_OPTIMAL
15.803932400012854,0.006875000020954758,1,LOCALLY_OPTIMAL
15.873588499991456,0.005581100005656481,1,LOCALLY_OPTIMAL
15.943719800008694,0.005550000001676381,1,LOCALLY_OPTIMAL
16.013895200012485,0.006056800018996,1,LOCALLY_OPTIMAL
16.08361080000759,0.006077300000470132,1,LOCALLY_OPTIMAL
16.153860599995824,0.006054400000721216,1,LOCALLY_OPTIMAL
16.223932099994272,0.007892199995694682,1,LOCALLY_OPTIMAL
16.293656399997417,0.006185600010212511,1,LOCALLY_OPTIMAL
16.363627999991877,0.006413700000848621,1,LOCALLY_OPTIMAL
16.43363600000157,0.007948299986310303,1,LOCALLY_OPTIMAL
16.50359030000982,0.006078900012653321,1,LOCALLY_OPTIMAL
16.573932800005423,0.005404099996667355,1,LOCALLY_OPTIMAL
16.64365809998708,0.0061086000059731305,1,LOCALLY_OPTIMAL
16.713815199997043,0.006205400015460327,1,LOCALLY_OPTIMAL
16.78407620001235,0.0062024999933782965,1,LOCALLY_OPTIMAL
16.853805999999167,0.0055961000034585595,1,LOCALLY_OPTIMAL
16.923786900006235,0.006268099998123944,1,LOCALLY_OPTIMAL
16.993711399991298,0.005652500025462359,1,LOCALLY_OPTIMAL
17.064064800011693,0.006165099999634549,1,LOCALLY_OPTIMAL
17.133878599997843,0.007231499999761581,1,LOCALLY_OPTIMAL
17.20362360001309,0.008426899992628023,1,LOCALLY_OPTIMAL
17.273723099991912,0.0070448999758809805,1,LOCALLY_OPTIMAL
17.343679399986286,0.007045800011837855,1,LOCALLY_OPTIMAL
17.413666400010698,0.0064971999963745475,1,LOCALLY_OPTIMAL
17.483602899999823,0.006430300010833889,1,LOCALLY_OPTIMAL
17.55386479999288,0.00575299997581169,1,LOCALLY_OPTIMAL
17.623752299987245,0.007161400018958375,1,LOCALLY_OPTIMAL
17.693784200004302,0.005941999988863245,1,LOCALLY_OPTIMAL
17.764136299985694,0.006370099988998845,1,LOCALLY_OPTIMAL
17.833569899987197,0.0066411000152584165,1,LOCALLY_OPTIMAL
17.90375739999581,0.007654699991689995,1,LOCALLY_OPTIMAL
17.973930600011954,0.006574500002898276,1,LOCALLY_OPTIMAL
18.043870399997104,0.006828900019172579,1,LOCALLY_OPTIMAL
18.11365049998858,0.006091599992942065,1,LOCALLY_OPTIMAL
18.185310100001516,0.011377899994840845,1,LOCALLY_OPTIMAL
18.253538899996784,0.007285800005774945,1,LOCALLY_OPTIMAL
18.32395630000974,0.006896999984746799,1,LOCALLY_OPTIMAL
18.39369140000781,0.010878200002480298,1,LOCALLY_OPTIMAL
18.463740500010317,0.006848899996839464,1,LOCALLY_OPTIMAL
18.533502800011775,0.006288700009463355,1,LOCALLY_OPTIMAL
18.603602899995167,0.006152100017061457,1,LOCALLY_OPTIMAL
18.673746999993455,0.006001200003083795,1,LOCALLY_OPTIMAL
18.743695699988166,0.005664999975124374,1,LOCALLY_OPTIMAL
18.81364609999582,0.005796999990707263,1,LOCALLY_OPTIMAL
18.883796400012216,0.00612350000301376,1,LOCALLY_OPTIMAL
18.95377140000346,0.005900200019823387,1,LOCALLY_OPTIMAL
19.024018099997193,0.006042699998943135,1,LOCALLY_OPTIMAL
19.09353869999177,0.0061120000027585775,1,LOCALLY_OPTIMAL
19.16391649999423,0.00571900000795722,1,LOCALLY_OPTIMAL
19.233836300001713,0.005795600009150803,1,LOCALLY_OPTIMAL
19.303679800010286,0.005657500005327165,1,LOCALLY_OPTIMAL
19.37359520001337,0.006353400007355958,1,LOCALLY_OPTIMAL
19.443794699996943,0.006729000015184283,1,LOCALLY_OPTIMAL
19.51380310000968,0.00591899998835288,1,LOCALLY_OPTIMAL
19.58386429998791,0.00623309999355115,1,LOCALLY_OPTIMAL
19.65364549998776,0.006384700012858957,1,LOCALLY_OPTIMAL
19.72376960000838,0.00654430000577122,1,LOCALLY_OPTIMAL
19.793655799992848,0.0059219999820925295,1,LOCALLY_OPTIMAL
19.863690199999837,0.0064319999946746975,1,LOCALLY_OPTIMAL
19.9338160000043,0.007069200015394017,1,LOCALLY_OPTIMAL
20.004002400004538,0.005836700001964346,1,LOCALLY_OPTIMAL
20.07401640000171,0.00625229999423027,1,LOCALLY_OPTIMAL
20.14389169999049,0.006438600015826523,1,LOCALLY_OPTIMAL
20.21349259998533,0.005735699989600107,1,LOCALLY_OPTIMAL
20.283551000000443,0.005936200002906844,1,LOCALLY_OPTIMAL
20.353481800004374,0.005906000005779788,1,LOCALLY_OPTIMAL
20.423734999989392,0.006401699996786192,1,LOCALLY_OPTIMAL
20.49365290001151,0.0061514999833889306,1,LOCALLY_OPTIMAL
20.563625599985244,0.006553899991558865,1,LOCALLY_OPTIMAL
20.633956500008935,0.006468800012953579,1,LOCALLY_OPTIMAL
20.703804899996612,0.012313300016103312,1,LOCALLY_OPTIMAL
20.77393039999879,0.0062442000198643655,1,LOCALLY_OPTIMAL
20.843638699996518,0.006392099981894717,1,LOCALLY_OPTIMAL
20.913975400006166,0.006024300004355609,1,LOCALLY_OPTIMAL
20.983612000010908,0.006346500013023615,1,LOCALLY_OPTIMAL
21.053967599989846,0.007012799993390217,1,LOCALLY_OPTIMAL
21.123608599998988,0.006401599996024743,1,LOCALLY_OPTIMAL
21.193730500002857,0.0068082999787293375,1,LOCALLY_OPTIMAL
21.263924099999713,0.007008200016571209,1,LOCALLY_OPTIMAL
21.333525199996075,0.008040399989113212,1,LOCALLY_OPTIMAL
21.4035356999957,0.00598570000147447,1,LOCALLY_OPTIMAL
21.47389339999063,0.006373500014888123,1,LOCALLY_OPTIMAL
21.543866199994227,0.006232799991266802,1,LOCALLY_OPTIMAL
21.614051799988374,0.013077399984467775,1,LOCALLY_OPTIMAL
21.68385890001082,0.006518000009236857,1,LOCALLY_OPTIMAL
21.75384769999073,0.006081100000301376,1,LOCALLY_OPTIMAL
21.824141499993857,0.005845400010002777,1,LOCALLY_OPTIMAL
21.893814100010786,0.005776600009994581,1,LOCALLY_OPTIMAL
21.963645400013775,0.006076399993617088,1,LOCALLY_OPTIMAL
22.03354480001144,0.0063341000059153885,1,LOCALLY_OPTIMAL
22.10373969998909,0.005623999983072281,1,LOCALLY_OPTIMAL
22.17391799998586,0.00625239999499172,1,LOCALLY_OPTIMAL
22.243812500004424,0.00653680000687018,1,LOCALLY_OPTIMAL
22.313663400011137,0.0070358999946620315,1,LOCALLY_OPTIMAL
22.383713999995962,0.00654130001203157,1,LOCALLY_OPTIMAL
22.453526400000555,0.006218700000317767,1,LOCALLY_OPTIMAL
22.523814299987862,0.005980599991744384,1,LOCALLY_OPTIMAL
22.593646099994658,0.005818700010422617,1,LOCALLY_OPTIMAL
22.66418419999536,0.008308099990244955,1,LOCALLY_OPTIMAL
22.73400570001104,0.006632600008742884,1,LOCALLY_OPTIMAL
22.803967299987562,0.007692099985433742,1,LOCALLY_OPTIMAL
22.873644500010414,0.006706999993184581,1,LOCALLY_OPTIMAL
22.943622399994638,0.0060415999905671924,1,LOCALLY_OPTIMAL
23.013785899995128,0.005972899991320446,1,LOCALLY_OPTIMAL
23.08379609999247,0.008468599990010262,1,LOCALLY_OPTIMAL
23.153577099990798,0.0055293999903369695,1,LOCALLY_OPTIMAL
23.223733099992387,0.005921400006627664,1,LOCALLY_OPTIMAL
23.29363500000909,0.007183700014138594,1,LOCALLY_OPTIMAL
23.363787799986312,0.0055945999920368195,1,LOCALLY_OPTIMAL
23.433861099998467,0.005801599996630102,1,LOCALLY_OPTIMAL
23.503604700003052,0.00619459999143146,1,LOCALLY_OPTIMAL
23.573735199985094,0.007230599992908537,1,LOCALLY_OPTIMAL
23.64374199998565,0.00893559999531135,1,LOCALLY_OPTIMAL
23.713768199988408,0.007655900000827387,1,LOCALLY_OPTIMAL
23.783831800014013,0.009336300019640476,1,LOCALLY_OPTIMAL
23.85353789999499,0.009594400005880743,1,LOCALLY_OPTIMAL
23.92368959999294,0.006790899991756305,1,LOCALLY_OPTIMAL
23.993547999998555,0.00843770001665689,1,LOCALLY_OPTIMAL
24.063917399995262,0.00703180002165027,1,LOCALLY_OPTIMAL
24.133854899992002,0.012258500006282702,1,LOCALLY_OPTIMAL
24.203937999991467,0.013096699985908344,1,LOCALLY_OPTIMAL
24.273564700008137,0.007575099996756762,1,LOCALLY_OPTIMAL
24.34368930000346,0.007639299990842119,1,LOCALLY_OPTIMAL
24.41369119999581,0.0059738999989349395,1,LOCALLY_OPTIMAL
24.48373989999527,0.007028599997283891,1,LOCALLY_OPTIMAL
24.553869499999564,0.010222899989457801,1,LOCALLY_OPTIMAL
24.623704800003907,0.005921000003581867,1,LOCALLY_OPTIMAL
24.6939396999951,0.006527300021843985,1,LOCALLY_OPTIMAL
24.76364960000501,0.006206699996255338,1,LOCALLY_OPTIMAL
24.83384209999349,0.006253400002606213,1,LOCALLY_OPTIMAL
24.90382999999565,0.005494199984241277,1,LOCALLY_OPTIMAL
24.973717499990016,0.006478700001025572,1,LOCALLY_OPTIMAL
25.043928200000664,0.006613400008063763,1,LOCALLY_OPTIMAL
25.113769599993248,0.005083200027002022,1,LOCALLY_OPTIMAL
25.18357530000503,0.005451000004541129,1,LOCALLY_OPTIMAL
25.253908299986506,0.006363799999235198,1,LOCALLY_OPTIMAL
25.3235382999992,0.007613699999637902,1,LOCALLY_OPTIMAL
25.393592200009152,0.007396900007734075,1,LOCALLY_OPTIMAL
25.463751400006004,0.00661389998276718,1,LOCALLY_OPTIMAL
25.533796900010202,0.006450199987739325,1,LOCALLY_OPTIMAL
25.603780000004917,0.00630569999339059,1,LOCALLY_OPTIMAL
25.673749000008684,0.008426999993389472,1,LOCALLY_OPTIMAL
25.743993699987186,0.006888199975946918,1,LOCALLY_OPTIMAL
25.813576599990483,0.006119600002421066,1,LOCALLY_OPTIMAL
25.88411179999821,0.006118299992522225,1,LOCALLY_OPTIMAL
25.953628499992192,0.005787700007203966,1,LOCALLY_OPTIMAL
26.02349839999806,0.005531600007088855,1,LOCALLY_OPTIMAL
26.093712700007018,0.005793399992398918,1,LOCALLY_OPTIMAL
26.16346290000365,0.006064500019419938,1,LOCALLY_OPTIMAL
26.233474899985595,0.006457800016505644,1,LOCALLY_OPTIMAL
26.30371589999413,0.007074900000588968,1,LOCALLY_OPTIMAL
26.37362659999053,0.006983200000831857,1,LOCALLY_OPTIMAL
26.443642300000647,0.006835700012743473,1,LOCALLY_OPTIMAL
26.513826600014,0.006757299997843802,1,LOCALLY_OPTIMAL
26.583981700008735,0.006518099980894476,1,LOCALLY_OPTIMAL
26.653811099997256,0.011084099998697639,1,LOCALLY_OPTIMAL
26.7236094000109,0.006825599994044751,1,LOCALLY_OPTIMAL
26.79359499999555,0.006321799999568611,1,LOCALLY_OPTIMAL
26.86348959998577,0.006655499979387969,1,LOCALLY_OPTIMAL
26.933434600010514,0.006752599991159514,1,LOCALLY_OPTIMAL
27.0034985000093,0.007585999992443249,1,LOCALLY_OPTIMAL
27.073467400012305,0.006119799974840134,1,LOCALLY_OPTIMAL
27.143832000001566,0.006447499996284023,1,LOCALLY_OPTIMAL
27.21353999999701,0.006131999980425462,1,LOCALLY_OPTIMAL
27.284155000001192,0.013535699981730431,1,LOCALLY_OPTIMAL
27.353902300004847,0.007277899974724278,1,LOCALLY_OPTIMAL
27.423569600010524,0.006740500015439466,1,LOCALLY_OPTIMAL
27.49359800000093,0.006083199987187982,1,LOCALLY_OPTIMAL
27.563699699996505,0.006180399999720976,1,LOCALLY_OPTIMAL
27.63373679999495,0.0065420000173617154,1,LOCALLY_OPTIMAL
27.703951600007713,0.005962099996395409,1,LOCALLY_OPTIMAL
27.77408830000786,0.013357199990423396,1,LOCALLY_OPTIMAL
27.843737899995176,0.01310189999639988,1,LOCALLY_OPTIMAL
27.91352229999029,0.006052600016118959,1,LOCALLY_OPTIMAL
27.983952999988105,0.006199000024935231,1,LOCALLY_OPTIMAL
28.05384010000853,0.006071699986932799,1,LOCALLY_OPTIMAL
28.123620099999243,0.006644799985224381,1,LOCALLY_OPTIMAL
28.193477099994197,0.005569800006924197,1,LOCALLY_OPTIMAL
28.263873099989723,0.005532100010896102,1,LOCALLY_OPTIMAL
28.33406309998827,0.010391400021035224,1,LOCALLY_OPTIMAL
28.403645599988522,0.005730000004405156,1,LOCALLY_OPTIMAL
28.47381789999781,0.005081399984192103,1,LOCALLY_OPTIMAL
28.543928400002187,0.00501369999255985,1,LOCALLY_OPTIMAL
28.61374319999595,0.005359799979487434,1,LOCALLY_OPTIMAL
28.683972700004233,0.006229899998288602,1,LOCALLY_OPTIMAL
28.753697000007378,0.005782299995189533,1,LOCALLY_OPTIMAL
28.823749900009716,0.005696000007446855,1,LOCALLY_OPTIMAL
28.893913300009444,0.005981099995551631,1,LOCALLY_OPTIMAL
28.963799299992388,0.006213600019691512,1,LOCALLY_OPTIMAL
29.033491999987746,0.005261799989966676,1,LOCALLY_OPTIMAL
29.103789499989944,0.005800899991299957,1,LOCALLY_OPTIMAL
29.17396230000304,0.006097900011809543,1,LOCALLY_OPTIMAL
29.243772799993167,0.0060345999954734,1,LOCALLY_OPTIMAL
29.313541899988195,0.005716099985875189,1,LOCALLY_OPTIMAL
29.383943099994212,0.005757900013122708,1,LOCALLY_OPTIMAL
29.45366379999905,0.005187499977182597,1,LOCALLY_OPTIMAL
29.524019000004046,0.005824899999424815,1,LOCALLY_OPTIMAL
29.59360160000506,0.005347400001483038,1,LOCALLY_OPTIMAL
29.66391949998797,0.00502859998960048,1,LOCALLY_OPTIMAL
29.73349149999558,0.005709499993827194,1,LOCALLY_OPTIMAL
29.803969100001268,0.004723899997770786,1,LOCALLY_OPTIMAL
29.873634399991715,0.005161400011274964,1,LOCALLY_OPTIMAL
29.943561199994292,0.005054699984611943,1,LOCALLY_OPTIMAL
30.013755199994193,0.005655499990098178,1,LOCALLY_OPTIMAL
30.083800099993823,0.012082300003385171,1,LOCALLY_OPTIMAL
30.153773400001228,0.006000800000037998,1,LOCALLY_OPTIMAL
30.223871599999256,0.006930299976374954,1,LOCALLY_OPTIMAL
30.29361309998785,0.006954400014365092,1,LOCALLY_OPTIMAL
30.36381770001026,0.0057634999975562096,1,LOCALLY_OPTIMAL
30.433851200010395,0.007446699979482219,1,LOCALLY_OPTIMAL
30.503509400004987,0.005649800004903227,1,LOCALLY_OPTIMAL
30.573480799997924,0.005704400013200939,1,LOCALLY_OPTIMAL
30.643786800006637,0.0060649999941233546,1,LOCALLY_OPTIMAL
30.713790999987395,0.005848000000696629,1,LOCALLY_OPTIMAL
30.784048500005156,0.006049200019333512,1,LOCALLY_OPTIMAL
30.853703500004485,0.01076529998681508,1,LOCALLY_OPTIMAL
30.923805600003107,0.0060215000121388584,1,LOCALLY_OPTIMAL
30.993769499997143,0.0056881999771576375,1,LOCALLY_OPTIMAL
31.063663400011137,0.005578999989666045,1,LOCALLY_OPTIMAL
31.13403610000387,0.0060360000061336905,1,LOCALLY_OPTIMAL
31.20396859999164,0.012716199998976663,1,LOCALLY_OPTIMAL
31.273548199998913,0.0058671000006143,1,LOCALLY_OPTIMAL
31.344046399986837,0.006072200019843876,1,LOCALLY_OPTIMAL
31.413842699985253,0.00569240000913851,1,LOCALLY_OPTIMAL
31.48372349998681,0.006181799981277436,1,LOCALLY_OPTIMAL
31.55390110000735,0.005951800005277619,1,LOCALLY_OPTIMAL
31.623892900010105,0.006166799983475357,1,LOCALLY_OPTIMAL
31.693582800013246,0.006109700014349073,1,LOCALLY_OPTIMAL
31.763958299998194,0.006772900000214577,1,LOCALLY_OPTIMAL
31.833739299996523,0.008930499985581264,1,LOCALLY_OPTIMAL
31.903776899998775,0.007080000010319054,1,LOCALLY_OPTIMAL
31.97353220000514,0.006636799982516095,1,LOCALLY_OPTIMAL
32.04363520001061,0.0066386999969836324,1,LOCALLY_OPTIMAL
32.114122200000565,0.006245600001420826,1,LOCALLY_OPTIMAL
32.18404120000196,0.007128600002033636,1,LOCALLY_OPTIMAL
32.25375139998505,0.012047500000335276,1,LOCALLY_OPTIMAL
32.32390540000051,0.006831600010627881,1,LOCALLY_OPTIMAL
32.394020200008526,0.010515300004044548,1,LOCALLY_OPTIMAL
32.46362759999465,0.0064598000026308,1,LOCALLY_OPTIMAL
32.53349309999612,0.006218900001840666,1,LOCALLY_OPTIMAL
32.60399490001146,0.010424400010379031,1,LOCALLY_OPTIMAL
32.67375610000454,0.005815500015160069,1,LOCALLY_OPTIMAL
32.74350240000058,0.006059700011974201,1,LOCALLY_OPTIMAL
32.81350570000359,0.00625090001267381,1,LOCALLY_OPTIMAL
32.88351069999044,0.008962100022472441,1,LOCALLY_OPTIMAL
32.95352010001079,0.00542860000859946,1,LOCALLY_OPTIMAL
33.023710799985565,0.005214400007389486,1,LOCALLY_OPTIMAL
33.09350170000107,0.0052451999799814075,1,LOCALLY_OPTIMAL
33.16365559998667,0.008494600013364106,1,LOCALLY_OPTIMAL
33.233586799993645,0.009026599989738315,1,LOCALLY_OPTIMAL
33.30360650000512,0.007806799985701218,1,LOCALLY_OPTIMAL
33.37353079998866,0.013489000004483387,1,LOCALLY_OPTIMAL
33.4440123999957,0.01571989999501966,1,LOCALLY_OPTIMAL
33.513533599994844,0.005884999991394579,1,LOCALLY_OPTIMAL
33.583732900006,0.006193799985339865,1,LOCALLY_OPTIMAL
33.65357540000696,0.005857100011780858,1,LOCALLY_OPTIMAL
33.723719400004484,0.006379200000083074,1,LOCALLY_OPTIMAL
33.793793499993626,0.010448000015458092,1,LOCALLY_OPTIMAL
33.86351090000244,0.010046300012618303,1,LOCALLY_OPTIMAL
33.93365590000758,0.006960999977309257,1,LOCALLY_OPTIMAL
34.00351260000025,0.005920099996728823,1,LOCALLY_OPTIMAL
34.0739295000094,0.006686800013994798,1,LOCALLY_OPTIMAL
34.14384060000884,0.012584300013259053,1,LOCALLY_OPTIMAL
34.213731600000756,0.0065944999805651605,1,LOCALLY_OPTIMAL
34.283798199991,0.007035800023004413,1,LOCALLY_OPTIMAL
34.35386820000713,0.006664600019576028,1,LOCALLY_OPTIMAL
34.42364289998659,0.00652049999916926,1,LOCALLY_OPTIMAL
34.49397589999717,0.01162170001771301,1,LOCALLY_OPTIMAL
34.563649399991846,0.009903199999826029,1,LOCALLY_OPTIMAL
34.633475400012685,0.010909599979640916,1,LOCALLY_OPTIMAL
34.703957099991385,0.006000299996230751,1,LOCALLY_OPTIMAL
34.7738304999948,0.006247100012842566,1,LOCALLY_OPTIMAL
34.84363560000202,0.016471900016767904,1,LOCALLY_OPTIMAL
34.91389880000497,0.005869499989785254,1,LOCALLY_OPTIMAL
34.98395890000393,0.006187399994814768,1,LOCALLY_OPTIMAL
35.05379720000201,0.006706100015435368,1,LOCALLY_OPTIMAL
35.12362130000838,0.00608640001155436,1,LOCALLY_OPTIMAL
35.193850400013616,0.008414699987042695,1,LOCALLY_OPTIMAL
35.26355860001058,0.006160799995996058,1,LOCALLY_OPTIMAL
35.333684699988225,0.010992399998940527,1,LOCALLY_OPTIMAL
35.4038722999976,0.006637200014665723,1,LOCALLY_OPTIMAL
35.473635000002105,0.007182200002716854,1,LOCALLY_OPTIMAL
35.54366480000317,0.010120399994775653,1,LOCALLY_OPTIMAL
35.61375739998766,0.006229599996004254,1,LOCALLY_OPTIMAL
35.68376949999947,0.00653980000060983,1,LOCALLY_OPTIMAL
35.75389789999463,0.006215999979758635,1,LOCALLY_OPTIMAL
35.823798900004476,0.006520899973111227,1,LOCALLY_OPTIMAL
35.89362630000687,0.006266099982894957,1,LOCALLY_OPTIMAL
35.963571400003275,0.008078500017290935,1,LOCALLY_OPTIMAL
36.03377909999108,0.006926100002601743,1,LOCALLY_OPTIMAL
36.10418639998534,0.006661699997493997,1,LOCALLY_OPTIMAL
36.174115400004666,0.006814799999119714,1,LOCALLY_OPTIMAL
36.24405390000902,0.006525699980556965,1,LOCALLY_OPTIMAL
36.31367520001368,0.0062858999881427735,1,LOCALLY_OPTIMAL
36.38386569998693,0.01600849998067133,1,LOCALLY_OPTIMAL
36.45371910001268,0.006833799998275936,1,LOCALLY_OPTIMAL
36.52389710000716,0.007151800004066899,1,LOCALLY_OPTIMAL
36.59365299998899,0.008749200002057478,1,LOCALLY_OPTIMAL
36.663897599995835,0.006544999981997535,1,LOCALLY_OPTIMAL
36.73379090000526,0.012339600012637675,1,LOCALLY_OPTIMAL
36.80393669998739,0.011736599990399554,1,LOCALLY_OPTIMAL
36.87381180000375,0.006356400001095608,1,LOCALLY_OPTIMAL
36.94389329999103,0.013217200001236051,1,LOCALLY_OPTIMAL
37.013680400006706,0.006837399996584281,1,LOCALLY_OPTIMAL
37.08394340000814,0.006418600009055808,1,LOCALLY_OPTIMAL
37.15360759999021,0.006247200013604015,1,LOCALLY_OPTIMAL
37.22380269999849,0.00635159999364987,1,LOCALLY_OPTIMAL
37.293554600008065,0.006387000001268461,1,LOCALLY_OPTIMAL
37.36358420000761,0.005683099996531382,1,LOCALLY_OPTIMAL
37.43347429999267,0.0062000000034458935,1,LOCALLY_OPTIMAL
37.50372030001017,0.006059400009689853,1,LOCALLY_OPTIMAL
37.57369590000599,0.00908809999236837,1,LOCALLY_OPTIMAL
37.643573200009996,0.0065144999825861305,1,LOCALLY_OPTIMAL
37.713987299997825,0.005632599990349263,1,LOCALLY_OPTIMAL
37.78388890001224,0.006707900000037625,1,LOCALLY_OPTIMAL
37.85372889999417,0.006378099991707131,1,LOCALLY_OPTIMAL
37.924023500003386,0.006661699997493997,1,LOCALLY_OPTIMAL
37.99358839998604,0.006748599989805371,1,LOCALLY_OPTIMAL
38.06349020000198,0.0065602000104263425,1,LOCALLY_OPTIMAL
38.13356839999324,0.006410800007870421,1,LOCALLY_OPTIMAL
38.203828800003976,0.006198099988978356,1,LOCALLY_OPTIMAL
38.273862500005635,0.006277099979342893,1,LOCALLY_OPTIMAL
38.34388400000171,0.0058397999964654446,1,LOCALLY_OPTIMAL
38.41387630000827,0.005053200002294034,1,LOCALLY_OPTIMAL
38.48413910000818,0.011100000003352761,1,LOCALLY_OPTIMAL
38.553965900006006,0.005562200007261708,1,LOCALLY_OPTIMAL
38.62351360000321,0.005291300010867417,1,LOCALLY_OPTIMAL
38.693802900001174,0.005333500012056902,1,LOCALLY_OPTIMAL
38.76375650000409,0.005700800014892593,1,LOCALLY_OPTIMAL
38.83364799999981,0.006553600018378347,1,LOCALLY_OPTIMAL
38.903858300007414,0.005950399994617328,1,LOCALLY_OPTIMAL
38.973892100009834,0.006071800016798079,1,LOCALLY_OPTIMAL
39.04364930000156,0.0061344999994616956,1,LOCALLY_OPTIMAL
39.11372870000196,0.005951500002993271,1,LOCALLY_OPTIMAL
39.183522900013486,0.0059352999960538,1,LOCALLY_OPTIMAL
39.25416819998645,0.007206300011603162,1,LOCALLY_OPTIMAL
39.32398980000289,0.0053180999821051955,1,LOCALLY_OPTIMAL
39.39361550001195,0.005191699980059639,1,LOCALLY_OPTIMAL
39.463944299990544,0.00895469999522902,1,LOCALLY_OPTIMAL
39.53349719999824,0.005293599999276921,1,LOCALLY_OPTIMAL
39.603850399988005,0.004825099982554093,1,LOCALLY_OPTIMAL
39.67385920000379,0.004968599998392165,1,LOCALLY_OPTIMAL
39.74383200000739,0.006232799991266802,1,LOCALLY_OPTIMAL
39.81393269999535,0.0049644000246189535,1,LOCALLY_OPTIMAL
39.883543700008886,0.005493400007253513,1,LOCALLY_OPTIMAL
39.9535562999954,0.006129199988208711,1,LOCALLY_OPTIMAL
40.02361030000611,0.00529669999377802,1,LOCALLY_OPTIMAL
40.09380490001058,0.0049767000018619,1,LOCALLY_OPTIMAL
40.16405019999365,0.005553299997700378,1,LOCALLY_OPTIMAL
40.233547499985434,0.005538099998375401,1,LOCALLY_OPTIMAL
40.30366080001113,0.005468899995321408,1,LOCALLY_OPTIMAL
40.373687099985546,0.005065000004833564,1,LOCALLY_OPTIMAL
40.443757100001676,0.006092700001318008,1,LOCALLY_OPTIMAL
40.5136222000001,0.005556499992962927,1,LOCALLY_OPTIMAL
40.58360770001309,0.005340599978808314,1,LOCALLY_OPTIMAL
40.65386699998635,0.005136399995535612,1,LOCALLY_OPTIMAL
40.72401330000139,0.004835400002775714,1,LOCALLY_OPTIMAL
40.793809700000565,0.00451139998040162,1,LOCALLY_OPTIMAL
40.8635925000126,0.004601699998602271,1,LOCALLY_OPTIMAL
40.93370359999244,0.0062272000068333,1,LOCALLY_OPTIMAL
41.00373070000205,0.004931500006932765,1,LOCALLY_OPTIMAL
41.073539400007576,0.005617999995592982,1,LOCALLY_OPTIMAL
41.14373370000976,0.005417299980763346,1,LOCALLY_OPTIMAL
41.21403120001196,0.015464099997188896,1,LOCALLY_OPTIMAL
41.283597100002225,0.008088400005362928,1,LOCALLY_OPTIMAL
41.35361640001065,0.006093000003602356,1,LOCALLY_OPTIMAL
41.42384659999516,0.006885400012833998,1,LOCALLY_OPTIMAL
41.49412960000336,0.005951699975412339,1,LOCALLY_OPTIMAL
41.56380880001234,0.006003699993016198,1,LOCALLY_OPTIMAL
41.63420440000482,0.010536299989325926,1,LOCALLY_OPTIMAL
41.70370630000252,0.005462400004034862,1,LOCALLY_OPTIMAL
41.773682500002906,0.006540300004417077,1,LOCALLY_OPTIMAL
41.843754000001354,0.005954200023552403,1,LOCALLY_OPTIMAL
41.91383279999718,0.005772200005594641,1,LOCALLY_OPTIMAL
41.98355899998569,0.0057385000109206885,1,LOCALLY_OPTIMAL
42.053448599996045,0.006599199987249449,1,LOCALLY_OPTIMAL
42.12366589999874,0.005678199988324195,1,LOCALLY_OPTIMAL
42.19350699998904,0.007193600002210587,1,LOCALLY_OPTIMAL
42.26354340001126,0.006088599999202415,1,LOCALLY_OPTIMAL
42.33354849999887,0.006252199993468821,1,LOCALLY_OPTIMAL
42.40380689999438,0.006378999998560175,1,LOCALLY_OPTIMAL
42.47390509999241,0.00551449999329634,1,LOCALLY_OPTIMAL
42.54402939998545,0.006448700005421415,1,LOCALLY_OPTIMAL
42.61368139999104,0.015069099987158552,1,LOCALLY_OPTIMAL
42.68349600001238,0.0061030000215396285,1,LOCALLY_OPTIMAL
42.753875599999446,0.0057570999779272825,1,LOCALLY_OPTIMAL
42.823973799997475,0.007059299998218194,1,LOCALLY_OPTIMAL
42.8938124999986,0.00552779997815378,1,LOCALLY_OPTIMAL
42.96387139998842,0.006165600003441796,1,LOCALLY_OPTIMAL
43.03378910000902,0.006246000004466623,1,LOCALLY_OPTIMAL
43.10409849998541,0.00569969997741282,1,LOCALLY_OPTIMAL
43.17356649998692,0.005719799984944984,1,LOCALLY_OPTIMAL
43.24407909999718,0.0075366000237409025,1,LOCALLY_OPTIMAL
43.31361300000572,0.005778699996881187,1,LOCALLY_OPTIMAL
43.38386609998997,0.00600500000291504,1,LOCALLY_OPTIMAL
43.453898400010075,0.00599760000477545,1,LOCALLY_OPTIMAL
43.52412889999687,0.006430700013879687,1,LOCALLY_OPTIMAL
43.59406539998599,0.007366899983026087,1,LOCALLY_OPTIMAL
43.66356670000823,0.005587999999988824,1,LOCALLY_OPTIMAL
43.733599900006084,0.005933600012212992,1,LOCALLY_OPTIMAL
43.8036676000047,0.006712600006721914,1,LOCALLY_OPTIMAL
43.87381640000967,0.005596800008788705,1,LOCALLY_OPTIMAL
43.944054299994605,0.006141099991509691,1,LOCALLY_OPTIMAL
44.013789499993436,0.006047200004104525,1,LOCALLY_OPTIMAL
44.08414170000469,0.0065870999824255705,1,LOCALLY_OPTIMAL
44.1538348000031,0.006091099989134818,1,LOCALLY_OPTIMAL
44.22384210000746,0.00674569999682717,1,LOCALLY_OPTIMAL
44.293952600011835,0.005882400000700727,1,LOCALLY_OPTIMAL
44.36366669999552,0.006866800016723573,1,LOCALLY_OPTIMAL
44.43345159999444,0.007302299985894933,1,LOCALLY_OPTIMAL
44.50378389999969,0.0060714999854099005,1,LOCALLY_OPTIMAL
44.573959000001196,0.005837800010340288,1,LOCALLY_OPTIMAL
44.643493999989005,0.006431000016164035,1,LOCALLY_OPTIMAL
44.713778200006345,0.005217799975071102,1,LOCALLY_OPTIMAL
44.783886199991684,0.005209900002228096,1,LOCALLY_OPTIMAL
44.853889699996216,0.0047414000146090984,1,LOCALLY_OPTIMAL
44.92391010001302,0.005377800000132993,1,LOCALLY_OPTIMAL
44.99352759998874,0.005802400002721697,1,LOCALLY_OPTIMAL
45.06374350000988,0.005400699999881908,1,LOCALLY_OPTIMAL
45.13354869998875,0.005697000015061349,1,LOCALLY_OPTIMAL
45.203516700014006,0.006098799989558756,1,LOCALLY_OPTIMAL
45.27362150000408,0.005581500008702278,1,LOCALLY_OPTIMAL
45.34363509999821,0.0063732999842613935,1,LOCALLY_OPTIMAL
45.41402140000719,0.005309900006977841,1,LOCALLY_OPTIMAL
45.483525899995584,0.0061381999985314906,1,LOCALLY_OPTIMAL
45.553737500013085,0.0052983000059612095,1,LOCALLY_OPTIMAL
45.62406360000023,0.00600940000731498,1,LOCALLY_OPTIMAL
45.693952700006776,0.005302500008838251,1,LOCALLY_OPTIMAL
45.76397979998728,0.00928379999822937,1,LOCALLY_OPTIMAL
45.83397499998682,0.005780699983006343,1,LOCALLY_OPTIMAL
45.90374380000867,0.004969799978425726,1,LOCALLY_OPTIMAL
45.97358749998966,0.005834699986735359,1,LOCALLY_OPTIMAL
46.04360169998836,0.005564199993386865,1,LOCALLY_OPTIMAL
46.11354630001006,0.0053459000191651285,1,LOCALLY_OPTIMAL
46.183584599988535,0.007509500021114945,1,LOCALLY_OPTIMAL
46.25356029998511,0.00522409999393858,1,LOCALLY_OPTIMAL
46.32357310000225,0.005015599977923557,1,LOCALLY_OPTIMAL
46.39411590000964,0.005725700000766665,1,LOCALLY_OPTIMAL
46.46372679999331,0.005469399999128655,1,LOCALLY_OPTIMAL
46.533718699996825,0.005501899984665215,1,LOCALLY_OPTIMAL
46.60369509999873,0.005058499984443188,1,LOCALLY_OPTIMAL
46.673586899996735,0.005453499994473532,1,LOCALLY_OPTIMAL
46.743539899995085,0.006429400003980845,1,LOCALLY_OPTIMAL
46.8135317999986,0.004983700026059523,1,LOCALLY_OPTIMAL
46.88398360001156,0.005021599994506687,1,LOCALLY_OPTIMAL
46.953810200007865,0.0049057000142056495,1,LOCALLY_OPTIMAL
47.02389919999405,0.004697399999713525,1,LOCALLY_OPTIMAL
47.09349060000386,0.0052260999800637364,1,LOCALLY_OPTIMAL
47.1634342999896,0.0058923999895341694,1,LOCALLY_OPTIMAL
47.23351009999169,0.006179099989822134,1,LOCALLY_OPTIMAL
47.30377009999938,0.0053810999961569905,1,LOCALLY_OPTIMAL
47.37371159999748,0.004781900002853945,1,LOCALLY_OPTIMAL
47.44362850001198,0.004691100009949878,1,LOCALLY_OPTIMAL
47.51377439999487,0.004564299975754693,1,LOCALLY_OPTIMAL
47.58385329999146,0.00841850001597777,1,LOCALLY_OPTIMAL
47.65360920000239,0.007702999981120229,1,LOCALLY_OPTIMAL
47.72371489999932,0.005264999985229224,1,LOCALLY_OPTIMAL
47.7935989999969,0.005877799994777888,1,LOCALLY_OPTIMAL
47.863754599995445,0.005325300007825717,1,LOCALLY_OPTIMAL
47.933912700013025,0.005626400001347065,1,LOCALLY_OPTIMAL
48.00378239998827,0.005310800013830885,1,LOCALLY_OPTIMAL
48.073582599987276,0.006393999996362254,1,LOCALLY_OPTIMAL
48.14343570001074,0.00645240000449121,1,LOCALLY_OPTIMAL
48.21385629998986,0.005919499992160127,1,LOCALLY_OPTIMAL
48.28392950000125,0.006400399986887351,1,LOCALLY_OPTIMAL
48.35356879999745,0.006414199975552037,1,LOCALLY_OPTIMAL
48.42353329999605,0.007970600010594353,1,LOCALLY_OPTIMAL
48.49349190000794,0.0060505000001285225,1,LOCALLY_OPTIMAL
48.56357219998608,0.006412600021576509,1,LOCALLY_OPTIMAL
48.63373810000485,0.007324800011701882,1,LOCALLY_OPTIMAL
48.70384989999002,0.006447300023864955,1,LOCALLY_OPTIMAL
48.77388980000978,0.005652599997119978,1,LOCALLY_OPTIMAL
48.844012799992925,0.01750380001612939,1,LOCALLY_OPTIMAL
48.91359169999487,0.0068749999918509275,1,LOCALLY_OPTIMAL
48.98402599999099,0.006194099987624213,1,LOCALLY_OPTIMAL
49.0537667000026,0.00638720000279136,1,LOCALLY_OPTIMAL
49.123640100006014,0.006818499998189509,1,LOCALLY_OPTIMAL
49.1935097000096,0.006907000002684072,1,LOCALLY_OPTIMAL
49.2638741999981,0.007907100021839142,1,LOCALLY_OPTIMAL
49.33373859999119,0.010736099997302517,1,LOCALLY_OPTIMAL
49.40368540000054,0.0061394999793265015,1,LOCALLY_OPTIMAL
49.4736746000126,0.013264100009109825,1,LOCALLY_OPTIMAL
49.54374399999506,0.0131579999870155,1,LOCALLY_OPTIMAL
49.613586399995256,0.010512300010304898,1,LOCALLY_OPTIMAL
49.68380840000464,0.015998000017134473,1,LOCALLY_OPTIMAL
49.753980799985584,0.006223400007002056,1,LOCALLY_OPTIMAL
49.82390469999518,0.007775000005494803,1,LOCALLY_OPTIMAL
49.893633300001966,0.0058843000151682645,1,LOCALLY_OPTIMAL
49.96370890000253,0.006384599982993677,1,LOCALLY_OPTIMAL
50.03357689999393,0.006255799991777167,1,LOCALLY_OPTIMAL
50.103850499988766,0.006206899997778237,1,LOCALLY_OPTIMAL
50.1739505000005,0.007745199982309714,1,LOCALLY_OPTIMAL
50.243541900010314,0.006619699997827411,1,LOCALLY_OPTIMAL
50.31391409999924,0.007443500013323501,1,LOCALLY_OPTIMAL
50.38395680001122,0.006237699999473989,1,LOCALLY_OPTIMAL
50.45346879999852,0.016211099980864674,1,LOCALLY_OPTIMAL
50.52446950000012,0.014396500017028302,1,LOCALLY_OPTIMAL
50.593629500013776,0.011695099994540215,1,LOCALLY_OPTIMAL
50.66379409999354,0.010346900002332404,1,LOCALLY_OPTIMAL
50.733952000009594,0.012327900010859594,1,LOCALLY_OPTIMAL
50.80394400001387,0.006686899985652417,1,LOCALLY_OPTIMAL
50.87357029999839,0.009139000001596287,1,LOCALLY_OPTIMAL
50.94354549999116,0.006601799977943301,1,LOCALLY_OPTIMAL
51.01408329998958,0.020261199999367818,1,LOCALLY_OPTIMAL
51.084092200006125,0.00626570000895299,1,LOCALLY_OPTIMAL
51.153520399995614,0.006991200003540143,1,LOCALLY_OPTIMAL
51.22352070000488,0.007012699992628768,1,LOCALLY_OPTIMAL
51.293794900004286,0.006761199998436496,1,LOCALLY_OPTIMAL
51.36395890000858,0.007911700027761981,1,LOCALLY_OPTIMAL
51.433789800008526,0.006951999996090308,1,LOCALLY_OPTIMAL
51.50344219998806,0.007257600023876876,1,LOCALLY_OPTIMAL
51.57393189999857,0.00687180002569221,1,LOCALLY_OPTIMAL
51.64360469998792,0.007083900010911748,1,LOCALLY_OPTIMAL
51.71368089999305,0.006600299995625392,1,LOCALLY_OPTIMAL
51.78375760000199,0.006373200012603775,1,LOCALLY_OPTIMAL
51.85380250000162,0.006024600006639957,1,LOCALLY_OPTIMAL
51.92372150000301,0.006819700007326901,1,LOCALLY_OPTIMAL
51.99359649998951,0.006481699994765222,1,LOCALLY_OPTIMAL
52.06401120001101,0.009434599982341751,1,LOCALLY_OPTIMAL
52.13392630001181,0.006758400006219745,1,LOCALLY_OPTIMAL
52.20377319998806,0.00646430000779219,1,LOCALLY_OPTIMAL
52.27377619998879,0.015042100014397874,1,LOCALLY_OPTIMAL
52.34394640001119,0.006297099986113608,1,LOCALLY_OPTIMAL
52.41395009998814,0.005700799985788763,1,LOCALLY_OPTIMAL
52.4838974000013,0.007735699997283518,1,LOCALLY_OPTIMAL
52.554005000012694,0.006286999996518716,1,LOCALLY_OPTIMAL
52.62351360000321,0.00779329999932088,1,LOCALLY_OPTIMAL
52.693871299998136,0.006975800002692267,1,LOCALLY_OPTIMAL
52.76360609999392,0.0077664999989792705,1,LOCALLY_OPTIMAL
52.83373280000524,0.006545600015670061,1,LOCALLY_OPTIMAL
52.90371139999479,0.0067878000263590366,1,LOCALLY_OPTIMAL
52.973804000008386,0.018153300014091656,1,LOCALLY_OPTIMAL
53.043627300008666,0.007180399989010766,1,LOCALLY_OPTIMAL
53.11385059999884,0.006320799991954118,1,LOCALLY_OPTIMAL
53.18405330000678,0.00956830001086928,1,LOCALLY_OPTIMAL
53.25392300001113,0.009810899995500222,1,LOCALLY_OPTIMAL
53.32345900000655,0.006757299997843802,1,LOCALLY_OPTIMAL
53.393662299989955,0.006273600010899827,1,LOCALLY_OPTIMAL
53.46369480001158,0.007032699999399483,1,LOCALLY_OPTIMAL
53.5336352000013,0.0072169000050053,1,LOCALLY_OPTIMAL
53.60404360000393,0.0067239000054541975,1,LOCALLY_OPTIMAL
53.67390659998637,0.007123399991542101,1,LOCALLY_OPTIMAL
53.7437057000061,0.007225500012282282,1,LOCALLY_OPTIMAL
53.81371340001351,0.008584099996369332,1,LOCALLY_OPTIMAL
53.88391249999404,0.009035900002345443,1,LOCALLY_OPTIMAL
53.953675299999304,0.0064082000171765685,1,LOCALLY_OPTIMAL
54.02348669999628,0.008515800000168383,1,LOCALLY_OPTIMAL
54.09380939998664,0.01003800000762567,1,LOCALLY_OPTIMAL
54.163471300009405,0.006595799990464002,1,LOCALLY_OPTIMAL
54.2340564999904,0.0062160999805200845,1,LOCALLY_OPTIMAL
54.303819199994905,0.005550000001676381,1,LOCALLY_OPTIMAL
54.373774300009245,0.006201000011060387,1,LOCALLY_OPTIMAL
54.443701400014106,0.005924700002651662,1,LOCALLY_OPTIMAL
54.513753000006545,0.005534099997021258,1,LOCALLY_OPTIMAL
54.58405569999013,0.00813560001552105,1,LOCALLY_OPTIMAL
54.653847300010966,0.006001800007652491,1,LOCALLY_OPTIMAL
54.72389120000298,0.005645099998218939,1,LOCALLY_OPTIMAL
54.793898600008106,0.005648199992720038,1,LOCALLY_OPTIMAL
54.86351190001005,0.006622899993089959,1,LOCALLY_OPTIMAL
54.93394970000372,0.006000399996992201,1,LOCALLY_OPTIMAL
55.00382799998624,0.005732799996621907,1,LOCALLY_OPTIMAL
55.074003599991556,0.005853999988175929,1,LOCALLY_OPTIMAL
55.14360909999232,0.006681699975160882,1,LOCALLY_OPTIMAL
55.2138028999907,0.005783899978268892,1,LOCALLY_OPTIMAL
55.28408710000804,0.005631100008031353,1,LOCALLY_OPTIMAL
55.353557499998715,0.00600200000917539,1,LOCALLY_OPTIMAL
55.42352429998573,0.006332199991447851,1,LOCALLY_OPTIMAL
55.49386129999766,0.005943900003330782,1,LOCALLY_OPTIMAL
55.56360130000394,0.006017899984726682,1,LOCALLY_OPTIMAL
55.63352470000973,0.006207500002346933,1,LOCALLY_OPTIMAL
55.70365139999194,0.006023800000548363,1,LOCALLY_OPTIMAL
55.77369900001213,0.005518099991604686,1,LOCALLY_OPTIMAL
55.84380629999214,0.00617229999625124,1,LOCALLY_OPTIMAL
55.91413560000365,0.015325999993365258,1,LOCALLY_OPTIMAL
55.98401849999209,0.014672899997094646,1,LOCALLY_OPTIMAL
56.05369870000868,0.0054598999849986285,1,LOCALLY_OPTIMAL
56.12369999999646,0.005906500009587035,1,LOCALLY_OPTIMAL
56.19404719999875,0.005437700019683689,1,LOCALLY_OPTIMAL
56.2636446999968,0.00713980000000447,1,LOCALLY_OPTIMAL
56.33405100001255,0.006732600013492629,1,LOCALLY_OPTIMAL
56.403690100007225,0.00545669998973608,1,LOCALLY_OPTIMAL
56.47378130001016,0.006107299996074289,1,LOCALLY_OPTIMAL
56.54393179999897,0.0062889999826438725,1,LOCALLY_OPTIMAL
56.61399780001375,0.005659200018271804,1,LOCALLY_OPTIMAL
56.683989999990445,0.008273899991763756,1,LOCALLY_OPTIMAL
56.75372989999596,0.0058348999882582575,1,LOCALLY_OPTIMAL
56.82380869999179,0.005987400014419109,1,LOCALLY_OPTIMAL
56.89364090000163,0.0054422999965026975,1,LOCALLY_OPTIMAL
56.96356050000759,0.009263600019039586,1,LOCALLY_OPTIMAL
57.033539900003234,0.0055779000103939325,1,LOCALLY_OPTIMAL
57.103916899999604,0.00534709999919869,1,LOCALLY_OPTIMAL
57.17398369999137,0.005614100024104118,1,LOCALLY_OPTIMAL
57.24358459998621,0.006063899985747412,1,LOCALLY_OPTIMAL
57.31385279999813,0.00539160001790151,1,LOCALLY_OPTIMAL
57.38356039999053,0.005375099979573861,1,LOCALLY_OPTIMAL
57.45390409999527,0.005733199999667704,1,LOCALLY_OPTIMAL
57.52356589998817,0.005970300000626594,1,LOCALLY_OPTIMAL
57.593959299993,0.006260000023758039,1,LOCALLY_OPTIMAL
57.66354070001398,0.005655799992382526,1,LOCALLY_OPTIMAL
57.73362849999103,0.006097300007240847,1,LOCALLY_OPTIMAL
57.803883799992036,0.0055911999952513725,1,LOCALLY_OPTIMAL
57.87413290000404,0.013808799994876608,1,LOCALLY_OPTIMAL
57.94392789999256,0.006081800005631521,1,LOCALLY_OPTIMAL
58.01380539999809,0.0058317999937571585,1,LOCALLY_OPTIMAL
58.08399479999207,0.009659200004534796,1,LOCALLY_OPTIMAL
58.153770900011295,0.006074000004446134,1,LOCALLY_OPTIMAL
58.223938999988604,0.00591170002007857,1,LOCALLY_OPTIMAL
58.293532599986065,0.005806700006360188,1,LOCALLY_OPTIMAL
58.363712299993495,0.005737200001021847,1,LOCALLY_OPTIMAL
58.433653499989305,0.00676499999826774,1,LOCALLY_OPTIMAL
58.50380460001179,0.006170600012410432,1,LOCALLY_OPTIMAL
58.57404179999139,0.013341599988052621,1,LOCALLY_OPTIMAL
58.643594099994516,0.006506500008981675,1,LOCALLY_OPTIMAL
58.713569299987284,0.016820100019685924,1,LOCALLY_OPTIMAL
58.7834778999968,0.006706899992423132,1,LOCALLY_OPTIMAL
58.8538067000045,0.006188500003190711,1,LOCALLY_OPTIMAL
58.923558899987256,0.007040700002107769,1,LOCALLY_OPTIMAL
58.993648000003304,0.005881699995370582,1,LOCALLY_OPTIMAL
59.063626999995904,0.00649390000035055,1,LOCALLY_OPTIMAL
59.13352750000195,0.0063390000141225755,1,LOCALLY_OPTIMAL
59.20391059998656,0.006054600002244115,1,LOCALLY_OPTIMAL
59.27395500001148,0.013013799994951114,1,LOCALLY_OPTIMAL
59.344143299997086,0.007594800001243129,1,LOCALLY_OPTIMAL
59.41352659999393,0.018942000024253502,1,LOCALLY_OPTIMAL
59.48377399999299,0.00650870002573356,1,LOCALLY_OPTIMAL
59.55362550000427,0.006987900007516146,1,LOCALLY_OPTIMAL
59.6236923999968,0.0063071999757084996,1,LOCALLY_OPTIMAL
59.6935441000096,0.014510000008158386,1,LOCALLY_OPTIMAL
59.76371579998522,0.005794099997729063,1,LOCALLY_OPTIMAL
59.83364719999372,0.005593199981376529,1,LOCALLY_OPTIMAL
59.903845099994214,0.004461299977265298,1,LOCALLY_OPTIMAL
59.97369569999864,0.00498699999297969,1,LOCALLY_OPTIMAL
60.04373669999768,0.006248599995160475,1,LOCALLY_OPTIMAL
