t,X,Y,psi,vx
0.05356000000028871,9.53674295089968e-09,-1.5161930377871613e-08,3.1399998664855957,0.0
0.12391150000621565,-0.0006999398465268314,-1.7636897098327609e-07,3.141823116933004,0.002625486318867906
0.19361529999878258,-0.002799782669171691,-9.59603949013399e-06,3.147294823323385,0.009845154247093707
0.26389810000546277,-0.0062993671745061874,-4.82674477098044e-05,3.153775755559103,0.020500656593111007
0.3336231999855954,-0.011198525317013264,-0.000125173493870534,3.1577995459186,0.033755487344500165
0.4038847000047099,-0.01749742031097412,-0.00023750070249661803,3.1597703138934534,0.0488343612146465
0.47385740000754595,-0.025195704773068428,-0.0003855596296489239,3.161051336918966,0.06550594259432724
0.543890700006159,-0.034293532371520996,-0.0005692482809536159,3.1619754473315638,0.08340853005274657
0.613508999987971,-0.04479086771607399,-0.0007896707975305617,3.1627536455737513,0.10190721903914188
0.6836772999959067,-0.05668766796588898,-0.0010477799223735929,3.16344124475588,0.12095824510180578
0.7536859000101686,-0.07698192447423935,-0.0015040356665849686,3.164349619542257,0.14148882228931847
0.8237719000026118,-0.09167756140232086,-0.0018444657325744629,3.1648595968829554,0.1612793981701705
0.8940779000113253,-0.10777262598276138,-0.0022237789817154408,3.1652239004718226,0.18142346515850172
0.9638575999997556,-0.1252671629190445,-0.002640429651364684,3.1654380003558558,0.20161831449849082
1.033870699990075,-0.14416128396987915,-0.0030920400749891996,3.165473286305563,0.2221537165415139
1.1037293999979738,-0.16445499658584595,-0.0035748176742345095,3.165321413670675,0.24231093906941126
1.1737156999879517,-0.18614935874938965,-0.00408460246399045,3.1649766604052942,0.2634982717784428
1.2439212999888696,-0.20924265682697296,-0.004616052843630314,3.164463822041647,0.28434388648509373
1.313713799987454,-0.23373591899871826,-0.005164633505046368,3.1638036409961146,0.3051535171299016
1.3837960000091698,-0.2596292495727539,-0.0057248747907578945,3.163034264241354,0.3260004787826984
1.4538135000038892,-0.3009195625782013,-0.006574276369065046,3.1616984049426478,0.34757881825483555
1.5236381999857258,-0.3296135365962982,-0.0071327220648527145,3.1608856360064905,0.3685420756276991
1.5936030999873765,-0.3597075641155243,-0.007696421351283789,3.160109821950094,0.3888508218843028
1.6636706999852322,-0.3912018835544586,-0.008258076384663582,3.1591830889331263,0.40994526739956366
1.7337544999900274,-0.42410218715667725,-0.008809610269963741,3.158034149800436,0.43107560726174443
1.8040810000093188,-0.4583973288536072,-0.009339827112853527,3.156738344823019,0.45182064085704626
1.8738710999896284,-0.49410104751586914,-0.009843988344073296,3.155341688786642,0.4727950187682065
1.943798499996774,-0.5311972498893738,-0.010312783531844616,3.1538856665240687,0.49350614591379616
2.0139331000100356,-0.5696941018104553,-0.01074234303086996,3.1523316542254847,0.5142325939412353
2.083891299989773,-0.6095914840698242,-0.011120459996163845,3.150675598775045,0.5359293602131872
2.1537884999997914,-0.6718886494636536,-0.011573929339647293,3.14789325395693,0.5576435394653839
2.2237681999977212,-0.7145872116088867,-0.011791652999818325,3.14648682275881,0.5781407835432691
2.293799700011732,-0.7586860656738281,-0.01196860522031784,3.145155970250265,0.5990353400157589
2.3637884999916423,-0.8041850328445435,-0.012058505788445473,3.1429160276996058,0.6200887259180122
2.43360349998693,-0.8510839939117432,-0.012004789896309376,3.139338493347168,0.6406018565941861
2.504024499998195,-0.8993822932243347,-0.011751282028853893,3.1356208324432373,0.6600238297333266
2.5740255000127945,-0.9490814208984375,-0.011353446170687675,3.133037567138672,0.6829879322696597
2.6435333999979775,-1.0001862049102783,-0.01083352416753769,3.1309304237365723,0.7041034896504178
2.7138159000023734,-1.0526810884475708,-0.010173521004617214,3.1281259059906006,0.7250684833950619
2.7835901000071317,-1.1065731048583984,-0.009301617741584778,3.1245412826538086,0.7458832873363922
2.8536311000061687,-1.1898534297943115,-0.007576767820864916,3.1190297603607178,0.7676215498250037
2.923924900009297,-1.2465354204177856,-0.006185669917613268,3.116953134536743,0.7883710168259795
2.9936843999894336,-1.3046156167984009,-0.004712691064924002,3.1157400608062744,0.8092240864529228
3.063532700005453,-1.3640917539596558,-0.003068047109991312,3.1131794452667236,0.8299523424980397
3.13365169998724,-1.4249621629714966,-0.001203909981995821,3.110344648361206,0.8509465317990285
3.2038073999865446,-1.4872275590896606,0.0008370331488549709,3.108593463897705,0.8716032035011241
3.2735362999956124,-1.550890326499939,0.0029869191348552704,3.107555389404297,0.892604200521498
3.343580699991435,-1.6159493923187256,0.005263136699795723,3.1062586307525635,0.9135397345641512
3.4136859999853186,-1.6821378469467163,0.007682595867663622,3.1045875549316406,0.933693025392462
3.483883100008825,-1.7487561702728271,0.010230353102087975,3.1030876636505127,0.9502540998740452
3.553667600004701,-1.8486783504486084,0.014182636514306068,3.1015913486480713,0.9625976152910356
3.623863299988443,-1.9152905941009521,0.016883406788110733,3.1010167598724365,0.9720280063842552
3.6942127000074834,-1.9819016456604004,0.019611096009612083,3.10042142868042,0.9790344115208778
3.7635091000120156,-2.0485098361968994,0.022409025579690933,3.099289655685425,0.9843051587135039
3.833689499995671,-2.115114212036133,0.025292690843343735,3.0980019569396973,0.9881211702339453
3.9034784999967087,-2.181715250015259,0.02825261279940605,3.0970003604888916,0.9910495511346705
3.973931199987419,-2.248314142227173,0.03126190975308418,3.0962328910827637,0.9934997595066759
4.043668900005287,-2.314910650253296,0.03432701155543327,3.09537672996521,0.9949292411820363
4.113761399989016,-2.3815038204193115,0.037460245192050934,3.0942230224609375,0.9964782531429491
4.183515399985481,-2.448092460632324,0.04068643972277641,3.0928456783294678,0.997298121968281
4.253482400003122,-2.5479660034179688,0.045721180737018585,3.0902719497680664,0.997926901571629
4.323837900010403,-2.614541530609131,0.049212969839572906,3.0890636444091797,0.9983392217608554
4.393765999993775,-2.6811134815216064,0.05276986584067345,3.087620496749878,0.9988508010845931
4.463741099985782,-2.747675657272339,0.05650574713945389,3.084616184234619,0.9991261245148509
4.533849700004794,-2.8142216205596924,0.06051718071103096,3.079970598220825,0.9979343178745277
4.603770799993072,-2.880744218826294,0.06489810347557068,3.0745201110839844,0.999910235992679
4.673955600010231,-2.9472405910491943,0.06966261565685272,3.0682308673858643,0.9998342109291085
4.744126000005053,-3.013700246810913,0.0749141126871109,3.060913562774658,1.0
4.813931799988495,-3.0801146030426025,0.08070757985115051,3.051898241043091,0.9998626565469584
4.883685800014064,-3.146462917327881,0.08721590787172318,3.0410900115966797,0.9998539305977101
4.954304699989734,-3.2458279132843018,0.09853824228048325,3.0206239223480225,0.999808396551172
5.023828500008676,-3.3112690448760986,0.10716824978590012,3.0077831745147705,0.9975997532459093
5.093790499988245,-3.3752567768096924,0.11638852208852768,2.9944260120391846,0.9904250773817316
5.163705999992089,-3.43770170211792,0.1264422982931137,2.9774208068847656,0.9798303877762572
5.233616699988488,-3.4985604286193848,0.1374632716178894,2.9563047885894775,0.9667368215874632
5.303601499996148,-3.5577645301818848,0.1496678739786148,2.932285785675049,0.9516239714123336
5.373765900003491,-3.6152849197387695,0.16301409900188446,2.906632900238037,0.9356154099332847
5.443763099989155,-3.6710686683654785,0.17755839228630066,2.8800718784332275,0.9179943494543112
5.5140566999907605,-3.7251076698303223,0.1931689977645874,2.8532848358154297,0.8993817925632912
5.583555199991679,-3.777364730834961,0.20983049273490906,2.8264384269714355,0.8802937935522668
5.653667000005953,-3.852583646774292,0.2365512102842331,2.7866885662078857,0.8593509420894342
5.723921900003916,-3.9010636806488037,0.25549429655075073,2.764840602874756,0.8401787335722964
5.793843299994478,-3.947909116744995,0.27475252747535706,2.7465245723724365,0.8200430579713001
5.863843900006032,-3.993069648742676,0.2943999171257019,2.725712299346924,0.7997441839416187
5.93372349999845,-4.036502361297607,0.3144780695438385,2.7021453380584717,0.7792655123253291
6.003735400008736,-4.078162670135498,0.3350211977958679,2.6772782802581787,0.7586760235528278
6.073608700011391,-4.118064880371094,0.35593143105506897,2.652531385421753,0.7379815978431817
6.144051100010984,-4.156221389770508,0.37713053822517395,2.6287801265716553,0.7170933649103299
6.21376230000169,-4.192697048187256,0.39845171570777893,2.60749888420105,0.6961657483299581
6.284094400005415,-4.227559566497803,0.41974395513534546,2.5890607833862305,0.6754323289628198
6.353968999988865,-4.277804374694824,0.45187029242515564,2.5646204948425293,0.6556250430529876
6.423576700006379,-4.310475826263428,0.47366222739219666,2.550086498260498,0.639004224369567
6.493642799992813,-4.342906951904297,0.495943158864975,2.5357344150543213,0.6267845839857165
6.563909699994838,-4.375832557678223,0.5193689465522766,2.5186893939971924,0.6216346724875937
6.6335102999873925,-4.409406661987305,0.5442745089530945,2.497411012649536,0.6226709370421946
6.7040324000117835,-4.443462371826172,0.5708580017089844,2.472500801086426,0.6286359405439931
6.774069200007943,-4.47787618637085,0.5992317199707031,2.444744348526001,0.6387342951397152
6.843882799992571,-4.512482643127441,0.6295397877693176,2.4150569438934326,0.6514336881575437
6.913645099994028,-4.547168731689453,0.6618478298187256,2.3832812309265137,0.6664747111090039
6.9838288000028115,-4.581722259521484,0.6963093280792236,2.349047899246216,0.6834154904746892
7.053906799992546,-4.632744789123535,0.7521626353263855,2.290586471557617,0.7018129385946301
7.123747600009665,-4.665130138397217,0.7913515567779541,2.2528622150421143,0.7169100450320807
7.194098500011023,-4.6958746910095215,0.8314539790153503,2.2138712406158447,0.7269434946611859
7.263526900002034,-4.724321365356445,0.8722190856933594,2.16784405708313,0.731775333704569
7.333815699996194,-4.750069618225098,0.9133611917495728,2.11594820022583,0.7307972845673089
7.403813499986427,-4.772905349731445,0.9547176361083984,2.062045097351074,0.7254068086407763
7.4735966000007465,-4.793032646179199,0.9961204528808594,2.0103759765625,0.7163593044902593
7.543491099990206,-4.8107404708862305,1.0375921726226807,1.9636656045913696,0.706593955142601
7.613959500013152,-4.826615333557129,1.0793317556381226,1.9259750843048096,0.6968121366909152
7.68375249998644,-4.841115951538086,1.1215626001358032,1.8936258554458618,0.690661865704949
7.753940299997339,-4.860237121582031,1.186130166053772,1.8397419452667236,0.6863476864520881
7.823798099998385,-4.870957851409912,1.2295688390731812,1.8047130107879639,0.6824899340295256
7.894025899993721,-4.880146026611328,1.2729682922363281,1.7701202630996704,0.6781376523680788
7.963903800002299,-4.88765811920166,1.3164417743682861,1.7322062253952026,0.674136230592868
8.033770799986087,-4.893426895141602,1.360100269317627,1.691494345664978,0.6696191044238435
8.103937700012466,-4.897353172302246,1.4040671586990356,1.6496316194534302,0.6688437790261648
8.173613099992508,-4.899473190307617,1.4484308958053589,1.6080399751663208,0.6680695677713002
8.243484800012084,-4.899758338928223,1.4932584762573242,1.5674673318862915,0.669214340265247
8.313849500002107,-4.898271083831787,1.5386042594909668,1.528152585029602,0.6718195613020002
8.383630399999674,-4.89497709274292,1.58449125289917,1.4900929927825928,0.6767164617834873
8.453951200004667,-4.886734485626221,1.6542468070983887,1.4346829652786255,0.6827403032866165
8.52348790000542,-4.879194736480713,1.7006042003631592,1.4030152559280396,0.6886489759486655
8.59368550000363,-4.870442867279053,1.7465903759002686,1.3754990100860596,0.6919394014971225
8.663661800004775,-4.860374450683594,1.7921770811080933,1.345757246017456,0.6936587447264854
8.73411920000217,-4.848875999450684,1.8373795747756958,1.3129737377166748,0.6956290163224217
8.80401660001371,-4.8357977867126465,1.8822147846221924,1.2784538269042969,0.6938546927977227
8.874016999994637,-4.821109294891357,1.9267650842666626,1.2432911396026611,0.699296242822675
8.943801399989752,-4.8047285079956055,1.971060872077942,1.208042860031128,0.7016736189791114
9.014128999988316,-4.786662578582764,2.0151193141937256,1.1725118160247803,0.7047643787657839
9.083647499996005,-4.766794204711914,2.0589306354522705,1.1360632181167603,0.7089722402820244
9.153700700000627,-4.733477592468262,2.1239500045776367,1.0766665935516357,0.7143263029458022
9.223938100010855,-4.709184646606445,2.166078805923462,1.039393663406372,0.7180373492352352
9.293633799999952,-4.683684349060059,2.206958293914795,1.0032548904418945,0.7192712888180007
9.363718700013123,-4.6568145751953125,2.2464675903320312,0.9633199572563171,0.7180686655532774
9.433439499989618,-4.6284589767456055,2.284628391265869,0.9205543398857117,0.7171054543574996
9.504102100007003,-4.5984601974487305,2.321504592895508,0.8775772452354431,0.7163776733458006
9.573698899999727,-4.56679105758667,2.3573243618011475,0.8367797136306763,0.7165617100708226
9.64376129998709,-4.533353328704834,2.392298460006714,0.7992244958877563,0.7189461150983197
9.713917599990964,-4.498114109039307,2.426715612411499,0.7655105590820312,0.7238793924033384
9.783896300010383,-4.460981845855713,2.460775136947632,0.7355226278305054,0.7317708080954518
9.853661700006342,-4.401927471160889,2.5114259719848633,0.6962250471115112,0.7433174492637726
9.92365479998989,-4.361072063446045,2.544459819793701,0.6765096187591553,0.7543605445037258
9.993835300003411,-4.319285869598389,2.5772969722747803,0.6625248193740845,0.7652860464341114
10.063653699995484,-4.276472568511963,2.6099472045898438,0.6476682424545288,0.7751072143499873
10.133806199999526,-4.232510089874268,2.64235520362854,0.6306545734405518,0.7866567630614454
10.203637500002515,-4.187259197235107,2.6744518280029297,0.6125473976135254,0.7982503921234905
10.273499500006437,-4.140687465667725,2.7062456607818604,0.5944108963012695,0.8101466534292792
10.34373079999932,-4.092757701873779,2.7376949787139893,0.5763237476348877,0.8223639385174891
10.413553199992748,-4.0434675216674805,2.7687602043151855,0.557300329208374,0.8354328494157894
10.483801800000947,-3.992771863937378,2.7992641925811768,0.5363427400588989,0.8484389111467014
10.553791999991518,-3.914071559906006,2.843444347381592,0.49760937690734863,0.8619145994647641
10.62357460000203,-3.860599994659424,2.871155261993408,0.472601056098938,0.8720760455123823
10.693619400000898,-3.806724786758423,2.897387742996216,0.4446410536766052,0.8786331322086093
10.76398610000615,-3.752065420150757,2.9216737747192383,0.4085318148136139,0.8836687214317311
10.833728500001598,-3.6963045597076416,2.943864107131958,0.36819836497306824,0.8875676331152622
10.90388709999388,-3.6391525268554688,2.963968515396118,0.32956036925315857,0.8913728690789571
10.973734900006093,-3.580427408218384,2.9824109077453613,0.2966582477092743,0.9009948848914446
11.044233799999347,-3.519955635070801,2.9995181560516357,0.27027758955955505,0.9113173260345047
11.113745400012704,-3.457866668701172,3.0156774520874023,0.2499939352273941,0.9241792633086148
11.183839200006332,-3.3941497802734375,3.0310940742492676,0.2342035174369812,0.9391958728148493
11.253884200006723,-3.2968151569366455,3.053107500076294,0.217110276222229,0.9537646299899794
11.323822700011078,-3.23162841796875,3.0670769214630127,0.2104284018278122,0.9652647447557754
11.393555499991635,-3.16640567779541,3.0808770656585693,0.20794419944286346,0.9740078086769747
11.463797700009309,-3.1011505126953125,3.0945239067077637,0.20550526678562164,0.9805589878350275
11.533787499996834,-3.0358617305755615,3.108008861541748,0.20317232608795166,0.98523316564882
11.603652399993734,-2.9705519676208496,3.1213924884796143,0.20210173726081848,0.9888333439829604
11.673965099995257,-2.905247688293457,3.134803056716919,0.20302319526672363,0.9918957393457966
11.743824900011532,-2.8399715423583984,3.148348569869995,0.20522509515285492,0.9936320477328675
11.813625000009779,-2.7747256755828857,3.162039041519165,0.20719848573207855,0.9955086837296526
11.883563999988837,-2.70949125289917,3.175798177719116,0.20781104266643524,0.9966099949273571
11.95383449998917,-2.6116058826446533,3.196255683898926,0.20436912775039673,0.9974141002002926
12.023743400000967,-2.5462911128997803,3.2096149921417236,0.20080158114433289,0.9981516580515278
12.093948800000362,-2.4809088706970215,3.2226369380950928,0.194298654794693,0.9966394068221895
12.163603399996646,-2.4154114723205566,3.2350685596466064,0.18544313311576843,0.9994014327228149
12.233570999989752,-2.349820137023926,3.2469944953918457,0.1785401701927185,0.9993935223673863
12.303703799989307,-2.2841763496398926,3.258629083633423,0.1749342381954193,0.9994714915278882
12.373698400013382,-2.218508243560791,3.270125150680542,0.17264285683631897,0.999901597213477
12.443581900006393,-2.1528067588806152,3.281428098678589,0.16942255198955536,0.9997628664058427
12.514014499989571,-2.0870561599731445,3.29244327545166,0.1644435077905655,0.9999854527268008
12.584167799999705,-2.021239757537842,3.3030569553375244,0.15841034054756165,1.0
12.653520299994852,-1.92239248752594,3.3181943893432617,0.14846393465995789,0.9999560486391605
12.72353029999067,-1.8564196825027466,3.327787399291992,0.1438252478837967,1.0
12.793914899986703,-1.7904157638549805,3.337165117263794,0.13958866894245148,0.9998736681393521
12.863703000009991,-1.7243486642837524,3.346086263656616,0.13195443153381348,0.999910223800276
12.933518400008325,-1.6581952571868896,3.3543429374694824,0.12091454863548279,1.0
13.003871799999615,-1.591943383216858,3.3617653846740723,0.10871883481740952,1.0
13.073915299988585,-1.5256085395812988,3.3684041500091553,0.09647255390882492,0.998826523887162
13.143772899988107,-1.4591937065124512,3.3741936683654785,0.08397804200649261,1.0
13.213963399990462,-1.392710566520691,3.379132032394409,0.0702531486749649,1.0
13.283840799995232,-1.3261593580245972,3.383044719696045,0.05498150363564491,1.0
13.353764500003308,-1.2262357473373413,3.386873960494995,0.02912059985101223,0.9999336895793445
13.423505199985811,-1.159579873085022,3.3880581855773926,0.015594405122101307,1.0
13.493520699994406,-1.092918038368225,3.388582944869995,0.00449754623696208,1.0
13.563615499995649,-1.026637077331543,3.388179302215576,-0.009966235607862473,0.9983217877696156
13.633649199997308,-0.9612362384796143,3.3868374824523926,-0.023403583094477654,0.9944164134774273
13.703867400006857,-0.897037923336029,3.384932279586792,-0.03021015040576458,0.9866177585872714
13.774215999990702,-0.8342400789260864,3.3830230236053467,-0.029481014236807823,0.9757406663732442
13.843923200009158,-0.7728346586227417,3.3813982009887695,-0.02519942633807659,0.9619414118582021
13.913533599989023,-0.7128222584724426,3.380079507827759,-0.021197453141212463,0.9466776480193502
13.983860000007553,-0.6542064547538757,3.378932476043701,-0.019457021728157997,0.9294588637580443
14.053930800000671,-0.5687369704246521,3.37703537940979,-0.025189172476530075,0.9109739492005359
14.123746099998243,-0.5129347443580627,3.3753676414489746,-0.031631965190172195,0.8925290743142369
14.193760800000746,-0.45855337381362915,3.3731508255004883,-0.0465247705578804,0.8736462912055356
14.26391650000005,-0.4056466519832611,3.3696088790893555,-0.0759797915816307,0.8540035573187382
14.333876799995778,-0.3543245494365692,3.3640506267547607,-0.12213809043169022,0.8340862135184017
14.403715199994622,-0.30479395389556885,3.3557515144348145,-0.18220023810863495,0.813966659841724
14.47352190001402,-0.25728967785835266,3.344498634338379,-0.2515895664691925,0.7935157157443584
14.543613799993182,-0.21208006143569946,3.3301892280578613,-0.32454895973205566,0.7728437651048077
14.613900500000454,-0.16929396986961365,3.3132410049438477,-0.3947909474372864,0.7497053764948669
14.683928699989337,-0.12899473309516907,3.2940785884857178,-0.4586499035358429,0.730035854526539
14.753480399987893,-0.07280659675598145,3.2624499797821045,-0.5381813049316406,0.7099441247973169
14.823604700010037,-0.03760503605008125,3.239858388900757,-0.5780066251754761,0.6893308354632559
14.893728299997747,-0.00400206446647644,3.216919183731079,-0.6054990291595459,0.6692640670290054
14.963680299988482,0.02849455736577511,3.193506956100464,-0.6303265690803528,0.6523927932629845
15.033689700008836,0.060410670936107635,3.169311761856079,-0.6549785733222961,0.6395319730058627
15.104073399998015,0.09202766418457031,3.14406681060791,-0.6798617839813232,0.6314222955137475
15.173742599989055,0.12373252958059311,3.1174817085266113,-0.7033405900001526,0.6287781727530501
15.244148500001756,0.15591736137866974,3.0893051624298096,-0.7234014272689819,0.631930505932042
15.3135273999942,0.18864989280700684,3.0596389770507812,-0.7402932047843933,0.6396009965523901
15.383879500004696,0.22192934155464172,3.0285000801086426,-0.7558321356773376,0.6505446682404319
15.453952799987746,0.2726210653781891,2.9790563583374023,-0.7824309468269348,0.6649146460863793
15.523813999985578,0.30647340416908264,2.9444992542266846,-0.7992804050445557,0.6801148736581384
15.593860399996629,0.34070444107055664,2.908355236053467,-0.8184407949447632,0.6965327749468455
15.664069999998901,0.3749403953552246,2.8703200817108154,-0.8452942371368408,0.7143201978543983
15.734072199993534,0.4088103473186493,2.8301119804382324,-0.8809801936149597,0.7330617985446217
15.803932400012854,0.44179821014404297,2.787396192550659,-0.9243876934051514,0.7515295081912581
15.873588499991456,0.47342127561569214,2.7420921325683594,-0.9754446148872375,0.7715778072417574
15.943719800008694,0.5027561783790588,2.694460153579712,-1.0337022542953491,0.7883742969588068
16.013895200012485,0.5290501117706299,2.6450939178466797,-1.0992695093154907,0.8007701706972568
16.08361080000759,0.5514835119247437,2.5945563316345215,-1.1714441776275635,0.8081189494162777
16.153860599995824,0.57701176404953,2.5177812576293945,-1.2922840118408203,0.8081511402951591
16.223932099994272,0.5885709524154663,2.466201066970825,-1.3666380643844604,0.804293547213114
16.293656399997417,0.5963800549507141,2.4153409004211426,-1.4386197328567505,0.7962202226976397
16.363627999991877,0.5999660491943359,2.3654136657714844,-1.5203479528427124,0.7846788268532859
16.43363600000157,0.5993138551712036,2.3167619705200195,-1.6067698001861572,0.7708169820580053
16.50359030000982,0.5946248769760132,2.2696564197540283,-1.689253568649292,0.7554180139034371
16.573932800005423,0.5866444110870361,2.2238075733184814,-1.7591458559036255,0.7415651533378975
16.64365809998708,0.5759549736976624,2.178769826889038,-1.8166437149047852,0.7291539193149703
16.713815199997043,0.5628334283828735,2.134155035018921,-1.8712652921676636,0.7216235976109459
16.78407620001235,0.5469042062759399,2.089792013168335,-1.9305287599563599,0.7181539252310194
16.853805999999167,0.5170472860336304,2.0237324237823486,-2.029205322265625,0.7196855186716737
16.923786900006235,0.4933510720729828,1.9808887243270874,-2.088486671447754,0.7233187999149436
16.993711399991298,0.46714264154434204,1.938801646232605,-2.1417155265808105,0.7284697401692732
17.064064800011693,0.4381045401096344,1.897598385810852,-2.1992921829223633,0.7352889529642633
17.133878599997843,0.4059654474258423,1.8574285507202148,-2.262056350708008,0.7439035748597314
17.20362360001309,0.37044408917427063,1.8185595273971558,-2.3266992568969727,0.7552199918839682
17.273723099991912,0.331631600856781,1.7811347246170044,-2.3903911113739014,0.7690961213445431
17.343679399986286,0.28954848647117615,1.745341420173645,-2.4504597187042236,0.7840584688949404
17.413666400010698,0.24448785185813904,1.7111343145370483,-2.506075382232666,0.8001839267184379
17.483602899999823,0.19658276438713074,1.6786847114562988,-2.558149814605713,0.8170415573059032
17.55386479999288,0.11991528421640396,1.633362889289856,-2.6327462196350098,0.8354259565257346
17.623752299987245,0.06678634136915207,1.6060007810592651,-2.674060106277466,0.8503745417045687
17.693784200004302,0.01279636099934578,1.5804722309112549,-2.7096621990203857,0.8620389264364546
17.764136299985694,-0.042089663445949554,1.5571683645248413,-2.7510101795196533,0.8700246447107617
17.833569899987197,-0.09794054180383682,1.5364428758621216,-2.799640417098999,0.8757832097822311
17.90375739999581,-0.15486857295036316,1.5186892747879028,-2.8521454334259033,0.8799386726531266
17.973930600011954,-0.21287545561790466,1.5038927793502808,-2.9057087898254395,0.8849431524649011
18.043870399997104,-0.27202731370925903,1.492205262184143,-2.959392786026001,0.8897764204000036
18.11365049998858,-0.3323622941970825,1.4836313724517822,-3.015416383743286,0.8958388751999101
18.185310100001516,-0.39410126209259033,1.4789103269577026,-3.0846056938171387,0.9037599924925263
18.253538899996784,-0.4890005886554718,1.482566237449646,-3.235774103795187,0.9151566948394168
18.32395630000974,-0.5525979995727539,1.4930962324142456,-3.319226090108053,0.9280487091664917
18.39369140000781,-0.6167927980422974,1.5074735879898071,-3.376928154622213,0.941849570860668
18.463740500010317,-0.6807586550712585,1.525918960571289,-3.4373698870288294,0.9568560829172621
18.533502800011775,-0.7435613870620728,1.548261046409607,-3.4992902914630335,0.9674076114476311
18.603602899995167,-0.8049547672271729,1.5742383003234863,-3.5526416937457483,0.9757268707628811
18.673746999993455,-0.8652778267860413,1.6026171445846558,-3.5884678999530237,0.9818238742614817
18.743695699988166,-0.9248769879341125,1.6324893236160278,-3.6096654574023646,0.9859459504235095
18.81364609999582,-0.9840837121009827,1.6631323099136353,-3.6218093077289026,0.989888902916233
18.883796400012216,-1.0429925918579102,1.694344401359558,-3.63059908548464,0.9923792166558181
18.95377140000346,-1.1310213804244995,1.7417892217636108,-3.637705151234762,0.994278000217689
19.024018099997193,-1.1896100044250488,1.773598551750183,-3.6384924093829554,0.9954248639255507
19.09353869999177,-1.2483155727386475,1.805191159248352,-3.6330891291247767,0.9966442169638129
19.16391649999423,-1.3073185682296753,1.836224913597107,-3.6229193846331995,0.9974520876962418
19.233836300001713,-1.3667285442352295,1.8664714097976685,-3.6078460852252405,0.9984427387928145
19.303679800010286,-1.4266999959945679,1.8955882787704468,-3.5886364618884485,0.9988315699146796
19.37359520001337,-1.4872995615005493,1.9233715534210205,-3.5641990343676966,0.9990056154251461
19.443794699996943,-1.5486854314804077,1.949371576309204,-3.5348199049579065,0.9992609517987207
19.51380310000968,-1.610889196395874,1.973354458808899,-3.4991851488696497,0.9991407530539356
19.58386429998791,-1.6740309000015259,1.9947351217269897,-3.4577906767474573,0.9996054206889954
19.65364549998776,-1.7704249620437622,2.0212557315826416,-3.3829618136035364,0.9996151340641828
19.72376960000838,-1.8356494903564453,2.0350418090820312,-3.343940083180563,0.9995006430277747
19.793655799992848,-1.901253342628479,2.04687237739563,-3.3079806009875696,0.9996912070803128
19.863690199999837,-1.967375636100769,2.055314302444458,-3.253223482762472,0.9993159501297593
19.9338160000043,-2.0338990688323975,2.0595197677612305,-3.186929766331808,0.999801988912773
20.004002400004538,-2.1005606651306152,2.059354305267334,-3.1268794536590576,0.9998575505760604
20.07401640000171,-2.167156219482422,2.056309700012207,-3.08939528465271,0.9997893309170809
20.14389169999049,-2.233675479888916,2.0518765449523926,-3.073723554611206,0.9999063704055628
20.21349259998533,-2.300163745880127,2.0470023155212402,-3.0657527446746826,0.999807416639271
20.283551000000443,-2.3665878772735596,2.0413246154785156,-3.0522191524505615,0.999757661253169
20.353481800004374,-2.4659972190856934,2.0305044651031494,-3.022336721420288,0.9998902515049399
20.423734999989392,-2.531623125076294,2.0217442512512207,-3.006248712539673,0.9981904132882216
20.49365290001151,-2.5962202548980713,2.012403726577759,-2.994936943054199,0.9934338535743237
20.563625599985244,-2.6595263481140137,2.002413511276245,-2.9811928272247314,0.9852074264068997
20.633956500008935,-2.7212769985198975,1.9916023015975952,-2.9629101753234863,0.9740164001307425
20.703804899996612,-2.78141450881958,1.9797675609588623,-2.9421346187591553,0.9583035216201289
20.77393039999879,-2.839909076690674,1.9669102430343628,-2.918337345123291,0.945518316563861
20.843638699996518,-2.8966710567474365,1.9527955055236816,-2.8908627033233643,0.9283736114761643
20.913975400006166,-2.951629161834717,1.937341570854187,-2.85770583152771,0.9104861696897514
20.983612000010908,-3.00460147857666,1.9201587438583374,-2.817186117172241,0.8916140512870012
21.053967599989846,-3.0800678730010986,1.890550971031189,-2.738964796066284,0.871297790297744
21.123608599998988,-3.1278839111328125,1.8679468631744385,-2.689253330230713,0.8518996243933439
21.193730500002857,-3.173309326171875,1.8437080383300781,-2.6343600749969482,0.8317722154098486
21.263924099999713,-3.215683937072754,1.8170146942138672,-2.5576164722442627,0.8117029587939499
21.333525199996075,-3.2542736530303955,1.7873520851135254,-2.4571259021759033,0.7912331992308482
21.4035356999957,-3.2882018089294434,1.7544333934783936,-2.3420443534851074,0.7706077160955153
21.47389339999063,-3.3172247409820557,1.7189075946807861,-2.2262911796569824,0.7499453223400225
21.543866199994227,-3.341320037841797,1.6815204620361328,-2.117588996887207,0.7292551328141188
21.614051799988374,-3.360867738723755,1.6431301832199097,-2.0157151222229004,0.7076777478665714
21.68385890001082,-3.3760292530059814,1.6040643453598022,-1.9170092344284058,0.6885059501507715
21.75384769999073,-3.391465663909912,1.543753981590271,-1.7732703685760498,0.6718313812147114
21.824141499993857,-3.3971526622772217,1.5026214122772217,-1.6912212371826172,0.6594945306947793
21.893814100010786,-3.4000790119171143,1.4608564376831055,-1.6244758367538452,0.6516139703588473
21.963645400013775,-3.4002907276153564,1.4181082248687744,-1.5602171421051025,0.6491357489844365
22.03354480001144,-3.3977279663085938,1.3742904663085938,-1.496432900428772,0.6514133945539329
22.10373969998909,-3.392261266708374,1.3296172618865967,-1.4343105554580688,0.6572475227638901
22.17391799998586,-3.383810043334961,1.28461754322052,-1.3660109043121338,0.6647176486035757
22.243812500004424,-3.371690511703491,1.2400730848312378,-1.2828941345214844,0.6714560513092815
22.313663400011137,-3.355400562286377,1.1967743635177612,-1.183642864227295,0.6771860875334881
22.383713999995962,-3.3345532417297363,1.1555105447769165,-1.0768920183181763,0.6810949579626016
22.453526400000555,-3.295353412628174,1.098163366317749,-0.9177854061126709,0.6840988035546043
22.523814299987862,-3.2647085189819336,1.0636425018310547,-0.8251078724861145,0.6861935213890731
22.593646099994658,-3.2315003871917725,1.0318011045455933,-0.7429501414299011,0.6872561025842729
22.66418419999536,-3.19535756111145,1.0026999711990356,-0.6560665369033813,0.6890703584486495
22.73400570001104,-3.1559789180755615,0.9763745069503784,-0.5670537948608398,0.6947718795583453
22.803967299987562,-3.1132524013519287,0.9528575539588928,-0.484925240278244,0.7034644343485448
22.873644500010414,-3.0676989555358887,0.931829571723938,-0.4174273908138275,0.7161868143631356
22.943622399994638,-3.019739866256714,0.9128563404083252,-0.3667878806591034,0.7303902453544302
23.013785899995128,-2.969780206680298,0.8952345848083496,-0.3317355215549469,0.7465099268851514
23.08379609999247,-2.9180126190185547,0.878549337387085,-0.30690622329711914,0.7634984840167266
23.153577099990798,-2.837463617324829,0.8546713590621948,-0.2795189619064331,0.7829530612601847
23.223733099992387,-2.7826921939849854,0.8395910263061523,-0.2665954828262329,0.8001877559606464
23.29363500000909,-2.7271904945373535,0.8248081803321838,-0.25822213292121887,0.8149799184173847
23.363787799986312,-2.671320676803589,0.8104246854782104,-0.24991574883460999,0.8280263290471745
23.433861099998467,-2.615482807159424,0.7965301275253296,-0.24195946753025055,0.83685171463659
23.503604700003052,-2.560072898864746,0.7831569314002991,-0.23550550639629364,0.8413930762867694
23.573735199985094,-2.5054516792297363,0.7702499032020569,-0.23118160665035248,0.8413063675181037
23.64374199998565,-2.451871871948242,0.7577705383300781,-0.22818142175674438,0.8373669260671368
23.713768199988408,-2.3994743824005127,0.7457207441329956,-0.2251655012369156,0.8290401866085788
23.783831800014013,-2.348252534866333,0.7341541647911072,-0.22070328891277313,0.8193430292492898
23.85353789999499,-2.273143768310547,0.717892050743103,-0.2084219604730606,0.8062634546547569
23.92368959999294,-2.2239181995391846,0.7078991532325745,-0.19681790471076965,0.7934379390456718
23.993547999998555,-2.175694465637207,0.6989057064056396,-0.17865531146526337,0.7788630082076772
24.063917399995262,-2.128000020980835,0.6912181973457336,-0.15221045911312103,0.765516162203337
24.133854899992002,-2.0800185203552246,0.6851561665534973,-0.11440692096948624,0.7552696744007295
24.203937999991467,-2.0308966636657715,0.6813351511955261,-0.06387358903884888,0.7514414500190738
24.273564700008137,-1.9803544282913208,0.6804395318031311,9.108010272029787e-05,0.7532341190172503
24.34368930000346,-1.928476333618164,0.6831911206245422,0.06932316720485687,0.7591480030729807
24.41369119999581,-1.8754962682724,0.6894774436950684,0.13336589932441711,0.7698473866571884
24.48373989999527,-1.82158362865448,0.6990430951118469,0.18661914765834808,0.7826836039010625
24.553869499999564,-1.7391915321350098,0.7181424498558044,0.24632462859153748,0.7981764965108701
24.623704800003907,-1.683689832687378,0.7333879470825195,0.27105948328971863,0.815181928445617
24.6939396999951,-1.6270406246185303,0.749723494052887,0.28430816531181335,0.8323766510591357
24.76364960000501,-1.5693084001541138,0.7673283219337463,0.3003493845462799,0.8506035071206144
24.83384209999349,-1.5105751752853394,0.786414623260498,0.31910592317581177,0.8693662248740843
24.90382999999565,-1.4508748054504395,0.807020902633667,0.33561640977859497,0.8892073270141431
24.973717499990016,-1.3900896310806274,0.8287640810012817,0.3448127210140228,0.9089466369889945
25.043928200000664,-1.3280622959136963,0.8511878252029419,0.3463771343231201,0.9287682094985137
25.113769599993248,-1.265289545059204,0.8736222386360168,0.34115520119667053,0.946662430494214
25.18357530000503,-1.2023042440414429,0.8954691886901855,0.3307710587978363,0.9599383096148725
25.253908299986506,-1.1072267293930054,0.9264482855796814,0.3053975999355316,0.9699932362444942
25.3235382999992,-1.0440417528152466,0.9454018473625183,0.2869500517845154,0.9747135356134091
25.393592200009152,-0.9818398952484131,0.9627131223678589,0.2646476626396179,0.9732564554220555
25.463751400006004,-0.9205369353294373,0.977939784526825,0.23553137481212616,0.966805402892766
25.533796900010202,-0.8601132035255432,0.9907360672950745,0.19727502763271332,0.95668483840741
25.603780000004917,-0.8005490899085999,1.00052809715271,0.15090233087539673,0.9438861909783356
25.673749000008684,-0.741963803768158,1.0071853399276733,0.09885234385728836,0.9290148830923612
25.743993699987186,-0.6844958066940308,1.0104953050613403,0.04414775222539902,0.912659891182738
25.813576599990483,-0.6283330321311951,1.0107377767562866,-0.009403514675796032,0.8952033508223085
25.88411179999821,-0.5736307501792908,1.0081146955490112,-0.059618521481752396,0.8766677029576412
25.953628499992192,-0.4943237602710724,0.9998989105224609,-0.12407558411359787,0.8567931563355684
26.02349839999806,-0.44290006160736084,0.9921258091926575,-0.15543986856937408,0.8373365868776628
26.093712700007018,-0.39281153678894043,0.9835124611854553,-0.17454463243484497,0.8187228730320076
26.16346290000365,-0.3438790440559387,0.9739588499069214,-0.20286674797534943,0.8011799334055552
26.233474899985595,-0.2961975038051605,0.9621445536613464,-0.26319387555122375,0.7849397356025178
26.30371589999413,-0.25005078315734863,0.9464883804321289,-0.35069647431373596,0.7709599229613627
26.37362659999053,-0.20545946061611176,0.9264192581176758,-0.44771698117256165,0.7620519998003933
26.443642300000647,-0.16227012872695923,0.9017834067344666,-0.5386968851089478,0.7580089659045165
26.513826600014,-0.12012287974357605,0.8732085227966309,-0.611415684223175,0.7590328729332163
26.583981700008735,-0.07852274924516678,0.8414701819419861,-0.6601367592811584,0.7659233710025974
26.653811099997256,-0.0156257264316082,0.7905274629592896,-0.6843025088310242,0.7764767625157152
26.7236094000109,0.027003802359104156,0.7558476328849792,-0.6780850291252136,0.7887398896797296
26.79359499999555,0.07128562033176422,0.7216101884841919,-0.6482051014900208,0.8013151544443728
26.86348959998577,0.1175038143992424,0.6889421939849854,-0.6025331616401672,0.8132151577645677
26.933434600010514,0.16557490825653076,0.6588404774665833,-0.5419462323188782,0.8228030710242626
27.0034985000093,0.21537810564041138,0.6324578523635864,-0.4671308994293213,0.8278234777625741
27.073467400012305,0.266623854637146,0.6106769442558289,-0.3761617839336395,0.8302460422084622
27.143832000001566,0.31911104917526245,0.5945335030555725,-0.27134451270103455,0.8284247865864387
27.21353999999701,0.3725627064704895,0.5844201445579529,-0.15622493624687195,0.8252417927762956
27.284155000001192,0.4268791973590851,0.5808461308479309,-0.036756306886672974,0.8219882988679394
27.353902300004847,0.5097492337226868,0.5874475240707397,0.13676944375038147,0.8245958960296331
27.423569600010524,0.5647535920143127,0.5991206765174866,0.22356100380420685,0.8293004602496823
27.49359800000093,0.6199342012405396,0.6140268445014954,0.2748347818851471,0.8359516426476596
27.563699699996505,0.6754763722419739,0.6316254138946533,0.31645238399505615,0.8455461493154712
27.63373679999495,0.7309485673904419,0.651822030544281,0.36237460374832153,0.8558346503589039
27.703951600007713,0.7855300903320312,0.6754706501960754,0.42868709564208984,0.8647425854639768
27.77408830000786,0.8383468389511108,0.7041177153587341,0.5250706076622009,0.8718165969879961
27.843737899995176,0.8884562253952026,0.7390289306640625,0.6348729729652405,0.8838753844529131
27.91352229999029,0.9355835318565369,0.7797614336013794,0.7368814945220947,0.8977084028073747
27.983952999988105,0.9798712134361267,0.8255468010902405,0.8179842829704285,0.9121256545705037
28.05384010000853,1.0428106784820557,0.9006568789482117,0.8960767388343811,0.9288604393701785
28.123620099999243,1.082850694656372,0.9533318281173706,0.9226769804954529,0.9447216738578461
28.193477099994197,1.1227623224258423,1.0066418647766113,0.9299216270446777,0.957837576965259
28.263873099989723,1.1622625589370728,1.0603461265563965,0.9397889971733093,0.9690264547354317
28.33406309998827,1.2010815143585205,1.1145448684692383,0.9524117112159729,0.9754360360367856
28.403645599988522,1.2393375635147095,1.1691428422927856,0.9604997038841248,0.9827524779686282
28.47381789999781,1.277590036392212,1.2237430810928345,0.9570705890655518,0.987231310789318
28.543928400002187,1.316536545753479,1.277849793434143,0.9419360160827637,0.9903322550474035
28.61374319999595,1.3566601276397705,1.3310892581939697,0.9179242849349976,0.9928795692221214
28.683972700004233,1.398112416267395,1.3829751014709473,0.8895391821861267,0.9903240877568693
28.753697000007378,1.462649941444397,1.457809567451477,0.8429802656173706,0.9917794207911916
28.823749900009716,1.506914496421814,1.5054738521575928,0.8177799582481384,0.9877572761692184
28.893913300009444,1.5510900020599365,1.5512959957122803,0.7985613346099854,0.9792633841508817
28.963799299992388,1.5951752662658691,1.5952454805374146,0.7791942358016968,0.966922190549061
29.033491999987746,1.6391488313674927,1.6376796960830688,0.765159010887146,0.9556474429610298
29.103789499989944,1.6828384399414062,1.6793851852416992,0.7640058994293213,0.943105794597126
29.17396230000304,1.7261929512023926,1.7213528156280518,0.7706093192100525,0.9339038077667221
29.243772799993167,1.7697526216506958,1.7637721300125122,0.7707333564758301,0.9281854120741718
29.313541899988195,1.8142801523208618,1.8064254522323608,0.7599648833274841,0.9269496353997596
29.383943099994212,1.8603246212005615,1.8491566181182861,0.7442425489425659,0.9314466395171628
29.45366379999905,1.9321269989013672,1.9135569334030151,0.7258138060569763,0.9396917516043769
29.524019000004046,1.9807850122451782,1.9562848806381226,0.7207143902778625,0.9475233068035964
29.59360160000506,2.0294628143310547,1.9991456270217896,0.7229227423667908,0.953433256180173
29.66391949998797,2.0779869556427,2.0422158241271973,0.7269526124000549,0.9588937935896149
29.73349149999558,2.126270294189453,2.085463762283325,0.7318753600120544,0.9621467803722342
29.803969100001268,2.1741721630096436,2.128925085067749,0.7389346957206726,0.9642554673589001
29.873634399991715,2.2214982509613037,2.1727075576782227,0.7499256134033203,0.9649114884698307
29.943561199994292,2.268007755279541,2.216984272003174,0.7649149894714355,0.9645103342113263
30.013755199994193,2.3135221004486084,2.2618749141693115,0.7839071154594421,0.9631331467698421
30.083800099993823,2.3578412532806396,2.3075432777404785,0.8061081171035767,0.9598076928452756
30.153773400001228,2.421898365020752,2.3778152465820312,0.8457658886909485,0.9582350774514015
30.223871599999256,2.4625954627990723,2.425508737564087,0.8689820170402527,0.9537711541614483
30.29361309998785,2.5016047954559326,2.4731340408325195,0.8910737633705139,0.9461321763706874
30.36381770001026,2.5387632846832275,2.521084785461426,0.9190900921821594,0.9370659741260475
30.433851200010395,2.574087381362915,2.5697662830352783,0.9520820379257202,0.9284601943878095
30.503509400004987,2.6076531410217285,2.6195836067199707,0.985715389251709,0.9216746336104679
30.573480799997924,2.639815092086792,2.670724630355835,1.0173535346984863,0.9178140827502848
30.643786800006637,2.670567512512207,2.7236218452453613,1.0548912286758423,0.9177521237721589
30.713790999987395,2.6988229751586914,2.7791337966918945,1.1229923963546753,0.9219933965579022
30.784048500005156,2.7222487926483154,2.838369607925415,1.2183175086975098,0.9302828353686905
30.853703500004485,2.7475717067718506,2.9329910278320312,1.350927472114563,0.9414919396978095
30.923805600003107,2.7591376304626465,2.9982094764709473,1.3976730108261108,0.9557175440081805
30.993769499997143,2.7703335285186768,3.063929796218872,1.4016239643096924,0.9666751144959689
31.063663400011137,2.781440258026123,3.129664659500122,1.4060657024383545,0.9745120753815475
31.13403610000387,2.791720151901245,3.195533275604248,1.4205875396728516,0.9812970826032811
31.20396859999164,2.8009450435638428,3.2615649700164795,1.4341808557510376,0.9846157114024385
31.273548199998913,2.81009840965271,3.32759952545166,1.4275606870651245,0.9899709732305412
31.344046399986837,2.821207284927368,3.3933095932006836,1.3900787830352783,0.9922811847374194
31.413842699985253,2.8363876342773438,3.458008050918579,1.3169562816619873,0.9933485570907491
31.48372349998681,2.85797381401062,3.520129919052124,1.2018790245056152,0.9916688245637395
31.55390110000735,2.906001567840576,3.60386323928833,0.9655997157096863,0.9841865205347828
31.623892900010105,2.947611093521118,3.6516828536987305,0.8271844387054443,0.9752763495487475
31.693582800013246,2.993398427963257,3.6934516429901123,0.7056150436401367,0.9640249537821485
31.763958299998194,3.0433638095855713,3.727684497833252,0.5619209408760071,0.94990555570713
31.833739299996523,3.096707582473755,3.7532854080200195,0.40870755910873413,0.934138406903921
31.903776899998775,3.1519811153411865,3.770092725753784,0.25735753774642944,0.9171792735741126
31.97353220000514,3.20819354057312,3.7783427238464355,0.10851696133613586,0.9005020702369785
32.04363520001061,3.2645583152770996,3.778217077255249,-0.03914402052760124,0.8870991660622561
32.114122200000565,3.3197929859161377,3.769932270050049,-0.18546006083488464,0.8746318523445633
32.18404120000196,3.372286081314087,3.754084587097168,-0.3290970027446747,0.8613226946805264
32.25375139998505,3.443634510040283,3.717940092086792,-0.5388135313987732,0.8453931060142241
32.32390540000051,3.485895872116089,3.687106132507324,-0.6530188918113708,0.830246185830855
32.394020200008526,3.52457594871521,3.652775287628174,-0.7538729906082153,0.8159636325052787
32.46362759999465,3.559523820877075,3.613567352294922,-0.8747692704200745,0.8094139053741938
32.53349309999612,3.589742422103882,3.5689167976379395,-1.0111112594604492,0.8092130544148699
32.60399490001146,3.6141412258148193,3.5192654132843018,-1.144709825515747,0.8136390037535189
32.67375610000454,3.6334686279296875,3.465916633605957,-1.2392356395721436,0.8233188796591229
32.74350240000058,3.6505699157714844,3.41033935546875,-1.2728807926177979,0.8358737659770142
32.81350570000359,3.668429136276245,3.3535330295562744,-1.2584803104400635,0.8501667118486663
32.88351069999044,3.6885154247283936,3.295990467071533,-1.2272155284881592,0.8660296038448375
32.95352010001079,3.722780704498291,3.2086007595062256,-1.1828962564468384,0.8841995713242599
33.023710799985565,3.748002290725708,3.150055408477783,-1.1595748662948608,0.9021462993756761
33.09350170000107,3.7751271724700928,3.0911192893981934,-1.128477692604065,0.9200907099984206
33.16365559998667,3.805344820022583,3.0332329273223877,-1.0730160474777222,0.9346194539221349
33.233586799993645,3.8396260738372803,2.977874279022217,-0.9928877949714661,0.9451422944843173
33.30360650000512,3.8784713745117188,2.9265425205230713,-0.8994543552398682,0.9499671258475737
33.37353079998866,3.9211606979370117,2.8800039291381836,-0.8037272095680237,0.9473519465363152
33.4440123999957,3.9669876098632812,2.8385164737701416,-0.7163893580436707,0.9427903292108446
33.513533599994844,4.014749050140381,2.8010830879211426,-0.6512038111686707,0.9361996703630409
33.583732900006,4.063447952270508,2.766239881515503,-0.6177536845207214,0.9265912493458202
33.65357540000696,4.137083530426025,2.715460777282715,-0.5962235927581787,0.9186456861762194
33.723719400004484,4.186855316162109,2.6830663681030273,-0.565108597278595,0.9115609684123555
33.793793499993626,4.2384538650512695,2.653654098510742,-0.49493271112442017,0.9060006938002676
33.86351090000244,4.293420791625977,2.62884521484375,-0.40004318952560425,0.905935315298706
33.93365590000758,4.351711750030518,2.608919858932495,-0.30753839015960693,0.9094733655831448
34.00351260000025,4.41276741027832,2.5933427810668945,-0.23653347790241241,0.9194378124050514
34.0739295000094,4.475872993469238,2.5804216861724854,-0.1943802535533905,0.9311576804204997
34.14384060000884,4.540675640106201,2.568915605545044,-0.17245842516422272,0.9436192670275481
34.213731600000756,4.606379985809326,2.558082342147827,-0.1609630137681961,0.9590883041278847
34.283798199991,4.672255516052246,2.5478415489196777,-0.15238511562347412,0.9693284754518328
34.35386820000713,4.771177768707275,2.5331978797912598,-0.14522460103034973,0.9769416040476988
34.42364289998659,4.837157249450684,2.523651361465454,-0.14389275014400482,0.9827416125630575
34.49397589999717,4.903103351593018,2.513878583908081,-0.14994533360004425,0.986794859848394
34.563649399991846,4.968907833099365,2.50319766998291,-0.16622965037822723,0.9897775211648202
34.633475400012685,5.034265041351318,2.4908652305603027,-0.19618035852909088,0.9920227992230073
34.703957099991385,5.098386287689209,2.4759886264801025,-0.24065661430358887,0.9912627823936546
34.7738304999948,5.160426139831543,2.4578309059143066,-0.3040212094783783,0.9858084777865243
34.84363560000202,5.219572067260742,2.4352974891662598,-0.38627371191978455,0.9741317960958351
34.91389880000497,5.274890422821045,2.4075851440429688,-0.4992794096469879,0.9648753393814798
34.98395890000393,5.324652194976807,2.373230457305908,-0.6410961151123047,0.9503822535180607
35.05379720000201,5.386957168579102,2.310857057571411,-0.8590797185897827,0.9324994857691826
35.12362130000838,5.420525550842285,2.2639269828796387,-0.9685980081558228,0.9156989098497039
35.193850400013616,5.449517726898193,2.215675115585327,-1.0545376539230347,0.8977757413999533
35.26355860001058,5.472606658935547,2.1658897399902344,-1.1704394817352295,0.8789029592244386
35.333684699988225,5.48846435546875,2.1143383979797363,-1.3076895475387573,0.860669423061367
35.4038722999976,5.496893882751465,2.061274766921997,-1.4484367370605469,0.8476135167391724
35.473635000002105,5.497742176055908,2.0069541931152344,-1.5907526016235352,0.8392168749769947
35.54366480000317,5.4906840324401855,1.9519703388214111,-1.7335801124572754,0.8371782014280489
35.61375739998766,5.4755778312683105,1.8975595235824585,-1.8780711889266968,0.8395553733320604
35.68376949999947,5.452574729919434,1.8454498052597046,-2.021385669708252,0.8433274209214034
35.75389789999463,5.40450382232666,1.7744861841201782,-2.2409064769744873,0.8460743973226702
35.823798900004476,5.364958763122559,1.7333554029464722,-2.3575050830841064,0.8484734815685644
35.89362630000687,5.321479320526123,1.6958270072937012,-2.459108591079712,0.8514840190466196
35.963571400003275,5.272446155548096,1.663336157798767,-2.592888832092285,0.8588394939486073
36.03377909999108,5.217826843261719,1.637991189956665,-2.7465474605560303,0.8699852567831318
36.10418639998534,5.158621311187744,1.620893955230713,-2.893853187561035,0.8837192262201232
36.174115400004666,5.096385955810547,1.610798954963684,-2.9997482299804688,0.898975298951776
36.24405390000902,5.03225564956665,1.6042879819869995,-3.0426769256591797,0.9159922830598785
36.31367520001368,4.96671199798584,1.59783935546875,-3.039865732192993,0.9340786954623251
36.38386569998693,4.900504112243652,1.5904994010925293,-3.0298852920532227,0.9475660534610303
36.45371910001268,4.801089286804199,1.579704999923706,-3.0395829677581787,0.9624195447008737
36.52389710000716,4.734708309173584,1.5735427141189575,-3.052323818206787,0.9718879198287997
36.59365299998899,4.668262004852295,1.5681244134902954,-3.0615367889404297,0.9789485553403723
36.663897599995835,4.601797580718994,1.5629322528839111,-3.0631110668182373,0.9843915863422856
36.73379090000526,4.53536319732666,1.5573725700378418,-3.0541317462921143,0.9864872787549446
36.80393669998739,4.469045162200928,1.5505726337432861,-3.0326285362243652,0.9897466558983297
36.87381180000375,4.4030280113220215,1.5413497686386108,-2.986509323120117,0.9940936206888243
36.94389329999103,4.337968349456787,1.5269415378570557,-2.893341302871704,0.9932324904140677
37.013680400006706,4.275759220123291,1.5041035413742065,-2.7463417053222656,0.9953663484284585
37.08394340000814,4.219201564788818,1.4715824127197266,-2.578676700592041,0.9904774124471545
37.15360759999021,4.147229194641113,1.4090712070465088,-2.354410171508789,0.9807194960848109
37.22380269999849,4.107110500335693,1.3611629009246826,-2.2526156902313232,0.9701496030840372
37.293554600008065,4.071310520172119,1.3116803169250488,-2.1713368892669678,0.9564439738577861
37.36358420000761,4.041959285736084,1.2597427368164062,-2.049154043197632,0.940987238559931
37.43347429999267,4.020898818969727,1.205429196357727,-1.9025592803955078,0.9240350849651865
37.50372030001017,4.008384704589844,1.1499627828598022,-1.7573562860488892,0.9059050358015938
37.57369590000599,4.003725528717041,1.094693660736084,-1.6214183568954468,0.8873573017371718
37.643573200009996,4.006075859069824,1.0406689643859863,-1.4986261129379272,0.8683083814424982
37.713987299997825,4.014482021331787,0.9886754155158997,-1.3781960010528564,0.8487412227664657
37.78388890001224,4.029017448425293,0.9395090341567993,-1.2513965368270874,0.8286103948823524
37.85372889999417,4.061121463775635,0.8724030256271362,-1.059577226638794,0.8069907970291847
37.924023500003386,4.08839750289917,0.8323193788528442,-0.9507683515548706,0.7870818654928456
37.99358839998604,4.118390083312988,0.7960309982299805,-0.8530464172363281,0.7667067949304205
38.06349020000198,4.15112829208374,0.7641778588294983,-0.7427889704704285,0.7463029235387124
38.13356839999324,4.186168193817139,0.7371090054512024,-0.6287745833396912,0.7257212883716802
38.203828800003976,4.222845554351807,0.7148953676223755,-0.5165174007415771,0.7049768853386645
38.273862500005635,4.260461807250977,0.6974116563796997,-0.40794694423675537,0.6842731322488407
38.34388400000171,4.298363208770752,0.6843616366386414,-0.3078124225139618,0.6635142474217601
38.41387630000827,4.3359246253967285,0.6750842928886414,-0.22253985702991486,0.6426586637323077
38.48413910000818,4.372672080993652,0.6687232255935669,-0.15830135345458984,0.6203343490568247
38.553965900006006,4.426868915557861,0.6623989939689636,-0.09965896606445312,0.6025506192079044
38.62351360000321,4.462834358215332,0.6594879031181335,-0.07830148935317993,0.5873001317009581
38.693802900001174,4.498972415924072,0.6568350791931152,-0.07315751910209656,0.5762480255812342
38.76375650000409,4.535975456237793,0.6540920734405518,-0.07504162192344666,0.5713505532480856
38.83364799999981,4.574191093444824,0.6510584354400635,-0.08119270950555801,0.5722608113684857
38.903858300007414,4.613780498504639,0.6475749015808105,-0.09022162854671478,0.5783988411502503
38.973892100009834,4.654716491699219,0.643534779548645,-0.10141992568969727,0.5880275238894755
39.04364930000156,4.696990966796875,0.638835072517395,-0.11371821165084839,0.6005185763130311
39.11372870000196,4.740592956542969,0.6334449052810669,-0.12607578933238983,0.6151562526273447
39.183522900013486,4.7855143547058105,0.6273471713066101,-0.1374252736568451,0.6311850847447034
39.25416819998645,4.8552069664001465,0.617071807384491,-0.15017345547676086,0.6493498911889817
39.32398980000289,4.902111530303955,0.6098005771636963,-0.15359458327293396,0.6653467232030527
39.39361550001195,4.949077129364014,0.60263991355896,-0.1494148224592209,0.6770804466708471
39.463944299990544,4.995918273925781,0.5959323644638062,-0.13879314064979553,0.6845688588742698
39.53349719999824,5.042594909667969,0.590033233165741,-0.11946521699428558,0.6906674588132627
39.603850399988005,5.089203834533691,0.5854350924491882,-0.08963602781295776,0.6936050038944979
39.67385920000379,5.1359100341796875,0.5825059413909912,-0.05302203446626663,0.6956150258765401
39.74383200000739,5.182854652404785,0.5813035368919373,-0.017476296052336693,0.6978870712263867
39.81393269999535,5.23021125793457,0.5816038250923157,0.013768540695309639,0.7009883714925659
39.883543700008886,5.278169631958008,0.5832963585853577,0.04174664616584778,0.7054162299823523
39.9535562999954,5.351533889770508,0.5883210897445679,0.08179635554552078,0.7131060742443852
40.02361030000611,5.400716304779053,0.5932595133781433,0.104832224547863,0.7200399350139223
40.09380490001058,5.4500861167907715,0.599205493927002,0.12531250715255737,0.7261842852898266
40.16405019999365,5.499772071838379,0.6063161492347717,0.14796914160251617,0.7332049472186941
40.233547499985434,5.549905776977539,0.6147356629371643,0.1729954481124878,0.7404804611748801
40.30366080001113,5.600590705871582,0.6246219277381897,0.1988590508699417,0.7492136288803155
40.373687099985546,5.651925563812256,0.6359859108924866,0.2241804450750351,0.7588144675045811
40.443757100001676,5.703962326049805,0.648870587348938,0.2483864575624466,0.7700816191902945
40.5136222000001,5.756725788116455,0.6632312536239624,0.27153196930885315,0.7827031982596911
40.58360770001309,5.810163974761963,0.6790984272956848,0.293925940990448,0.7959592047754009
40.65386699998635,5.891324996948242,0.7056304216384888,0.3271704912185669,0.8105557123655188
40.72401330000139,5.945125579833984,0.7247947454452515,0.3459605574607849,0.8221984082111196
40.793809700000565,5.9983696937561035,0.7447131872177124,0.3625050485134125,0.8297272551665564
40.8635925000126,6.050938606262207,0.7655001878738403,0.3815998136997223,0.8342136014349102
40.93370359999244,6.102789402008057,0.7872702479362488,0.4033806622028351,0.836537040839705
41.00373070000205,6.153931140899658,0.8101493716239929,0.4262359142303467,0.8375722658297454
41.073539400007576,6.20447301864624,0.8341425061225891,0.449051171541214,0.8381150357626207
41.14373370000976,6.254523754119873,0.8593244552612305,0.471558153629303,0.8386167146514872
41.21403120001196,6.304234027862549,0.8857288360595703,0.49411216378211975,0.8358372347710148
41.283597100002225,6.353739261627197,0.9135216474533081,0.5172151923179626,0.8441542874733927
41.35361640001065,6.427723407745361,0.9580816626548767,0.5554952621459961,0.8490093916247863
41.42384659999516,6.4762420654296875,0.9894022941589355,0.5775259137153625,0.8533573892587528
41.49412960000336,6.524141788482666,1.0216606855392456,0.5992562770843506,0.8565486366271176
41.56380880001234,6.571310997009277,1.055367112159729,0.6284500956535339,0.8599012591142052
41.63420440000482,6.617769241333008,1.0912195444107056,0.6697579622268677,0.8637827668204426
41.70370630000252,6.6631598472595215,1.1304312944412231,0.7295519113540649,0.8738649293494308
41.773682500002906,6.706478595733643,1.1739085912704468,0.8098481297492981,0.8853824494402988
41.843754000001354,6.746730327606201,1.2220851182937622,0.8935111165046692,0.8993570218258535
41.91383279999718,6.7842254638671875,1.2741767168045044,0.9620939493179321,0.9147559573755017
41.98355899998569,6.8195624351501465,1.3294306993484497,1.0106436014175415,0.9325400825296418
42.053448599996045,6.869914531707764,1.4156042337417603,1.0554394721984863,0.9488886978482542
42.12366589999874,6.901894569396973,1.4740999937057495,1.0720640420913696,0.9618752938440941
42.19350699998904,6.933426856994629,1.5328377485275269,1.0810127258300781,0.9709214908087503
42.26354340001126,6.964222431182861,1.5919651985168457,1.0944353342056274,0.978542309742554
42.33354849999887,6.994143009185791,1.6515400409698486,1.1086523532867432,0.9840594289278974
42.40380689999438,7.023412227630615,1.7114380598068237,1.1173008680343628,0.9872716437573266
42.47390509999241,7.052587509155273,1.7713819742202759,1.1163086891174316,0.9910822323677031
42.54402939998545,7.082189083099365,1.8311160802841187,1.1081660985946655,0.9930814179979215
42.61368139999104,7.11248254776001,1.8905020952224731,1.0951112508773804,0.9914647315859895
42.68349600001238,7.1437273025512695,1.9493937492370605,1.078885555267334,0.9972964536274961
42.753875599999446,7.19282341003418,2.0365054607391357,1.0445170402526855,0.9979587614161257
42.823973799997475,7.227264404296875,2.0935864448547363,1.0243393182754517,0.9983104196899257
42.8938124999986,7.262822151184082,2.1499757766723633,0.9991777539253235,0.9988245330716684
42.96387139998842,7.300635814666748,2.20487380027771,0.9541156888008118,0.9991275658766744
43.03378910000902,7.341647624969482,2.2573370933532715,0.8874678611755371,0.9990293007928182
43.10409849998541,7.386331558227539,2.3059144020080566,0.8060643672943115,0.9966458503098461
43.17356649998692,7.43415641784668,2.349604368209839,0.7156975269317627,0.9903414614347795
43.24407909999718,7.484807968139648,2.3877038955688477,0.6221900582313538,0.9792857081239869
43.31361300000572,7.537591457366943,2.4201858043670654,0.5254568457603455,0.967743997623249
43.38386609998997,7.592126846313477,2.446566581726074,0.42692461609840393,0.9530700390643921
43.453898400010075,7.675598621368408,2.4756243228912354,0.2890608310699463,0.9354789636575719
43.52412889999687,7.731799602508545,2.4891083240509033,0.22726011276245117,0.9183446375678785
43.59406539998599,7.786989688873291,2.5007169246673584,0.20351803302764893,0.9001374033357271
43.66356670000823,7.840993404388428,2.511120319366455,0.18446944653987885,0.8815146021440565
43.733599900006084,7.893906116485596,2.5196313858032227,0.1456708163022995,0.8620699629043991
43.8036676000047,7.945827484130859,2.5249266624450684,0.08441157639026642,0.8421598082256878
43.87381640000967,7.996592044830322,2.526461362838745,0.009467003867030144,0.8218125728102248
43.944054299994605,8.045917510986328,2.5239508152008057,-0.07078642398118973,0.8019333166331657
44.013789499993436,8.093497276306152,2.5177090167999268,-0.15139327943325043,0.7813910897562072
44.08414170000469,8.139050483703613,2.5079293251037598,-0.23084428906440735,0.7575481659234204
44.1538348000031,8.20328140258789,2.4874675273895264,-0.34863168001174927,0.738514185957622
44.22384210000746,8.243585586547852,2.470334768295288,-0.4158758223056793,0.7180778325175055
44.293952600011835,8.28161334991455,2.4515960216522217,-0.47288092970848083,0.697305185724468
44.36366669999552,8.317251205444336,2.431334972381592,-0.5319696068763733,0.6769311484742351
44.43345159999444,8.350442886352539,2.4097485542297363,-0.5923060178756714,0.6561987342068127
44.50378389999969,8.381156921386719,2.387042999267578,-0.6505420804023743,0.6353276862465189
44.573959000001196,8.40953254699707,2.363609790802002,-0.7031129002571106,0.6145901227761756
44.643493999989005,8.435711860656738,2.339784622192383,-0.7488612532615662,0.593673080771187
44.713778200006345,8.45992660522461,2.3159193992614746,-0.7871717810630798,0.5726809019579011
44.783886199991684,8.482394218444824,2.292231321334839,-0.8190603852272034,0.5519527313019673
44.853889699996216,8.513903617858887,2.2566869258880615,-0.8579001426696777,0.5326847846643481
44.92391010001302,8.533894538879395,2.232783555984497,-0.878447413444519,0.5162410889969498
44.99352759998874,8.553304672241211,2.208799123764038,-0.8941637873649597,0.5028253687583879
45.06374350000988,8.572484970092773,2.1843698024749756,-0.9086865186691284,0.4936646526396401
45.13354869998875,8.591695785522461,2.1591711044311523,-0.9230071306228638,0.4890421978178753
45.203516700014006,8.611098289489746,2.132934808731079,-0.9376381039619446,0.4891991353215323
45.27362150000408,8.630753517150879,2.105494976043701,-0.9533011317253113,0.49346043038927084
45.34363509999821,8.650606155395508,2.076753854751587,-0.9708330035209656,0.5009450760470657
45.41402140000719,8.670504570007324,2.0467004776000977,-0.9917342662811279,0.5111313969081062
45.483525899995584,8.690167427062988,2.0153703689575195,-1.0171011686325073,0.5220615934127751
45.553737500013085,8.7184419631958,1.9661993980407715,-1.0669065713882446,0.533201455118651
45.62406360000023,8.735799789428711,1.9326084852218628,-1.1028308868408203,0.541797105448103
45.693952700006776,8.751702308654785,1.8988715410232544,-1.140073537826538,0.5462174958439134
45.76397979998728,8.766000747680664,1.8652337789535522,-1.1785119771957397,0.5461438076377267
45.83397499998682,8.77867317199707,1.8318854570388794,-1.2179723978042603,0.5439738111869863
45.90374380000867,8.789695739746094,1.7989156246185303,-1.2582131624221802,0.5383962221926255
45.97358749998966,8.799144744873047,1.7663516998291016,-1.298951506614685,0.5308841392022985
46.04360169998836,8.8070650100708,1.7341177463531494,-1.340039610862732,0.5225956023995486
46.11354630001006,8.813562393188477,1.702085256576538,-1.3812367916107178,0.5145177450030278
46.183584599988535,8.818679809570312,1.670073390007019,-1.4223686456680298,0.5073376330123729
46.25356029998511,8.823905944824219,1.621690273284912,-1.4838119745254517,0.5022209117256489
46.32357310000225,8.825788497924805,1.5893940925598145,-1.5207679271697998,0.49802986915812264
46.39411590000964,8.826604843139648,1.5571749210357666,-1.5537976026535034,0.49425512391588866
46.46372679999331,8.826347351074219,1.524834156036377,-1.5869371891021729,0.49206889251972696
46.533718699996825,8.825000762939453,1.492177963256836,-1.620503306388855,0.4915675042539125
46.60369509999873,8.822508811950684,1.4590449333190918,-1.6539585590362549,0.4930567088788468
46.673586899996735,8.818859100341797,1.4253088235855103,-1.6866446733474731,0.49720967291070045
46.743539899995085,8.814014434814453,1.3909008502960205,-1.718146800994873,0.5032216175925137
46.8135317999986,8.807987213134766,1.3558014631271362,-1.7482107877731323,0.5108250609539301
46.88398360001156,8.800765991210938,1.3200448751449585,-1.7768669128417969,0.5201040515103066
46.953810200007865,8.78776741027832,1.2654091119766235,-1.8179657459259033,0.5304945921327878
47.02389919999405,8.777860641479492,1.229057788848877,-1.842064619064331,0.5390108940043804
47.09349060000386,8.76720142364502,1.1929726600646973,-1.863560676574707,0.5453111852366569
47.1634342999896,8.755776405334473,1.1572505235671997,-1.886083960533142,0.5497071955085719
47.23351009999169,8.743551254272461,1.121921420097351,-1.91035795211792,0.5523742781105141
47.30377009999938,8.730448722839355,1.086991786956787,-1.9361015558242798,0.5538299225053642
47.37371159999748,8.71642780303955,1.052415370941162,-1.9630625247955322,0.5557289698909439
47.44362850001198,8.701397895812988,1.0181448459625244,-1.9911041259765625,0.5572202290180104
47.51377439999487,8.685293197631836,0.9841105937957764,-2.0203728675842285,0.5590622670004205
47.58385329999146,8.667990684509277,0.9502624273300171,-2.050955295562744,0.5618117774827126
47.65360920000239,8.639700889587402,0.8998722434043884,-2.0983169078826904,0.565532696412516
47.72371489999932,8.619608879089355,0.8670725226402283,-2.126575469970703,0.5688400967626818
47.7935989999969,8.598939895629883,0.8351471424102783,-2.151949644088745,0.569081696631222
47.863754599995445,8.577706336975098,0.8041848540306091,-2.178865432739258,0.5676912480470404
47.933912700013025,8.555866241455078,0.7742094993591309,-2.2083563804626465,0.5647975351456345
48.00378239998827,8.533308982849121,0.7452163696289062,-2.2399680614471436,0.5615168813835154
48.073582599987276,8.509937286376953,0.717109203338623,-2.273075819015503,0.5581125176352926
48.14343570001074,8.485587120056152,0.689785361289978,-2.3070948123931885,0.5558327446400737
48.21385629998986,8.460103988647461,0.663080096244812,-2.3415825366973877,0.5553254715067719
48.28392950000125,8.433273315429688,0.6368635296821594,-2.376081943511963,0.5571497320029475
48.35356879999745,8.390135765075684,0.5981582403182983,-2.4273462295532227,0.5627499913736708
48.42353329999605,8.359841346740723,0.5731151700019836,-2.4569602012634277,0.5689253846145678
48.49349190000794,8.328231811523438,0.5482887625694275,-2.4820821285247803,0.5777352009135506
48.56357219998608,8.294967651367188,0.5234988927841187,-2.5072524547576904,0.5887841713405195
48.63373810000485,8.259970664978027,0.49877461791038513,-2.5331714153289795,0.6025513854559621
48.70384989999002,8.223176002502441,0.4741957485675812,-2.5584957599639893,0.6178503557888988
48.77388980000978,8.184633255004883,0.4497370719909668,-2.5817651748657227,0.6345870101744047
48.844012799992925,8.144368171691895,0.42539897561073303,-2.6024768352508545,0.6509583039405928
48.91359169999487,8.102450370788574,0.40110573172569275,-2.6208157539367676,0.6710839205543402
48.98402599999099,8.058895111083984,0.37686172127723694,-2.6373844146728516,0.6905047394880786
49.0537667000026,7.990708827972412,0.34061479568481445,-2.6609482765197754,0.7108351424662182
49.123640100006014,7.943783283233643,0.3167499601840973,-2.6732044219970703,0.7307393059020146
49.1935097000096,7.895382404327393,0.29270997643470764,-2.683694839477539,0.7506365235454289
49.2638741999981,7.84541130065918,0.2687017321586609,-2.6973800659179688,0.7706110322685531
49.33373859999119,7.793786525726318,0.2449275106191635,-2.7151215076446533,0.7906609565435299
49.40368540000054,7.740411281585693,0.2216535210609436,-2.7352538108825684,0.8120589020265326
49.4736746000126,7.68527889251709,0.1989585906267166,-2.756972551345825,0.8303404060673681
49.54374399999506,7.628442764282227,0.17712682485580444,-2.7807133197784424,0.8517887070357885
49.613586399995256,7.569913864135742,0.1563107818365097,-2.8070790767669678,0.8730373689716043
49.68380840000464,7.509705066680908,0.1368979960680008,-2.837653875350952,0.8898545789001464
49.753980799985584,7.416160583496094,0.11130841821432114,-2.8951432704925537,0.911390901215179
49.82390469999518,7.352522373199463,0.09703152626752853,-2.925919532775879,0.9273955766221134
49.893633300001966,7.288127422332764,0.08401840925216675,-2.9483494758605957,0.9428100877952827
49.96370890000253,7.222740173339844,0.07254057377576828,-2.974857807159424,0.9558611012659901
50.03357689999393,7.15676736831665,0.06296343356370926,-3.005882501602173,0.9671437672364194
50.103850499988766,7.090520858764648,0.05549681931734085,-3.0359275341033936,0.9750268355495589
50.1739505000005,7.024107933044434,0.04969257861375809,-3.0597641468048096,0.9815848731465038
50.243541900010314,6.957594871520996,0.04517426714301109,-3.0770742893218994,0.9857835101514999
50.31391409999924,6.891029357910156,0.04150750860571861,-3.0894346237182617,0.9894736597864064
50.38395680001122,6.824428081512451,0.03855719789862633,-3.099468946456909,0.9923538835093987
50.45346879999852,6.724485874176025,0.03517867997288704,-3.1118412017822266,0.9942468630392012
50.52446950000012,6.657840251922607,0.033492766320705414,-3.1167213916778564,0.9847008783631025
50.593629500013776,6.59119176864624,0.03191548213362694,-3.118300676345825,0.9995984878392763
50.66379409999354,6.524540901184082,0.030446015298366547,-3.120058298110962,1.0
50.733952000009594,6.457887649536133,0.0291062630712986,-3.1219124794006348,0.9990594372065031
50.80394400001387,6.391232013702393,0.02784874103963375,-3.122709035873413,1.0
50.87357029999839,6.324578285217285,0.026550211012363434,-3.121556282043457,0.9986772873550773
50.94354549999116,6.2579264640808105,0.025093721225857735,-3.119044780731201,1.0
51.01408329998958,6.191279888153076,0.023444637656211853,-3.1160600185394287,0.9986736421212167
51.084092200006125,6.124638080596924,0.02159510739147663,-3.113220453262329,1.0
51.153520399995614,6.024685382843018,0.01850004307925701,-3.1093056201934814,1.0
51.22352070000488,5.958039283752441,0.01624509133398533,-3.1075685024261475,1.0
51.293794900004286,5.891412734985352,0.0139312157407403,-3.106590509414673,1.0
51.36395890000858,5.824789524078369,0.01154044084250927,-3.1054296493530273,1.0
51.433789800008526,5.7581682205200195,0.00908866710960865,-3.1047725677490234,1.0
51.50344219998806,5.691546440124512,0.006654141005128622,-3.1054296493530273,1.0
51.57393189999857,5.624919891357422,0.004355602897703648,-3.1080589294433594,1.0
51.64360469998792,5.558284759521484,0.002316999016329646,-3.1120541095733643,1.0
51.71368089999305,5.491623401641846,0.0005527731846086681,-3.1161201000213623,0.999976672896608
51.78375760000199,5.42497444152832,-0.0009702368406578898,-3.1193978786468506,0.9990200134771714
51.85380250000162,5.324992656707764,-0.002907093148678541,-3.1237430572509766,1.0
51.92372150000301,5.258334159851074,-0.003975991625338793,-3.1258535385131836,1.0
51.99359649998951,5.191674709320068,-0.004942474886775017,-3.1277458667755127,1.0
52.06401120001101,5.1250128746032715,-0.005725022405385971,-3.1306614875793457,0.997767084396539
52.13392630001181,5.058348178863525,-0.006290349178016186,-3.1339499950408936,1.0
52.20377319998806,4.991682529449463,-0.00665625324472785,-3.1365835666656494,1.0
52.27377619998879,4.925016403198242,-0.006899980362504721,-3.1383304595947266,0.9976751401824367
52.34394640001119,4.858349323272705,-0.007042793091386557,-3.1397817134857178,1.0
52.41395009998814,4.791682720184326,-0.007091052830219269,-3.1412925720214844,1.0
52.4838974000013,4.725016117095947,-0.007025245111435652,-3.1430192629443567,1.0
52.554005000012694,4.625016689300537,-0.0067293960601091385,-3.1452041308032435,1.0
52.62351360000321,4.558350563049316,-0.006451750174164772,-3.145658318196432,1.0
52.693871299998136,4.491684913635254,-0.00619456497952342,-3.1454418341266077,1.0
52.76360609999392,4.425019264221191,-0.005926647689193487,-3.145799223576681,1.0
52.83373280000524,4.358353614807129,-0.005607216618955135,-3.1465945879565638,1.0
52.90371139999479,4.291687965393066,-0.005243663210421801,-3.1470773855792444,1.0
52.973804000008386,4.225022792816162,-0.004880491178482771,-3.1469417254077356,0.9974167271909655
53.043627300008666,4.158356666564941,-0.004542792681604624,-3.1465724150287073,1.0
53.11385059999884,4.091690540313721,-0.004225410055369139,-3.146305863057272,1.0
53.18405330000678,4.0250244140625,-0.003920687362551689,-3.1461170355426233,0.9985225633538727
53.25392300001113,3.9250247478485107,-0.003502082545310259,-3.1455329100238245,0.9996847731355526
53.32345900000655,3.858358383178711,-0.003260456956923008,-3.1451473871814173,1.0
53.393662299989955,3.791692018508911,-0.0030408138409256935,-3.144766632710592,1.0
53.46369480001158,3.7250258922576904,-0.0028539057821035385,-3.1442680994616907,1.0
53.5336352000013,3.6583595275878906,-0.0026988147292286158,-3.1438267866717737,1.0
53.60404360000393,3.5916929244995117,-0.0025574248284101486,-3.1437857786761683,1.0
53.67390659998637,3.525026798248291,-0.002396528609097004,-3.144083086644308,0.9999875870469863
53.7437057000061,3.458360195159912,-0.002222892362624407,-3.144158665333883,1.0
53.81371340001351,3.391693592071533,-0.002063950290903449,-3.1438728014575403,1.0
53.88391249999404,3.3250269889831543,-0.001929323305375874,-3.1435588041888636,1.0
53.953675299999304,3.2250075340270996,-0.0017430654261261225,-3.143458429967062,0.9999535221475507
54.02348669999628,3.1583409309387207,-0.001618046429939568,-3.1434746424304407,0.9997011221508038
54.09380939998664,3.0916740894317627,-0.0014939055545255542,-3.1434221903430384,1.0
54.163471300009405,3.0250072479248047,-0.0013791265664622188,-3.143271032963888,1.0
54.2340564999904,2.9583404064178467,-0.0012757402146235108,-3.1431029478656214,1.0
54.303819199994905,2.8916637897491455,-0.0011784506496042013,-3.1430822054492396,1.0
54.373774300009245,2.8249974250793457,-0.001074762549251318,-3.14315373102297,0.9999012932831322
54.443701400014106,2.758330821990967,-0.0009725166601128876,-3.143087689076559,1.0
54.513753000006545,2.691663980484009,-0.0008816791232675314,-3.1429010073291224,1.0
54.58405569999013,2.624997138977051,-0.0008039347594603896,-3.1427257696734827,0.9975614574471123
54.653847300010966,2.524996519088745,-0.0007005241932347417,-3.1425936857806605,0.9999173781036805
54.72389120000298,2.458329677581787,-0.000636405311524868,-3.142548386250631,0.9996386646829665
54.793898600008106,2.391662836074829,-0.0005746468668803573,-3.1425016562091272,0.9998463160664108
54.86351190001005,2.324995994567871,-0.0005179984727874398,-3.1424182097064417,0.9998999838620846
54.93394970000372,2.2583229541778564,-0.0004678345867432654,-3.14232045808901,0.9996573974086954
55.00382799998624,2.1916561126708984,-0.00042379461228847504,-3.142236057912008,1.0
55.074003599991556,2.1249895095825195,-0.00038414157461375,-3.1421735922442835,1.0
55.14360909999232,2.0583229064941406,-0.00034811653313227,-3.142120901738302,1.0
55.2138028999907,1.9916561841964722,-0.0003154770238325,-3.1420679728137415,1.0
55.28408710000804,1.9249895811080933,-0.0002865648129954934,-3.1420133749591272,1.0
55.353557499998715,1.824990153312683,-0.0002497372915968299,-3.141935173665182,0.999950186033395
55.42352429998573,1.7583236694335938,-0.00022905453806743026,-3.141897265111105,1.0
55.49386129999766,1.6916569471359253,-0.0002100366837112233,-3.1418708006488245,0.9999453489474965
55.56360130000394,1.6249902248382568,-0.00019311692449264228,-3.1418374220477503,1.0
55.63352470000973,1.5583235025405884,-0.00017878400103654712,-3.141796890889303,1.0
55.70365139999194,1.4916759729385376,-0.0001673310762271285,-3.1417539755450647,0.9999289070276681
55.77369900001213,1.4254640340805054,-0.0001585662830621004,-3.141716782246725,0.9982413289926537
55.84380629999214,1.3603684902191162,-0.0001518738572485745,-3.141690794621603,0.9928162644372485
55.91413560000365,1.2966725826263428,-0.00014651018136646599,-3.141672674809591,0.9796524486226477
55.98401849999209,1.2343534231185913,-0.0001422985951649025,-3.141655985509054,0.9700718638945878
56.05369870000868,1.1433563232421875,-0.0001381658366881311,-3.1416283289538782,0.9563761048452324
56.12369999999646,1.0838603973388672,-0.00013682687131222337,-3.1416123549090784,0.9402719438223086
56.19404719999875,1.025753378868103,-0.00013620455865748227,-3.1416001955615442,0.9231941081272892
56.2636446999968,0.9690572023391724,-0.00013639121607411653,-3.1415855884552,0.9050023098117899
56.33405100001255,0.9137611389160156,-0.00013739058340433985,-3.141570806503296,0.8860972486627634
56.403690100007225,0.8598649501800537,-0.00013910412963014096,-3.1415579319000244,0.8667184134567353
56.47378130001016,0.8073687553405762,-0.00014131813077256083,-3.1415483951568604,0.8454834467567502
56.54393179999897,0.7562724351882935,-0.0001437424070900306,-3.141545295715332,0.8271118364967242
56.61399780001375,0.7065762281417847,-0.0001461002539144829,-3.141545295715332,0.8067113347425766
56.683989999990445,0.6582799553871155,-0.0001483916857978329,-3.141545295715332,0.7861153699145241
56.75372989999596,0.5882853865623474,-0.0001514785544713959,-3.141551971435547,0.764611280114781
56.82380869999179,0.542789101600647,-0.00015308275760617107,-3.141559362411499,0.744040274007819
56.89364090000163,0.49869272112846375,-0.00015420210547745228,-3.1415703296661377,0.7233560872728888
56.96356050000759,0.45599642395973206,-0.00015471875667572021,-3.1415841579437256,0.7019934637443972
57.033539900003234,0.4147000312805176,-0.00015455955872312188,-3.1416013876544397,0.6820487842923922
57.103916899999604,0.37480369210243225,-0.0001536522468086332,-3.141620699559347,0.6610199771308898
57.17398369999137,0.33630725741386414,-0.00015199021436274052,-3.141641680394308,0.6401869814677192
57.24358459998621,0.29921087622642517,-0.00014957944222260267,-3.141663138066427,0.6192812332813069
57.31385279999813,0.2635144889354706,-0.00014646860654465854,-3.1416857878314417,0.5981514544990455
57.38356039999053,0.2292180061340332,-0.00014266034122556448,-3.141709868107931,0.5773431253190933
57.45390409999527,0.18022334575653076,-0.00013572668831329793,-3.141747061406271,0.5554908115835636
57.52356589998817,0.14872686564922333,-0.00013029208639636636,-3.141771380101339,0.5347475711735754
57.593959299993,0.11863040924072266,-0.00012439278361853212,-3.14179498354067,0.5139346953343562
57.66354070001398,0.08993392437696457,-0.0001180327744805254,-3.1418209711657923,0.4930548797219453
57.73362849999103,0.06263738125562668,-0.00011125970195280388,-3.14184815088381,0.4721609797597286
57.803883799992036,0.03674083948135376,-0.00010409486276330426,-3.141876761113302,0.45126638257741536
57.87413290000404,0.012244311161339283,-9.660400974098593e-05,-3.1419063250171106,0.4290620927819541
57.94392789999256,-0.01085229404270649,-8.883127884473652e-05,-3.141937319432394,0.40959246435920404
58.01380539999809,-0.032548852264881134,-8.084496221272275e-05,-3.1419692675219935,0.3885632414255854
58.08399479999207,-0.052845414727926254,-7.271013600984588e-05,-3.1420019308673304,0.36666333202090035
58.153770900011295,-0.08084043115377426,-6.032654346199706e-05,-3.142052952443258,0.3454832401288469
58.223938999988604,-0.09833701699972153,-5.183993562241085e-05,-3.1420860926257532,0.32477917097322745
58.293532599986065,-0.11443363130092621,-4.351231473265216e-05,-3.1421189943896692,0.30393941714670375
58.363712299993495,-0.12913024425506592,-3.540410762070678e-05,-3.142153565083639,0.2830565933093221
58.433653499989305,-0.14242686331272125,-2.7607178708421998e-05,-3.142188612614767,0.26216948874658075
58.50380460001179,-0.1543235033750534,-2.0187471818644553e-05,-3.142226521168844,0.24123515388338926
58.57404179999139,-0.16482013463974,-1.3234937796369195e-05,-3.142265860234396,0.21987491296184236
58.643594099994516,-0.17391681671142578,-6.837593900854699e-06,-3.1423068682300013,0.19936687279572496
58.713569299987284,-0.1816134750843048,-1.1044644452340435e-06,-3.1423497835742396,0.177999961249962
58.7834778999968,-0.18791021406650543,3.864018253807444e-06,-3.1423943678485315,0.15745638020472805
58.8538067000045,-0.19490528106689453,9.75961211224785e-06,-3.142459217702047,0.1355676212700442
58.923558899987256,-0.19840200245380402,1.288684597966494e-05,-3.1424973646747034,0.11478301308679344
58.993648000003304,-0.2004987597465515,1.4826062397332862e-05,-3.142525021229879,0.09395903749201887
59.063626999995904,-0.20119555294513702,1.5483015886275098e-05,-3.1425357500659388,0.0730819663793009
59.13352750000195,-0.20049239695072174,1.4830760846962221e-05,-3.1425204912768763,0.052173927852571036
59.20391059998656,-0.19838927686214447,1.2961433640157338e-05,-3.1424699465381067,0.031241131077025024
59.27395500001148,-0.1948862075805664,1.0150051821256056e-05,-3.142369333897726,0.01044845476184229
59.344143299997086,-0.18998318910598755,6.953146112209652e-06,-3.142200295125143,-0.010746852447854373
59.41352659999393,-0.18368028104305267,4.421178346092347e-06,-3.141912285481588,-0.03146937477239456
59.48377399999299,-0.175977423787117,4.209025973977987e-06,-3.141531467437744,-0.05280208426691773
59.55362550000427,-0.16197343170642853,1.0582518370938487e-05,-3.140958070755005,-0.07460398593202087
59.6236923999968,-0.15147089958190918,2.012197728618048e-05,-3.1406099796295166,-0.09528862652761952
59.6935441000096,-0.13956855237483978,3.446876144153066e-05,-3.1403300762176514,-0.11559804284913189
59.76371579998522,-0.12626637518405914,5.3382089390652254e-05,-3.140136241912842,-0.13718797372539748
59.83364719999372,-0.11156438291072845,7.595913484692574e-05,-3.1400511264801025,-0.15783434631124896
59.903845099994214,-0.09562124311923981,0.00010031787678599358,-3.1400885581970215,-0.17842423491836468
59.97369569999864,-0.07906895130872726,0.0001236774114659056,-3.1402251720428467,-0.19587896807701577
60.04373669999768,-0.06283740699291229,0.00014362909132614732,-3.1404154300689697,-0.20778118502220344
