t,desired_speed,delta,ax
0.00818332800000000013,0.000994860036671169545,-0.0718294787104313687,0.0331620012223723185
0.0381385600000000019,0.00215153865708038808,-0.0736702136157192655,0.0385559540136406129
0.0681570880000000046,0.0033016995637662654,-0.0739593255054802612,0.0383386968895292404
0.0980981120000000012,0.00446693565400864499,-0.0739465020836485437,0.0388412030080793197
0.128122879999999995,0.00564370225384934737,-0.0739729138389883661,0.0392255533280234242
0.158174784000000013,0.0196417279598130323,-0.103686676279149612,0.466600856865456215
0.188197535999999999,0.0358883215637762001,-0.0863320010489723455,0.541553120132105659
0.218131456000000001,0.0542338432267476522,-0.0772540380990206776,0.611517388765715264
0.248134240000000006,0.074517186002212743,-0.07186199430255584,0.676111425848836212
0.278103551999999976,0.0965863621337294947,-0.0687361644201375521,0.735639204383891632
0.308147967999999994,0.12016479870835807,-0.0812706851946610048,0.785947885820952652
0.338251552000000011,0.145333208885383619,-0.0685642821266933544,0.838947005900851583
0.368162719999999999,0.171769232608913136,-0.0780589566905640908,0.881200790784317678
0.398148351999999983,0.19949063042611262,-0.0685535153419657428,0.924046593906649338
0.42819753599999999,0.228269579481868767,-0.0709587643066809659,0.959298301858538371
0.458163103999999988,0.257994376965633876,-0.069975600899943674,0.990826582792171173
0.488150527999999972,0.287994376965344023,-0.0712307758865110274,0.99999999999033895
0.51816547199999996,0.317994376965343994,-0.0760338444055455032,0.999999999999999889
0.54813168000000001,0.347994376965343855,-0.0960232544277086764,0.999999999999995004
0.578138400000000052,0.377994376965329115,-0.074545838069435072,0.999999999999509059
0.608169855999999953,0.407994376965328254,-0.0791200684577997304,0.999999999999971245
0.638189344000000047,0.437994376965287535,-0.0900234655265056416,0.99999999999864353
0.668134495999999967,0.467994376965287506,-0.102304939173368442,0.999999999999999889
0.698190976000000019,0.497994376965287477,-0.177558046661389773,0.999999999999999112
0.728134751999999996,0.527994376965287504,-0.167149628139546758,0.999999999999999667
0.758123520000000051,0.557994376965285199,-0.251311773449189979,0.999999999999922728
0.788165760000000049,0.587994376965285226,-0.319923721538844352,0.999999999999999223
0.818122016000000007,0.6167969093679605,-0.476116965620430765,0.960084413422509275
0.848112128000000021,0.645825447923785045,-0.411105111343190943,0.967617951860820114
0.878143616000000016,0.671546717573243801,-0.523599999985813191,0.857375654981957447
0.908123360000000046,0.695746827934831336,-0.523599999999998511,0.806670345386250709
0.938410560000000005,0.717454414638278748,-0.523599999999999066,0.723586223448245636
0.968129471999999991,0.738522616157100686,-0.523599999999958321,0.7022733839607328
0.998438656000000035,0.75637924159184633,-0.52359999999996798,0.595220847824856403
1.02812780800000003,0.771428722186479177,-0.523599999999977306,0.501649353154427158
1.05810777599999994,0.784955463295756162,-0.523599999275778161,0.450891370309234485
1.08810841600000008,0.794882157243603671,-0.523599999999947108,0.3308897982615846
1.11811084799999993,0.80254162666802964,-0.523599998707008463,0.255315647480865604
1.14811913600000004,0.807655522670267412,-0.523599999999967869,0.170463200074590593
1.1781894719999999,0.810280612540204115,-0.455307839623773858,0.087502995664556743
1.20815376000000008,0.810892151191665023,-0.329094309837633714,0.0203846217153641138
1.23829139200000005,0.809318874752107176,-0.253367019527850568,-0.0524425479852599769
1.26817939199999996,0.805250014257254065,-0.118432384744750097,-0.135628683161768931
1.29810464000000003,0.798858694059795593,-0.0437536132495564417,-0.213044006581949052
1.32811388800000008,0.79035452721963606,0.068661975592231056,-0.283472228005318128
1.35816976,0.780400319227334993,0.10911882363706002,-0.331806933076703836
1.38819951999999991,0.76836632213343059,0.175551444731472439,-0.401133236463479259
1.41818240000000007,0.754944943207818464,0.184949766099390789,-0.447379297520405173
1.4482021759999999,0.739658358204806854,0.177106456627153547,-0.509552833433719043
1.47814601599999995,0.722906522857349909,0.155907549694030367,-0.558394511581898789
1.50817132799999998,0.705079462153130443,0.0735746370592985921,-0.594235356807316317
1.53816531200000006,0.686232545341973865,0.025251639431393743,-0.628230560371887292
1.56813200000000008,0.666427121710736481,-0.0921836909371169522,-0.660180787707912775
1.59817625599999991,0.645960777233077654,-0.158705180151550274,-0.682211482588626517
1.6282033600000001,0.62417840054755136,-0.247422215651851019,-0.726079222850877004
1.65815913600000009,0.602705856531929651,-0.289284956460304388,-0.715751467187392132
1.68818345599999997,0.581369759194657387,-0.351813538255194125,-0.711203244575740468
1.71812345600000005,0.559565687016353341,-0.360227255889472131,-0.726802405943468122
1.74816972799999992,0.538694463217277431,-0.365200386390851783,-0.695707459969195252
1.77814790399999989,0.518114407015159428,-0.361230422678890883,-0.686001873403934259
1.80821513600000006,0.498113574327768593,-0.314054406214068826,-0.666694422913028828
1.83821216000000009,0.479672333516379445,-0.313779463326116059,-0.614708027046305117
1.86816512000000001,0.462550503753549114,-0.264224358266486492,-0.570727658761010281
1.8981767679999999,0.44773330200733763,-0.268620724784683684,-0.493906724873715897
1.92816623999999992,0.434214429268551139,-0.218535076598354305,-0.450629091292882977
1.95817574400000005,0.423719975811542637,-0.21791739893442072,-0.349815115233617024
1.98811868799999991,0.415038263228368232,-0.170213153335385781,-0.289390419439146729
2.0181293440000001,0.408697737287129215,-0.162675923154714103,-0.2113508647079681
2.04817372800000008,0.402291478225267785,-0.176751716646673829,-0.213541968728714643
2.07816275199999989,0.396405509179173443,-0.20892110027625363,-0.19619896820314392
2.10821967999999993,0.390553116239124365,-0.237076091591714833,-0.195079764668302624
2.13819225599999996,0.384940922696570154,-0.299084956142206426,-0.187073118085141071
2.16813555199999985,0.380156003356730332,-0.40622307303931221,-0.159497311327993552
2.19810256000000015,0.376007981674793657,-0.454681657198943545,-0.138267389397889184
2.22812016000000002,0.371696410318885673,-0.474484747227881032,-0.143719045196933459
2.25815193599999997,0.36843712064328249,-0.491425286308801113,-0.108642989186772163
2.28819427200000014,0.364943795845247887,-0.489145206240069741,-0.116444159934486619
2.31825663999999998,0.361822273840301245,-0.482625615254396012,-0.104050733498221082
2.34820499199999988,0.360193139184159461,-0.456416748573463094,-0.0543044885380589148
2.37814329600000018,0.35860899001544283,-0.442780484159479515,-0.0528049722905540933
2.40811980799999992,0.358012640387873893,-0.400148002712517659,-0.0198783209189637294
2.43821433600000015,0.357137985216158194,-0.329795679310643963,-0.0291551723905236135
2.46822073600000014,0.357387908396414156,-0.202334552866449524,0.00833077267519804349
2.49814601600000019,0.357309279179752803,-0.168965292519734189,-0.00262097388871143991
2.52816908799999984,0.357568928316151724,-0.142839362459438818,0.00865497121329748299
2.55816694399999989,0.358322230517246765,-0.138563013747888764,0.0251100733698341808
2.58822041599999997,0.360759838202963701,-0.0851086270157065117,0.0812535895238983008
2.61823756800000007,0.361258392982828413,-0.00117731394987109772,0.0166184926621575843
2.64822185600000015,0.363240788866106279,-0.0322493776584859282,0.0660798627759293239
2.67816771200000003,0.364450007324234493,-0.0191031629155960919,0.0403072819376063679
2.70820438400000008,0.367029430780436039,-0.0429146225513263868,0.0859807818733857587
2.73817756799999978,0.369188227037669459,-0.0368022591412564826,0.0719598752411132192
2.76815027200000019,0.370991948154871132,-0.0502809535852823536,0.0601240372400559803
2.79815065599999979,0.373593823173381689,-0.0593927331160108221,0.0867291672836854877
2.82812742399999983,0.375369697799546487,-0.0635625900572276692,0.0591958208721590634
2.85810640000000005,0.377491251433038411,-0.0706986225939527368,0.0707184544497301837
2.88819632000000004,0.378619478902713746,-0.125918878144069879,0.037607582322511407
2.91810348799999986,0.380851217928964203,-0.152658715516089283,0.0743913008750150262
2.94813859199999984,0.382245012761447622,-0.170041725425927714,0.0464598277494472911
2.97818771199999999,0.383802959157190593,-0.167153470967013662,0.0519315465247660105
3.00812681599999987,0.384944248590762539,-0.164474933153839598,0.0380429811190650252
3.03809871999999981,0.385270951739198786,-0.181051418315281099,0.0108901049478754806
3.06823865600000012,0.385432244140759495,-0.203812886619304551,0.00537641338535770671
3.09822825600000007,0.385626108088306385,-0.185055139780152977,0.00646213158489635474
3.1281598719999999,0.386596633727568029,-0.150707015851368475,0.0323508546420541582
3.15821001599999995,0.386406584698184175,-0.144913710445620486,-0.00633496764612856422
3.18821449600000006,0.386624945445000534,-0.114055547601393609,0.00727869156054593985
3.21813369600000021,0.386851079107606743,-0.086610809172471645,0.00753778875354098148
3.24817593599999999,0.38666959729697864,-0.105854294475270755,-0.00604939368760333378
3.27815190400000001,0.38651325474023307,-0.0992569436350394241,-0.00521141855818589312
3.30816246400000002,0.386201929354530127,-0.0808268695261774861,-0.0103775128567652683
3.33833728000000018,0.385798294314071477,-0.0576079967605548637,-0.0134545013486216548
3.3682094720000002,0.38589168780133426,-0.0299717393474838098,0.00311311624209330458
3.39818758399999998,0.385516294736052423,-0.0103960343111254259,-0.0125131021760615663
3.42816863999999999,0.385347010175930649,0.0298432668703690687,-0.00564281867072571192
3.45818358399999992,0.385096918452616288,0.0878529844443669133,-0.00833639077714604798
3.48817756799999978,0.384786863817045244,0.119910034897069612,-0.0103351545190348282
3.51813424000000019,0.384853281887804821,0.143850352882465199,0.00221393569198537199
3.54812931199999992,0.38433947805427976,0.137179090884988419,-0.0171267944508363065
3.57822889600000016,0.384173886136193854,0.146071935721352769,-0.00551973060286338468
3.60820169600000007,0.383925188589393507,0.130166576093569186,-0.00828991822667805855
3.63815465600000021,0.383933224332246137,0.135627941095309124,0.000267858095086950625
3.66818969600000022,0.384101476860149782,0.120103217461676598,0.00560841759678796375
3.69816710399999993,0.384100360878301239,0.115729584289198995,-3.71993949516606984e-05
3.72819324800000018,0.384588335310505458,0.0951521831161423054,0.0162658144068081253
3.75813324800000004,0.384665384030598412,0.0871606709241801586,0.00256829066976435594
3.7882039999999999,0.384953514705643651,0.0589116058640990967,0.00960435583484106625
3.81811961600000016,0.3850431599768534,0.0486605704294420932,0.00298817570699250103
3.84820332799999987,0.385604429096889523,-0.00122861045167624305,0.0187089706678716348
3.87819263999999997,0.385802971953875418,-0.028130832832527479,0.00661809523286246634
3.90812531200000013,0.386874670204241156,-0.0447336655622762452,0.0357232750121912052
3.9381576319999998,0.387398750110772738,-0.0607821275576461012,0.0174693302177195212
3.96815846400000005,0.388469565791061955,-0.0749627192418568927,0.0356938560096400972
3.99812345600000008,0.388592122257364891,-0.0986535670984045876,0.0040852155434304982
4.02814092800000001,0.389038381869985461,-0.111618783212255226,0.014875320420685725
4.05819545599999998,0.389178194337849948,-0.131862988611730153,0.00466041559548213691
4.08830233599999993,0.390016120275513523,-0.145438355229352306,0.0279308645887863423
4.11823152000000015,0.39091129771546046,-0.160846956049754214,0.029839247998231698
4.14816351999999977,0.392575814601603235,-0.165582248122954245,0.0554838962047599638
4.17815059199999972,0.393401673048488498,-0.186960126385062042,0.0275286148961757307
4.20814457599999958,0.39555047501248225,-0.20766225777129188,0.0716267321331250234
4.2381802559999997,0.397402047133726732,-0.225276343724745087,0.0617190707081497827
4.26816432000000034,0.399621069848108135,-0.220334007145619709,0.073967423812713512
4.29818099199999981,0.401297201146479265,-0.228931559676439106,0.0558710432790381767
4.32814239999999995,0.403564203239101471,-0.216813896730029598,0.0755667364207401743
4.35817408000000039,0.404936262485689535,-0.218503298016064218,0.0457353082196014504
4.38818457599999956,0.407795319156023628,-0.192614903107568791,0.0953018890111363981
4.41817001600000037,0.409330850728882201,-0.192818861968677813,0.0511843857619522641
4.44814051200000016,0.411680285128558143,-0.171590868589825529,0.0783144799891974108
4.47815683199999981,0.41381436753548223,-0.158859638164446842,0.0711360802308026452
4.50817356800000013,0.415857864431323554,-0.13338287571261831,0.0681165631947102806
4.53817529600000036,0.417813712131299586,-0.118213600380424042,0.0651949233325335581
4.56816755200000024,0.41948252359059307,-0.101048790989309079,0.0556270486431164959
4.59818323200000023,0.420662326646671469,-0.0977231005786366458,0.0393267685359464589
4.6281693439999998,0.422028090975954118,-0.080731459832779448,0.0455254776427553576
4.65818422400000021,0.423250285551380057,-0.0715784541282846187,0.0407398191808653956
4.68817398399999963,0.423774048351799937,-0.0657410384384328195,0.0174587600139965576
4.71817363200000006,0.424856748458854461,-0.0500028011736157602,0.0360900035684842482
4.74820934400000016,0.425585888213488917,-0.0407215360304702123,0.0243046584878151284
4.77817497599999985,0.426202422047668172,-0.0202198700247790408,0.0205511278059750807
4.80816134400000017,0.426261444444788251,0.0692933053938267624,0.00196741323733607559
4.8382256960000003,0.425633998918323042,0.0806419879860834077,-0.0209148508821744988
4.86820092800000026,0.425232547684621487,0.0952524800772234503,-0.0133817077900515308
4.89814847999999969,0.423989337599328719,0.100174815967124312,-0.0414403361764253131
4.92819894400000003,0.42315224865613138,0.0971095365610562394,-0.027902964773243763
4.9581700160000004,0.421681422653777893,0.0971947376217615899,-0.0490275334117830086
4.98818406400000036,0.420298602910377184,0.0906486536604761139,-0.0460939914466897555
5.01816153600000003,0.41862957051952715,0.0918429229046222317,-0.0556344130283345506
5.04822377600000038,0.416606129327110608,0.0740194485828803428,-0.0674480397472173032
5.0781471680000001,0.414026514972047177,0.0657663453574982571,-0.0859871451687812122
5.10815798399999998,0.411357373607065591,0.0436115899205894927,-0.08897137883271998
5.13817561599999983,0.408392678293118871,0.0486867378770876602,-0.0988231771315571661
5.16821584000000023,0.405142147382810902,0.0373863190023817279,-0.108351030343599886
5.1981803839999996,0.401678881376882624,0.0541813126677493859,-0.115442200197609646
5.22821513600000021,0.399368978281825326,0.0928879635682137439,-0.0769967698352435892
5.25817372800000005,0.395803463004419098,0.0875022887056678689,-0.118850509246873445
5.28820486399999989,0.392413209990325529,0.105268575574507237,-0.113008433803119743
5.31820784000000035,0.38869805942084551,0.120927153773689455,-0.123838352316001293
5.34816432000000042,0.384839380288411359,0.13399219553023542,-0.128622637747805357
5.37817507200000033,0.380647432376090722,0.144263092971070095,-0.139731597077354441
5.40825868800000009,0.376722516975754818,0.202194479757106749,-0.130830513344529886
5.43817148800000005,0.372109165077239845,0.208370894064746015,-0.153778396617165303
5.46819513600000029,0.368061314520441552,0.222830117217042489,-0.134928351893276149
5.49821910400000036,0.363711704628459809,0.239744663171055944,-0.144986996399391693
5.52816809599999992,0.359276011934231754,0.220217777607681936,-0.147856423140935195
5.55817004800000003,0.35562454170592267,0.251317707911739463,-0.121715674276968666
5.58823324799999988,0.351247591989833463,0.213995280509031272,-0.145898323869640967
5.61822703999999984,0.347156711926637218,0.228359143293079686,-0.136362668773207241
5.6482281280000004,0.342615907719810875,0.192237233762323212,-0.151360140227545625
5.67817116800000043,0.339180167433949575,0.221191010278416839,-0.114524676195376068
5.70819734400000023,0.335419228142060932,0.203072846133653284,-0.125364643062955278
5.73819820800000002,0.331702711329101452,0.203765197801644871,-0.123883893765315653
5.76819862400000005,0.328935999405227164,0.174389145396808748,-0.0922237307958092556
5.79817353600000018,0.326535765278157919,0.163652142430106673,-0.080007804235640731
5.82817200000000035,0.324308542549312795,0.111671289666057327,-0.074240757628170756
5.85821814400000029,0.321956839448153009,0.0887899522612921321,-0.0783901033719926338
5.88819295999999959,0.319595460894663341,0.0256260356918607407,-0.0787126184496550751
5.91823289600000013,0.317527376810581519,-0.0128565704713758111,-0.0689361361360616848
5.94817123199999997,0.315447234391052933,-0.0709376208286176535,-0.0693380806509525105
5.97817068799999962,0.314314715811324197,-0.131733695488469138,-0.0377506193242914956
6.00820838399999957,0.312756210132089041,-0.184008841524572003,-0.0519501893078377491
6.03821267200000023,0.310920045231173225,-0.218385425810593115,-0.0612054966971943143
6.06816086400000021,0.308873342546286511,-0.277148958873017659,-0.0682234228295577894
6.09817241599999971,0.305749158917185182,-0.305029335728677853,-0.104139454303378121
6.12816524800000018,0.302656930663229351,-0.346188875391075734,-0.103074275131860738
6.15814799999999973,0.29967322461165663,-0.398480438458990005,-0.0994568683857573327
6.18821795199999958,0.295819521629700211,-0.41571138490851578,-0.128456766065213834
6.21818016000000018,0.291926543237104763,-0.447417248002990542,-0.129765946419848455
6.24817603199999994,0.287079319837392322,-0.427630920688196525,-0.161574113323747687
6.2781253760000002,0.282232604140833288,-0.447075900499484813,-0.161557189885300628
6.30816592000000043,0.276845683598073045,-0.452051087933771911,-0.179564018092008365
6.33822732800000033,0.272455361171127064,-0.523599999999966537,-0.146344080898199086
6.36813488000000039,0.26756196802470994,-0.523599999999831089,-0.163113104880571708
6.39816531199999972,0.263418346889518706,-0.523599999999999288,-0.138120704506374731
6.42817315200000028,0.25977361828395118,-0.52359999999999951,-0.121490953518917727
6.45822473600000002,0.255621075900112515,-0.523599999999982635,-0.138418079461288257
6.48817059200000035,0.251544657516968528,-0.523599999999995291,-0.135880612771466014
6.51808764799999985,0.247491090438482886,-0.52359999999996687,-0.135118902616187975
6.54823206399999957,0.243358184838917718,-0.523599999999999399,-0.137763519985505706
6.57814406399999996,0.240097106053557385,-0.523599999999988186,-0.108702626178677431
6.60814495999999973,0.237084552912542101,-0.523599999999872279,-0.100418438033842969
6.63821827199999959,0.234466717982782041,-0.523599999999979193,-0.0872611643253354829
6.66818287999999981,0.232311358642471905,-0.523599999999986632,-0.0718453113436712532
6.69817392000000034,0.230962962319368775,-0.523599999999999621,-0.0449465441034373192
6.72821068799999988,0.229771808171600533,-0.523599999997839127,-0.0397051382589418342
6.75821923200000008,0.228678325644462804,-0.523599999999999288,-0.0364494175712573865
6.78815017600000026,0.227974491483655201,-0.523599999997644727,-0.0234611386935865765
6.81814499199999968,0.227233265996464262,-0.523599999999999621,-0.0247075162396978298
6.84815264000000035,0.22684457970698893,-0.523599999999999621,-0.0129562096491779716
6.87811961600000021,0.226903388618217378,-0.523599999999986854,0.00196029704094785248
6.90822031999999986,0.22710455760892781,-0.523599999999999621,0.00670563302368098937
6.93814502399999977,0.227758061168690878,-0.523599999999999621,0.0217834519921022256
6.96812470400000006,0.228910955638471164,-0.523599999999835863,0.0384298156593431417
6.99811472000000023,0.230732070755350849,-0.523599999999963206,0.0607038372293232653
7.0282069439999999,0.232359778427528751,-0.523599999999999621,0.054256922405930344
7.05817084799999961,0.234314297276243921,-0.523599999999984522,0.0651506282905059408
7.08817071999999992,0.235519300453659403,-0.523599999998792254,0.0401667725805164022
7.11819999999999986,0.23733293873510819,-0.523599999999999621,0.0604546093816264174
7.14817772800000029,0.239259220389037797,-0.52359999999999951,0.0642093884643205187
7.17814899199999967,0.241284237795438811,-0.523599999999953547,0.0675005802133674254
7.20816905600000002,0.243624961155220171,-0.52359999999999951,0.0780241119927121834
7.2381735039999997,0.24573019875290894,-0.523599999999995069,0.0701745865896259008
7.26822774399999982,0.247622177735013882,-0.523599999999976862,0.0630659660701649583
7.29821478399999979,0.250131392505961614,-0.523599999999975863,0.0836404923649235049
7.32812601599999969,0.25308953214739327,-0.523599999999998511,0.0986046547143888952
7.35831388799999964,0.256446807272989297,-0.523599999999999288,0.111909170853200485
7.38816684800000001,0.259299709518835964,-0.523599999999999177,0.0950967415282226031
7.41817510400000035,0.262310980108261149,-0.523599999999998067,0.100375686314173582
7.44813020800000025,0.265817041872634885,-0.523599999999999177,0.116868725479124372
7.4782852799999997,0.268761474823301816,-0.523599999998285881,0.0981477650222306042
7.50822550400000033,0.271929016346611041,-0.52359999999970408,0.105584717443640647
7.53818825599999975,0.275407729795442147,-0.523599999997569676,0.115957114961036098
7.56819695999999986,0.278299568393786778,-0.523599999999998844,0.0963946199448217494
7.5981383039999999,0.281790546559173627,-0.523599999999998622,0.116365938846228603
7.62816147200000039,0.285037670472210569,-0.523599999999586174,0.108237463767898404
7.65824316800000027,0.287668284518310058,-0.523599999999997956,0.0876871348699823777
7.68817171199999994,0.289626286338056649,-0.5235999999999984,0.0652667273248863922
7.71817190400000008,0.291887207683740546,-0.523599999999998733,0.0753640448561304077
7.74820319999999985,0.293960308014789284,-0.523599999998902832,0.0691033443682917276
7.7781953279999998,0.296305142309941871,-0.523599999999977639,0.0781611431717523508
7.80812118399999999,0.299667294054296596,-0.52359999999390483,0.112071724811823717
7.83826540799999982,0.301319114106447294,-0.523599996904207332,0.0550606684050226752
7.86810399999999976,0.303866928348008325,-0.523599999991582243,0.0849271413853679991
7.89811263999999991,0.306283350726457071,-0.523599999999743271,0.0805474126149584163
7.92812444800000016,0.308022861373393297,-0.523599999967090168,0.0579836882312071075
7.95813894399999988,0.310200143753764535,-0.523599999999981081,0.0725760793457085329
7.98816515199999966,0.311393141604457635,-0.523599999970311814,0.0397665950231033891
8.01815900799999959,0.312526142431704734,-0.523599999999995069,0.0377666942415698162
8.04810950399999925,0.311837999298754609,-0.508850226320561427,-0.0229381044316715223
8.07813219199999999,0.312997029835211327,-0.484278050254387582,0.0386343512152232671
8.10815411199999936,0.313171686169329833,-0.43528678637085394,0.00582187780395010401
8.13820620799999972,0.314789628094148066,-0.435645871577095112,0.0539313974939412688
8.16817283199999977,0.316125508606798666,-0.399642840252077081,0.044529350421685869
8.19816627199999992,0.317845865883955636,-0.389814379204548256,0.0573452425718996225
8.22814534399999964,0.32041466443810096,-0.365943012206554064,0.0856266184715108319
8.25816905599999984,0.322445873096842472,-0.345544389339778157,0.0677069552913837913
8.28816851200000038,0.324085366755612225,-0.325444773266860721,0.0546497886256591819
8.31819420799999953,0.326644359581551247,-0.328844045070799229,0.0852997608646348382
8.34813692800000062,0.328629658198743402,-0.291505248872150291,0.0661766205730711238
8.3781937279999994,0.330517709771471879,-0.291920020643630485,0.0629350524242827253
8.40815375999999937,0.332473570036652954,-0.226810689274513533,0.0651953421727020782
8.43821843199999932,0.333655782721864747,-0.208497914430744696,0.0394070895070588179
8.46820265600000077,0.335670999441202544,-0.209730201703599017,0.0671738906445932815
8.49831980799999975,0.337194008818192725,-0.194815387510996196,0.0507669792330066177
8.52817856000000063,0.339156365676064442,-0.201390676840136451,0.0654118952623898159
8.55819632000000041,0.340227360467011464,-0.190221379989115452,0.0356998263649007386
8.58826828800000008,0.341598343902985602,-0.20869342883160516,0.0456994478658052442
8.61820316800000086,0.343568340110507742,-0.215875980577099114,0.0656665402507386198
8.64816550399999961,0.344890620484685606,-0.209451375310013871,0.0440760124725959948
8.67815683200000088,0.346366733262768178,-0.228708218964257803,0.0492037592694193129
8.70817065600000006,0.347438046035362935,-0.276970733902181077,0.0357104257531591501
8.73815628800000077,0.348257047127843111,-0.288630441532862381,0.0273000364160066317
8.76816323199999914,0.348990542947935245,-0.301623835490404835,0.0244498606697374152
8.79811657599999997,0.350316797879702824,-0.312932508932917353,0.0442084977255857506
8.82815481599999963,0.350655693553935888,-0.30690866466128186,0.0112965224744353623
8.85811337600000037,0.351343775322640661,-0.319837562769993311,0.0229360589568257285
8.8881138239999995,0.351494844416586183,-0.314038029994999857,0.00503563646485023254
8.9181748160000005,0.352135800487311912,-0.320779709746491448,0.0213652023575236528
8.94818492799999987,0.351749493093944599,-0.364480501500952292,-0.0128769131122441621
8.97812873600000039,0.352655360075804003,-0.412000249195353496,0.0301955660619807331
9.00811321599999992,0.352160893449759094,-0.392011458065323448,-0.0164822208681632346
9.03828006400000028,0.352482911513314512,-0.411070002421491054,0.0107339354518467336
9.06816489600000075,0.352309035111704583,-0.399790068096421758,-0.00579588005366344673
9.0981066239999997,0.352048960998105842,-0.402132573305690133,-0.00866913711995740376
9.1281054079999997,0.351623598705357698,-0.385218055131453518,-0.0141787430916041953
9.15813808000000051,0.351620839149095421,-0.392304468203530654,-9.19852087433378762e-05
9.18811971200000066,0.351250579208148395,-0.347974171136914645,-0.0123419980315668445
9.21813939199999943,0.350704961885768107,-0.334803543928630098,-0.0181872440793426626
9.24812281600000041,0.350144474964235286,-0.321005140678884637,-0.0186828973844276464
9.27823459200000045,0.349094647278321679,-0.315538909797092204,-0.0349942561971205365
9.30817430399999957,0.348105129338614816,-0.322489003899864901,-0.0329839313235628304
9.33817628799999966,0.347206710865380908,-0.33652855231112333,-0.0299472824411301138
9.36810761599999964,0.345879647035987947,-0.33384306292174426,-0.044235460979765967
9.39815871999999963,0.344859008406041945,-0.359496128027722461,-0.0340212876648670684
9.42812835199999988,0.343231553152323177,-0.353193710489134338,-0.0542485084572922605
9.45815318400000038,0.342143940987823691,-0.386889002588508391,-0.0362537388166502689
9.48820825600000006,0.340485592918992663,-0.380337000551193682,-0.0552782689610336053
9.51821475200000044,0.338798813284687195,-0.40184907098492828,-0.0562259878101820654
9.54817881600000007,0.337363418285024752,-0.415412662276271771,-0.0478464999887474943
9.57817408000000015,0.336136323327635989,-0.434239227893195801,-0.0409031652462925679
9.60819100800000037,0.335074713500031707,-0.446918659146608721,-0.0353869942534763768
9.63818080000000066,0.333587458937118275,-0.449629135063477736,-0.0495751520971147996
9.6681973439999993,0.332058663506910823,-0.452066152224589346,-0.050959847673582262
9.69817228800000031,0.330868180666856526,-0.468646143986253372,-0.039682761335142834
9.72812479999999979,0.328917232313990338,-0.444125505414269373,-0.0650316117622057599
9.75817222400000084,0.327529225989950046,-0.469153190255215735,-0.0462668774680092543
9.78817142399999973,0.325493801536278826,-0.441275316848117716,-0.0678474817890400428
9.81820448000000034,0.324328449476548819,-0.474244462578148451,-0.0388450686576670007
9.84820176000000025,0.323384168613127632,-0.4619744931808481,-0.0314760287807060862
9.87818288000000067,0.322664197456808632,-0.4682394686096506,-0.0239990385439671806
9.90813222399999916,0.322840096357859097,-0.470395015452150733,0.00586329670168156403
9.93821964800000046,0.322825169581681781,-0.459866913132649158,-0.000497559205910691124
9.96822707199999947,0.322624434858488407,-0.427404315912658928,-0.00669115743977916413
9.99816108799999981,0.322854863752743915,-0.428816433418539533,0.00768096314185003938
10.0281754559999996,0.322373217316179961,-0.37731674672232618,-0.0160548812187979381
10.0581998719999994,0.322695934241108817,-0.384847875931780825,0.0107572308309626594
10.0881735040000002,0.322777617696296037,-0.354868646279106525,0.00272278183957440703
10.1181693119999991,0.323306823952431266,-0.365078464044188755,0.0176402085378418033
10.1481812480000002,0.323664975048662096,-0.347174732778332884,0.0119383698743608935
10.1781623359999998,0.323918219666021079,-0.352104206530367558,0.00844148724529900779
10.2081575040000008,0.323836003962419072,-0.344751556046918373,-0.00274052345340087839
10.2381718080000006,0.32432526158138314,-0.364086948058225834,0.0163085872988025203
10.2682031039999995,0.324660085602058834,-0.347288213968307391,0.0111608006891894349
10.2982275839999993,0.324786454359498655,-0.321156245614681868,0.00421229191466151575
10.3282584639999993,0.324768537685194258,-0.280769046446501913,-0.000597222476812662387
10.3581632639999999,0.324470217451506726,-0.280673508687189155,-0.00994400778958428287
10.3881692799999996,0.323968868326495518,-0.277672951189305128,-0.0167116375003736918
10.4182711359999995,0.323284133937216056,-0.282580290596971762,-0.0228244796426490572
10.4481870400000005,0.322594918939845599,-0.284043113089058941,-0.0229738332456812071
10.4781289920000003,0.321737711841490193,-0.294351339114829191,-0.0285735699451806283
10.5081303039999998,0.321170579951087831,-0.312122748072658052,-0.018904396346745192
10.5383135039999996,0.320551020848489687,-0.323853899221181796,-0.0206519700866050898
10.568252416,0.31969140337434232,-0.323893917384339369,-0.0286539158049118649
10.59811616,0.319038941718782443,-0.345222370217619534,-0.0217487218519952577
10.6281174719999996,0.318421097468763237,-0.366234802392756242,-0.0205948083339738824
10.6582454080000009,0.317474234486440965,-0.386370449109358027,-0.0315620994107418673
10.6881471359999995,0.316670482391257391,-0.409957473773318593,-0.0267917365061193478
10.7181272960000005,0.315459095980441306,-0.413611117325865585,-0.0403795470272034773
10.7481410880000006,0.314541770932199816,-0.416387899325841748,-0.0305775016080498813
10.7781456640000002,0.313574971305446815,-0.426039832899531734,-0.0322266542250998489
10.8081546559999992,0.312765373251418288,-0.419241478403320267,-0.0269866018009508948
10.8381669120000002,0.312817370799871097,-0.438289922532724641,0.00173325161509309614
10.8681691199999992,0.312455369285597473,-0.420760418842881567,-0.012066717142453243
10.8981902399999999,0.312313092881509102,-0.431280157638540662,-0.00474254680294566855
10.9281330879999992,0.312212405404469984,-0.419252759080357418,-0.00335624923463723624
10.9581650239999995,0.312380867949425656,-0.427135653892659783,0.00561541816518987269
10.9882124159999996,0.312547493588115399,-0.414655285316018307,0.00555418795632519995
11.0181159999999991,0.312908004108704174,-0.422412084345375249,0.01201701735295959
11.0482203840000004,0.313896830103873203,-0.424459194135124229,0.0329608665056338179
11.0782130559999992,0.314340821480068033,-0.412740461347182785,0.0147997125398280326
11.1082722880000002,0.314524713335452455,-0.399713510014206241,0.00612972851281488353
11.1382911040000003,0.315231643270961315,-0.420051157040622181,0.0235643311836283634
11.1682100799999997,0.316295421729478887,-0.409778688865708896,0.0354592819505859386
11.1981541759999992,0.31719102734174387,-0.412834955539526038,0.0298535204088335969
11.228217184,0.317675910551685536,-0.394822244066334538,0.016162773664722907
11.2581395200000003,0.318983225524741509,-0.423743612705482275,0.043577165768532794
11.2881940800000002,0.320460203644840624,-0.425339945554761345,0.049232604003304016
11.3181113920000005,0.32167947663121832,-0.426492373528527424,0.0406424328792566181
11.3481344960000001,0.322980502437404837,-0.420833525269259989,0.0433675268728847402
11.3781676160000007,0.324598529625759857,-0.42971792149871274,0.0539342396118334469
11.4082271679999998,0.325732873793080413,-0.41560839240355546,0.0378114722440191023
11.4382346560000006,0.326542386091359271,-0.410746777663982321,0.0269837432759617961
11.4681767360000002,0.327680654149907935,-0.402713940705415496,0.0379422686182889837
11.4981125439999996,0.329102456824490519,-0.411815711912771665,0.0473934224860853015
11.5281497920000007,0.330386607305591218,-0.397451271821089192,0.0428050160366893681
11.5582367040000005,0.330942330453204148,-0.385815047311612869,0.0185241049204302941
11.5881515519999994,0.33234426277033069,-0.414747986344427444,0.0467310772375514605
11.6182021120000005,0.333127782915103587,-0.42645540410482019,0.0261173381590962088
11.6481538879999995,0.334227549511282196,-0.431458452208415499,0.0366588865392867558
11.6782009920000007,0.336413649107298707,-0.452034310580520959,0.0728699865338830188
11.7082000960000006,0.337561418965207194,-0.425719972481161946,0.0382589952636170072
11.7381816319999999,0.338669766646530757,-0.43094306047424713,0.0369449227107853662
11.7682211839999997,0.339946249217266627,-0.418316338534912679,0.0425494190245298345
11.7982797119999994,0.340496984387245405,-0.405996907549743102,0.0183578389992918138
11.8282533759999993,0.34102594578242823,-0.390116226073055961,0.017632046506095074
11.8582691839999992,0.341712435227876032,-0.389995740814891911,0.0228829815149264836
11.8881866560000002,0.34201709168630029,-0.369070390510316704,0.0101552152808089633
11.9181360959999996,0.342264085604228885,-0.369612105198871665,0.0082331305976191
11.9482074560000004,0.342502591353238628,-0.298082319028454334,0.0079501916336581005
11.9782123519999999,0.342495509923039287,-0.268530987509215169,-0.000236047673310930961
12.0082135040000004,0.342887941959468978,-0.27526993280580303,0.013081067880989547
12.0381319040000001,0.342586301499797796,-0.26259628447453609,-0.0100546819890401911
12.0681184320000003,0.342456974171859108,-0.272059064003343898,-0.00431091093128890129
12.0981335679999997,0.342006246656763491,-0.285954111992601623,-0.0150242505031866463
12.1281281280000002,0.342519742745123201,-0.325259045979171824,0.017116536278656759
12.1581621440000003,0.342284853457434701,-0.327467977070803384,-0.00782964292294970748
12.18815296,0.342432016533506911,-0.352531443693743174,0.00490543586907337629
12.2181313599999992,0.342091325313186145,-0.361297899454884108,-0.0113563740106919255
12.2481992959999992,0.343000097464021048,-0.460132350975194671,0.0302924050278309334
12.2781470079999995,0.34327056032051767,-0.503233419277328453,0.00901542854988651027
12.3081394559999993,0.344179904939253933,-0.523597441346833614,0.0303114872912096794
12.3381763200000005,0.345040713204578353,-0.523599707038596818,0.0286936088441473378
12.3681051199999992,0.345931674886303553,-0.523599998504745812,0.0296987227241739711
12.3981058239999999,0.347477022972046912,-0.52359999999956397,0.0515116028581122237
12.4281231680000008,0.348403683340970383,-0.504563944693284805,0.030888678964115332
12.4581445120000005,0.350085689464626537,-0.505883398567894105,0.0560668707885384615
12.4881719039999997,0.350828488687843332,-0.463665260401119106,0.0247599741072262874
12.5181738879999997,0.3531307687485713,-0.488926215025519251,0.0767426686909319783
12.5482217600000006,0.355714523690564388,-0.501459038948057989,0.0861251647331037068
12.5781087679999999,0.35860435893905479,-0.512192889224466708,0.0963278416163458467
12.6081771200000006,0.361966481339717261,-0.494559546524467319,0.112070746688748307
12.63817184,0.364531901475891984,-0.482106203197093353,0.0855140045391580839
12.6681323520000007,0.367717407139458219,-0.460027988804898647,0.106183522118874857
12.6981739200000003,0.370154801886761919,-0.448929784448906077,0.0812464915767895368
12.7282031040000003,0.371816087076902058,-0.403862497891110506,0.0553761730046721176
12.7581915200000005,0.37452855332748014,-0.414139489698676977,0.0904155416859356298
12.7881598400000005,0.376064608156620295,-0.369718650703077689,0.0512018276380048001
12.8181893759999994,0.378616604071738694,-0.373655402164561778,0.0850665305039471908
12.8481059200000001,0.380955694417846824,-0.389179589889918409,0.077969678203604495
12.8781203840000007,0.383301030824067301,-0.399145511600006053,0.0781778802073495593
12.9081203840000001,0.385140079256296175,-0.377407125807394939,0.0613016144076285324
12.9382089279999999,0.386849034206857845,-0.369351974572378006,0.0569651650187223205
12.9681472000000007,0.387188907687196215,-0.336468343387111735,0.0113291160112790057
12.9981420799999992,0.388693636159871458,-0.342542044084456043,0.0501576157558414407
13.0282223039999998,0.388425003828753501,-0.303620614762484142,-0.00895441103726548476
13.0581688000000007,0.388981488603908909,-0.313421370494876284,0.0185494925051806897
13.0881703680000001,0.388715912247123541,-0.283746331992211775,-0.00885254522617848899
13.118127264,0.38825770711694918,-0.281834902409996924,-0.015273504339145913
13.1482677760000009,0.387570649462118832,-0.2631098712534643,-0.0229019218276782927
13.1781510080000004,0.386833451104178938,-0.267334398338065549,-0.0245732785979967047
13.2082216639999999,0.38589851227746963,-0.296283931455315952,-0.0311646275569771869
13.238215168,0.384123120856336653,-0.295303142809492436,-0.0591797140377660139
13.2681597440000001,0.381846227834501228,-0.284452674056443977,-0.0758964340611810867
13.2982175680000001,0.379638194616187974,-0.287883787613293585,-0.073601107277108696
13.3281356160000009,0.377287895302294785,-0.281200181973924823,-0.0783433104631064969
13.3581435519999996,0.37451554204989268,-0.276723224270967905,-0.0924117750800709653
13.3882064639999996,0.372371157432255129,-0.272107457006947051,-0.0714794872545855137
13.4182103040000005,0.368933754725594587,-0.257151999303457335,-0.114580090222018677
13.4482661120000007,0.365489840005135569,-0.212897254599987457,-0.11479715734863305
13.4781634239999999,0.361433700373935296,-0.192495113299633674,-0.135204654373342864
13.5081950400000004,0.357800163420789796,-0.18795966083547383,-0.121117898438184102
13.5382086400000006,0.354493401461348612,-0.200414556812687994,-0.110225398648039707
13.5681693760000002,0.350099692541018304,-0.180683449921110462,-0.146456964011009577
13.5981730560000003,0.346634569060518205,-0.211331298905213294,-0.115504116016670003
13.6281421760000008,0.342064538485462033,-0.203991177861757522,-0.152334352501871717
13.6581824639999994,0.337805848991104496,-0.222993478524616151,-0.141956316478585393
13.6881664319999992,0.333729932685190522,-0.244735592705172117,-0.135863876863799027
13.7181596159999994,0.329538481238641323,-0.258525862056512679,-0.139715048218305771
13.7482022080000004,0.325182039396112399,-0.271251976763358826,-0.145214728084296918
13.7781731839999999,0.320569693347064644,-0.27892908861971949,-0.153744868301592258
13.8082009919999997,0.316495573183935952,-0.2918618891820286,-0.135804005437622305
13.8382942080000007,0.312747809831712742,-0.304206429285001245,-0.124925445074107369
13.8683707839999997,0.308874334141210627,-0.306118331595351845,-0.12911585635007139
13.8981973120000006,0.306019604309081261,-0.323494338847721274,-0.0951576610709793796
13.9281731840000003,0.302251265671042768,-0.310883548472479843,-0.125611287934615817
13.9581422400000008,0.29968892567482891,-0.33777808747256427,-0.0854113332071280845
13.9882106559999997,0.296996823033154056,-0.292191650149967619,-0.0897367547224944273
14.0181947519999994,0.29496398167638771,-0.278467032414030757,-0.0677613785588773027
14.0482068479999995,0.2937908369081349,-0.271499064506106502,-0.0391048256084260831
14.0782635840000001,0.292067298628567451,-0.273756454534878457,-0.0574512759855807659
14.1081718400000007,0.291381255904866243,-0.270145371787073929,-0.0228680907900401867
14.1382049920000004,0.289603269989721746,-0.255263865662616329,-0.0592661971714827721
14.1681729599999997,0.28863880497189448,-0.256391556462433334,-0.0321488339275754001
14.1981185920000001,0.287413114707109396,-0.254379314342939922,-0.0408563421595025261
14.2281862720000003,0.285798239414970678,-0.244617430349782533,-0.0538291764046238963
14.2581844479999997,0.285211628283277674,-0.255538517599002646,-0.0195537043897673485
14.2881733440000005,0.283268859302544973,-0.23572007511236745,-0.0647589660244233672
14.3181835839999998,0.282481874568108415,-0.249435028489638028,-0.026232824481218997
14.3481827519999996,0.281397532003635209,-0.181695074463629203,-0.0361447521491064377
14.3781281920000001,0.27981361462689569,-0.143855477085199968,-0.0527972458913167214
14.4081486400000003,0.278285583486393873,-0.148685542527122266,-0.0509343713500597164
14.4381908800000005,0.276780748846867763,-0.154308624188151583,-0.0501611546508705861
14.4681391040000005,0.274737259025904179,-0.153382454321712769,-0.0681163273654525753
14.4981041919999996,0.273367461584242133,-0.17903716891829205,-0.0456599147220689283
14.5282102720000008,0.271299913337253285,-0.180491010493148918,-0.0689182748996282346
14.5581151999999996,0.270434979123956309,-0.218756294402591783,-0.0288311404432333093
14.5881380800000002,0.268539355576533245,-0.220506876052172673,-0.0631874515807689108
14.6182455040000008,0.267654552420079184,-0.257652403538797037,-0.0294934385484680525
14.6481729919999992,0.265745419832579766,-0.263424993064726221,-0.0636377529166473471
14.6781372159999997,0.264256144573812524,-0.284468426055902057,-0.0496425086255753156
14.7081350079999993,0.263342904814467316,-0.297157671856635885,-0.0304413253115074604
14.7383495999999994,0.261579710196633064,-0.300162569475133978,-0.0587731539278092546
14.7681018240000004,0.260636122347902066,-0.325101550227456182,-0.031452928291033605
14.7981433280000001,0.258903513635279303,-0.337452299447136894,-0.0577536237540912586
14.828214848,0.257908400028878881,-0.361429407267328584,-0.0331704535466815775
14.8581688960000005,0.256271214045840856,-0.371002266367367328,-0.0545728661012683386
14.8881216639999998,0.255447960563165211,-0.400121157506434399,-0.0274417827558550639
14.9181972159999994,0.254408234361587826,-0.423038647083907871,-0.0346575400525795385
14.9481511999999999,0.253019946789103833,-0.419689534289100885,-0.0462762524161322991
14.9781807360000006,0.25276597288693653,-0.4656698171042849,-0.00846579673890993784
15.008172192,0.251732494969791831,-0.465755107263709722,-0.0344492639048225788
15.0381753279999995,0.251294046611133248,-0.486576225488574099,-0.0146149452886185898
15.0683210239999994,0.250769406321203148,-0.499034059146664433,-0.0174880096643361335
15.0982243839999999,0.24963432100287325,-0.493262835005663147,-0.0378361772776637378
15.1281276479999995,0.24997592790456119,-0.523599995709344124,0.0113868967229315277
15.1581604159999994,0.249806776448365214,-0.523599999998227705,-0.005638381873198893
15.1881794239999994,0.249811742359497518,-0.523599999659731363,0.000165530371077069133
15.2182100800000004,0.250583060785184997,-0.523599999999963539,0.0257106141895827242
15.2481144319999995,0.251637197485065578,-0.523599999999977528,0.0351378899960190991
15.2782660799999999,0.252811340515850191,-0.523599999999997734,0.0391381010261533588
15.3082010240000006,0.254377124420358924,-0.523599999999998067,0.0521927968169573001
15.3381737600000001,0.256112016845173707,-0.5235999999999984,0.0578297474938254327
15.3681458880000008,0.258331179182302528,-0.523599999999998511,0.0739720779042948445
15.3982172800000008,0.260540830469947304,-0.523599999996832044,0.0736550429214917202
15.4281566399999992,0.262389974423532124,-0.523599999999998289,0.0616381317861601913
15.4581762559999998,0.264824761039281875,-0.523599999999998733,0.0811595538583247539
15.4881859839999994,0.267706314299990422,-0.523599999999998955,0.0960517753569507804
15.5181798400000002,0.270713625730413965,-0.523599999999516896,0.100243714347450996
15.5481953280000003,0.27400571589896261,-0.523599999999990073,0.109736338951621326
15.5781518400000003,0.277167552465416078,-0.523599999999976196,0.105394552215114803
15.6081804480000006,0.28004613898011893,-0.523599999999948329,0.0959528838234277315
15.6382136640000002,0.283453106766967056,-0.523599999999968313,0.11356559289493702
15.6681719039999994,0.286994212563265905,-0.523599999999890264,0.118036859876628916
15.6981238399999992,0.290213308951687454,-0.523599999995458254,0.107303212947385068
15.7281621759999997,0.294268467256659949,-0.523599999999172949,0.135171943499083153
15.7581517760000001,0.297859500260515608,-0.523599999999992516,0.119701100128522683
15.7881446719999996,0.301807935234692959,-0.523599999999874055,0.131614499139244806
15.8181659840000002,0.305243880408915536,-0.523599999969998953,0.114531505807419082
15.8482075519999999,0.307967352675747763,-0.52359999999999618,0.090782408894408001
15.8781430399999994,0.311416332207567259,-0.523599999999855958,0.114965984393984061
15.908211584,0.314108485343959576,-0.523599999999202481,0.0897384378797439902
15.9382475840000009,0.316530273113656946,-0.523599999999932453,0.0807262589899129801
15.9681988480000001,0.317802779851185768,-0.523599999999833976,0.042416891250960792
15.9981473279999999,0.319739452812010216,-0.523599999997584331,0.0645557653608147958
16.0282528000000006,0.321572091861775322,-0.523599999994901699,0.0610879683255042411
16.0581267519999997,0.322150022053025065,-0.523599999998327514,0.0192643397083245918
16.0881993919999999,0.322299863482300164,-0.52359999999982576,0.00499471430917078525
16.1183124159999984,0.32242457427350274,-0.523599999999988186,0.00415702637341984482
16.1482176959999997,0.322074297942731569,-0.523599999999998733,-0.0116758776923719023
16.1781325440000003,0.322802331517847763,-0.523599999999999066,0.0242677858372065333
16.2082247680000009,0.322763021038756981,-0.523599999998421661,-0.00131034930302608224
16.2382131839999992,0.322981640240050605,-0.523599999999655008,0.00728730670978799695
16.2681615360000009,0.324520105141476778,-0.523599999999997623,0.0512821633808728944
16.2981852479999993,0.325485329893987929,-0.523599999999998955,0.0321741584170386341
16.3281882879999998,0.327104499633838586,-0.523599999999970755,0.0539723246616878038
16.3581770559999988,0.32851702281714612,-0.523599999999999066,0.0470841061102505246
16.3882369919999995,0.329440823091271706,-0.523599999973427432,0.030793342470853094
16.4181691839999999,0.330537942394719508,-0.523599999994934451,0.0365706434482598736
16.448170944000001,0.331349043675920107,-0.523599999973618613,0.0270367093733539891
16.4781679680000011,0.331908059071357842,-0.523599999999999066,0.018633846514591379
16.5082196160000017,0.333317320076114032,-0.523599999999999177,0.0469753668252064424
16.538213056,0.335249560069948105,-0.523599999999998955,0.0644079997944692895
16.5681623040000012,0.336647928982494682,-0.52359999997957507,0.046612297084886449
16.5981911999999987,0.338725114134207195,-0.523599999999998955,0.0692395050570828868
16.6282087680000004,0.341443492323799447,-0.523599999999998844,0.0906126063197413428
16.658199935999999,0.343562974368750162,-0.523599999999949328,0.0706494014983580915
16.688235903999999,0.345289470539209165,-0.523599999972099273,0.0575498723486334157
16.7182456319999986,0.346706673946154564,-0.52359999996818396,0.047240113564846864
16.7481983039999989,0.348305514200700606,-0.52359999999411122,0.0532946751515353048
16.7781851840000016,0.34960955356990131,-0.523599999998416665,0.0434679789733575725
16.8081588159999988,0.351381507761605039,-0.523599999999996402,0.0590651397234573799
16.8381648639999995,0.353086133177169692,-0.523599999939570293,0.0568208471854882088
16.8682949119999996,0.353964644496544079,-0.52359999999980178,0.029283710645813716
16.8981734400000008,0.355825333322215387,-0.523599999997649612,0.0620229608557108583
16.9281980479999987,0.357128498287473395,-0.497546209232724634,0.0434388321752668116
16.9581548799999986,0.358884246805562024,-0.451970304043740612,0.0585249506029538666
16.9883265600000009,0.360146530589291913,-0.384500979941984511,0.0420761261243297879
17.0181003199999985,0.361136044433643222,-0.364327303395223179,0.0329837948117104526
17.0482068479999995,0.362008924641065988,-0.325786022335019743,0.029096006914092136
17.0781980160000018,0.362381660892900026,-0.304103969881986569,0.0124245417278015576
17.1081803840000006,0.361464453768791716,-0.255564964067566847,-0.0305735708036112344
17.1382042560000016,0.362213754084516226,-0.277149763999756826,0.0249766771908160948
17.168201088,0.361723335478984442,-0.238869576618481128,-0.0163472868510597669
17.198154112000001,0.361205757711083264,-0.248940028222234544,-0.0172525922633734764
17.2281383360000007,0.360627740950092035,-0.238957170748653996,-0.0192672253663743326
17.258179007999999,0.359321567373354078,-0.233649277639654457,-0.0435391192245985909
17.2882188160000005,0.357926670270344138,-0.236869513262409598,-0.0464965701003308349
17.3181756160000013,0.356113013000522449,-0.239298705227103392,-0.0604552423273890319
17.348164992000001,0.354125689993621817,-0.239283391160538317,-0.0662441002300208637
17.3781843520000017,0.351977919918050774,-0.249780172784488441,-0.0715923358523682801
17.4082272320000015,0.349187504446008712,-0.242516102070472417,-0.0930138490680689212
17.4381788479999997,0.347131240426801102,-0.270379267691035263,-0.0685421339735870216
17.4681598079999993,0.344189059866063796,-0.251462467416891711,-0.0980726853579100277
17.4981900480000014,0.341582065276513802,-0.272554264967016457,-0.0868998196516656274
17.5281783040000008,0.338312304777291351,-0.264975086116728542,-0.108992016640747744
17.5581093119999991,0.335404017618725125,-0.287894462435533627,-0.0969429052855401291
17.5881988159999985,0.331926201289828637,-0.282353890721024958,-0.115927210963217189
17.6182091840000012,0.329190534200235363,-0.308173539084645232,-0.0911889029864423051
17.6482031679999984,0.325507213396391326,-0.291786750975209841,-0.122777360128134089
17.6781524479999987,0.323054561099958781,-0.317964228709984809,-0.0817550765477510211
17.7081679680000015,0.319606712969904672,-0.271103492552923542,-0.114928271001803015
17.7381991680000013,0.317375112070033827,-0.295806382830589909,-0.074386696662362306
17.7681843840000013,0.313993288876788734,-0.272959299433246594,-0.112727439774836041
17.7981798080000004,0.311748350614203973,-0.303884134914204629,-0.0748312754194924989
17.8282043520000002,0.30881225275947366,-0.291666285863643737,-0.0978699284910110878
17.8581675199999985,0.306320206911863346,-0.307725870807210922,-0.0830681949203428693
17.8881433600000008,0.304243116927988722,-0.331242866757836818,-0.0692363327958216562
17.9181905919999984,0.302368440334529365,-0.357214477408084152,-0.0624892197819791051
17.9481252160000011,0.300536555347601653,-0.363425809735751559,-0.0610628328975908116
17.978197024,0.299739521664171948,-0.386865177270653837,-0.0265677894476562017
18.0081292160000004,0.298670156675413523,-0.377995040271143168,-0.0356454996252816431
18.0382006399999995,0.29800745012808938,-0.390802149076114547,-0.0220902182441383953
18.0681751999999989,0.297718746455698846,-0.391033987626664303,-0.00962345574635149748
18.0981367360000007,0.297591958830539294,-0.427396814379296386,-0.00422625417198494412
18.1281339840000015,0.297581791503966131,-0.458481619281599084,-0.000338910885771307097
18.1581335360000011,0.298027698783258799,-0.472015669948060157,0.0148635759764218275
18.1881223359999993,0.299343903528492328,-0.46809539766740077,0.0438734915077844817
18.2181669759999991,0.300351931158358065,-0.468565045133337132,0.0336009209955247939
18.2480826239999985,0.301326117331767451,-0.450992870007291824,0.0324728724469802513
18.2780960320000005,0.303079799523839954,-0.452433192800817674,0.0584560730690826258
18.308092607999999,0.304357868260024034,-0.42661995301747474,0.0426022912061367331
18.3381183679999999,0.30579114458354123,-0.423050649276730861,0.0477758774505724557
18.3681272640000017,0.30808442956002513,-0.407651647475291645,0.076442832549463921
18.3981081280000005,0.3099507086026419,-0.410592042699059134,0.0622093014205582981
18.4281045120000009,0.312544581643506847,-0.411546825344329625,0.0864624346954974282
18.4581089919999997,0.314675964802357599,-0.414711728187577067,0.0710461052950255023
18.4881232319999995,0.317505137971277995,-0.410405254580659351,0.0943057722973461854
18.5181309120000002,0.320891013307041284,-0.419434131591592596,0.112862511192109188
18.5481421120000007,0.323601634499911306,-0.406959274116412584,0.0903540397623339153
18.5781063999999994,0.326801152512818438,-0.410749388322775466,0.106650600430237219
18.6081358719999983,0.329379637970175609,-0.396383381533016166,0.085949515245239333
18.638210879999999,0.331721938809030448,-0.3968934560742714,0.0780766946284943281
18.6681965120000015,0.335140171353374205,-0.388631314492888291,0.113941084811458121
18.6981607359999984,0.337379785639527585,-0.372290910350902615,0.0746538095384459144
18.7281849600000001,0.339723574521971772,-0.351255675757285835,0.0781262960814727569
18.7581634559999983,0.341453091934272257,-0.346875582303936725,0.0576505804100165067
18.7881837440000012,0.34295673363817486,-0.33682797809248699,0.0501213901300864226
18.8181645760000009,0.344462200543479202,-0.340632521609868011,0.0501822301768112544
18.8481588480000006,0.345703498992392944,-0.333912499666982998,0.0413766149637906991
18.8781377279999987,0.347364183065803023,-0.347382565764061901,0.0553561357803353596
18.908192992,0.347984514229581543,-0.32550710766378349,0.0206777054592844969
18.9381689599999987,0.349187891315235588,-0.348867322911018407,0.0401125695218021855
18.9681312320000011,0.349587403188629409,-0.33141263441874208,0.0133170624464611226
18.9981672320000001,0.349597304291847766,-0.33887645078105183,0.000330036773944481984
19.0281412480000007,0.349907819085993499,-0.317085804269307325,0.0103504931381904648
19.0582215039999987,0.349308231911849898,-0.273654556996650866,-0.0199862391381199073
19.0882105919999994,0.349386757493953093,-0.262781367315844616,0.00261751940343898232
19.1182140800000013,0.348498604009781221,-0.245505656472790518,-0.0296051161390626615
19.1482085759999983,0.347967220658014942,-0.256284742309177194,-0.0177127783922101517
19.1782164480000006,0.346641091786204059,-0.24735037147269015,-0.0442042957270294828
19.2081792640000018,0.345655900965099849,-0.271425114354191033,-0.0328396940368069074
19.2381730240000017,0.344404481256431805,-0.279103827180107122,-0.0417139902889351599
19.268145023999999,0.343605935824242537,-0.303769169968585717,-0.0266181810729763484
19.2981021119999987,0.342158797281595262,-0.304858439461190622,-0.0482379514215750677
19.3281406400000009,0.341544294365582368,-0.347950431265219517,-0.0204834305337632007
19.3581552959999996,0.339958756777272331,-0.356452194948416567,-0.0528512529436674927
19.388148575999999,0.338312142956727291,-0.381453263050433533,-0.0548871273515006766
19.4180993280000003,0.336615747169605628,-0.398747324905773304,-0.0565465262373885252
19.4481499520000014,0.334302864734249083,-0.388485433767293775,-0.077096081178552392
19.4781238720000012,0.332562613193314094,-0.418117563058662101,-0.0580083846978326628
19.5081729599999996,0.330675677602235707,-0.413795053273461888,-0.0628978530359463606
19.5381360320000006,0.32904331610463794,-0.428942300000945242,-0.0544120499199263058
19.5682198400000011,0.327072748756540466,-0.415615121980981717,-0.0656855782699160423
19.5981847679999994,0.325208492883252376,-0.428023825399026392,-0.0621418624429357774
19.6282362880000001,0.323279089729200941,-0.422499819386212783,-0.0643134384683808485
19.6581668480000005,0.322112993229063282,-0.444716583576260427,-0.0388698833379224479
19.6881533439999998,0.319971849390682961,-0.45520613894849965,-0.071371461279343823
19.7181633599999984,0.31858886299098188,-0.513572966148999388,-0.0460995466567017606
19.7482478079999986,0.31697360692765697,-0.518508029512929736,-0.0538418687774972343
19.778190175999999,0.315992971045554016,-0.523599999926164461,-0.0326878627367643906
19.8081964480000003,0.31500769503659215,-0.523599257546959129,-0.032842533632061667
19.8382064960000015,0.314645510694216535,-0.523599999996825383,-0.0120728114125198058
19.8682127679999994,0.313678626357742574,-0.508611293691461075,-0.0322294778824660233
19.8981078720000006,0.313696859319920085,-0.523598877208085067,0.000607765405917601309
19.9282117439999986,0.314186381069531284,-0.514917368171177281,0.0163173916537061939
19.9581704319999993,0.313879530198290735,-0.485692587507713214,-0.0102283623746854055
19.9881712,0.313991397980319442,-0.471223994457725115,0.00372892606762322519
20.0181931199999994,0.314311351208874157,-0.472044130390983807,0.0106651076184901099
20.0482690559999988,0.314928079841293951,-0.442003643784668554,0.0205576210806602822
20.0781734400000005,0.315358613822838196,-0.418319797556092332,0.0143511327181410596
20.1081513919999999,0.315748089126500708,-0.350185121072760785,0.012982510122082935
20.1382023680000017,0.315708809397861334,-0.333517924002925459,-0.00130932428797944124
20.1681279039999986,0.316646666042583569,-0.336344682962106178,0.0312618881574077342
20.1981247999999987,0.316906997213530217,-0.31919919100697125,0.00867770569822138432
20.2281946879999985,0.317387575574341607,-0.324389650859823409,0.0160192786937121585
20.2581770239999983,0.317567652895322905,-0.324673060922701429,0.0060025773660428005
20.2882098880000008,0.318331113190329307,-0.346019093340274919,0.0254486765002124721
20.3181348799999988,0.318253776260849608,-0.336056385367941413,-0.00257789764932343096
20.3481529600000002,0.317944426774312727,-0.337100509661799552,-0.0103116495512286382
20.3781256639999988,0.317639470727949846,-0.34886700758011413,-0.01016520154542974
20.408171295999999,0.316828318647851825,-0.341032914433878509,-0.0270384026699346386
20.4381960639999996,0.315955913265417165,-0.337699291831006831,-0.0290801794144883892
20.4681564479999984,0.315716130206019296,-0.321372946785822677,-0.00799276864659576036
20.4982233280000017,0.314325519491340022,-0.298650750090600714,-0.0463536904893090684
20.52819152,0.313335596585979426,-0.317291887368050418,-0.0329974301786864904
20.558147936000001,0.312132556338194089,-0.320507549758490828,-0.0401013415928452022
20.5882317119999989,0.311019399813334985,-0.323063889000375748,-0.0371052174953041686
20.6181774080000011,0.310039533197629391,-0.336122817127517293,-0.0326622205235202884
20.6481713599999992,0.308909435120914622,-0.333993759140021607,-0.0376699358904915779
20.6781381439999983,0.307858318280328225,-0.349067078578719325,-0.0350372280195456465
20.7081430399999995,0.307219632525127462,-0.361447911687586776,-0.0212895251733594415
20.7381377280000017,0.306598795616902398,-0.363751380928135859,-0.0206945636075027209
20.768174976000001,0.305576375928169774,-0.325241856908388083,-0.0340806562910880989
20.7981455679999989,0.304233363689609015,-0.328977467706981164,-0.0447670746186925317
20.8281349119999994,0.303087826269146265,-0.336352604026966318,-0.0381845806820924824
20.8581953280000008,0.301462202997480666,-0.334620062158223264,-0.0541874423888537987
20.8881373440000004,0.300598006279078456,-0.353573338237906487,-0.0288065572800730134
20.9181998399999998,0.299616877789320279,-0.359353765126148417,-0.0327042829919385464
20.9481497599999997,0.298508738815008501,-0.359504528490387054,-0.0369379658103932834
20.9781980160000003,0.297870615975403263,-0.379994233511579127,-0.0212707613201754825
21.0081907200000018,0.297194780386090207,-0.335380344553307896,-0.022527852977101321
21.0382042879999993,0.296360184694947293,-0.337607165915469243,-0.0278198563714307824
21.0681981759999992,0.296262876730625402,-0.352150643765779536,-0.00324359881072943182
21.0981659199999996,0.29580065458971988,-0.356070427992886351,-0.0154074046968500442
21.1281977599999991,0.295375921068274927,-0.358495777703319585,-0.014157784048165499
21.1581741120000011,0.295009928750657013,-0.367469058427662032,-0.0121997439205965407
21.1881733439999991,0.294916369326168548,-0.377341806518098621,-0.00311864748294816974
21.2181181440000017,0.294866302984277184,-0.388853062021399021,-0.00166887806304614247
21.2481292800000006,0.295332198219286912,-0.398327796346399809,0.0155298411669913556
21.2781721280000014,0.29641962090734858,-0.430362429630624765,0.0362474229353895866
21.3082016960000011,0.29717304000171324,-0.473788196469766998,0.0251139698121561235
21.3381742400000007,0.29799319147744352,-0.494278079508848389,0.0273383825243429697
21.3681662080000017,0.298861959006487765,-0.490725952568336343,0.0289589176348075163
21.3981703359999997,0.300219468568986791,-0.508134046797403038,0.0452503187499678008
21.4281554559999989,0.300453402990869312,-0.480224904277139431,0.00779781406275035366
21.458172256000001,0.30159409214561983,-0.488789965562171969,0.0380229718250169046
21.4881538879999994,0.302808275224863421,-0.483831918896971913,0.0404727693081204237
21.5181746240000003,0.304261332489422276,-0.488697851315458009,0.0484352421519618007
21.5482171519999994,0.305536108532311446,-0.471841009561847269,0.0424925347629727598
21.5781737920000012,0.30739951467476323,-0.481344493862433997,0.0621135380817269822
21.6082359040000007,0.309288978966626382,-0.474438809881572665,0.062982143062105117
21.6382039679999991,0.310929693165051868,-0.462126988690821638,0.0546904732808495969
21.668169056,0.312786083831959882,-0.418516337851245535,0.0618796888969346051
21.6981363840000014,0.314571739739115619,-0.421066539527582606,0.0595218635718569658
21.7281476480000002,0.315721025769853503,-0.39323292153494771,0.0383095343579287206
21.7581495999999994,0.317805579637871205,-0.413815748471078881,0.0694851289339235845
21.7881678719999989,0.319228069338520493,-0.400332445746587995,0.0474163233549762253
21.8181888000000015,0.321077797724193259,-0.409451976450167343,0.0616576128557584438
21.8481672320000015,0.322114856524699844,-0.392170944917081266,0.0345686266835527473
21.8782397439999983,0.32321060174831967,-0.397388123912746416,0.0365248407873272202
21.9081740799999984,0.32396493932722692,-0.380735265174732163,0.0251445859635745644
21.9381978559999986,0.324425511355586949,-0.382038830882095837,0.0153524009453350156
21.9681339840000014,0.325403219675326261,-0.381517466383336445,0.0325902773246440833
21.9981312960000004,0.325434393179169112,-0.359874536669266776,0.0010391167947608089
22.0281353280000012,0.324987039585797,-0.337424577904991363,-0.0149117864457370321
22.0581781439999993,0.325485763337969525,-0.364222722637932428,0.0166241250724172424
22.0881190720000014,0.325402911045028553,-0.345112103731792519,-0.00276174309803244034
22.1181763840000016,0.325420379478866373,-0.361098326560065186,0.000582281127927277743
22.1481191359999983,0.325989805191600257,-0.37438044556042227,0.0189808570911301835
22.1781026879999992,0.326326465167258162,-0.383528631694979194,0.0112219991885967874
22.2081988800000012,0.326471997233703681,-0.379245612913372998,0.00485106888151823692
22.2381675200000011,0.326579736515004715,-0.395268914712456232,0.00359130937670191922
22.2681004159999993,0.326985818180623888,-0.397406762615099607,0.0135360555206382807
22.2981843200000007,0.327320358061140793,-0.412512146456461282,0.011151329350562629
22.3281684479999996,0.327625340093164685,-0.401537182997332209,0.0101660677341303216
22.3581286400000003,0.327461623624252351,-0.396179390372132845,-0.00545721563041204859
22.3881776959999996,0.327819636175926854,-0.391840907436673491,0.0119337517224842697
22.4181476800000006,0.327747308008316529,-0.394122844721819965,-0.00241093892034487112
22.4481941439999986,0.327778353236514997,-0.39148932443884954,0.00103484093994959296
22.4781942080000015,0.327562583050092171,-0.394716598185277989,-0.00719233954742759616
22.5082459839999984,0.327573004793780653,-0.394887300573064259,0.000347391456282709378
22.5381872319999985,0.327744053159608084,-0.410140402123046366,0.00570161219424694839
22.5682789759999984,0.327916679644523312,-0.395993252836148502,0.00575421616384024729
22.598131647999999,0.327807161079927245,-0.396243045269311811,-0.00365061881986877227
22.6281680640000005,0.328060562844395387,-0.395177545700727384,0.00844672548227216186
22.658165824000001,0.327496103192007393,-0.398477054875912118,-0.0188153217462667458
22.6881343999999991,0.328058085675463629,-0.412730389378894613,0.0187327494485412041
22.7181880639999996,0.327811075197067647,-0.414362224864236961,-0.00823368261319909131
22.7482041919999993,0.32887330955369859,-0.427235267541981545,0.0354078118876975656
22.7781689920000012,0.32942811827190932,-0.435587998713667268,0.018493623940358337
22.8081735360000017,0.330695567122347323,-0.437658403885837211,0.0422482950146006453
22.8381551999999992,0.331286778428890039,-0.43563935063934317,0.0197070435514235982
22.8681708479999983,0.332380233015422688,-0.428055428739696153,0.0364484862177552257
22.8981433279999997,0.333300927101858213,-0.433581356817151764,0.0306898028811844054
22.9281145279999983,0.334223696270669501,-0.417041012617926976,0.0307589722937100588
22.9581738239999993,0.334367465446611611,-0.403415240182138868,0.00479230586473646317
22.9881847039999982,0.336045418316163524,-0.422598860981005797,0.05593176231839668
23.0181643839999985,0.336123458388300156,-0.423483538583238506,0.00260133573788708106
23.048152223999999,0.338037081414864049,-0.434413916055870319,0.0637874342187960408
23.0781397440000013,0.338830950352904392,-0.432869421243039121,0.0264622979346784276
23.1081343359999991,0.341065469638356045,-0.428173687901713618,0.0744839761817224777
23.138220896,0.341960650726762683,-0.422022453630117977,0.0298393696135552805
23.1681309440000014,0.343488680960090387,-0.411276539387990692,0.0509343411109228136
23.1981449919999996,0.344675909640314526,-0.409392386687569776,0.0395742893408048621
23.228193791999999,0.345685197213271234,-0.384743304908287342,0.0336429190985561496
23.2581756159999991,0.346584737195050896,-0.382003572470058672,0.0299846660593222382
23.2881833279999988,0.346783659375489106,-0.350200701541573345,0.00663073934793954184
23.3181855680000005,0.347282953316301102,-0.355400144669019979,0.0166431313604004719
23.3481519360000007,0.348013163891321586,-0.312359559237613882,0.0243403525006824148
23.378097824000001,0.348880334356716948,-0.307574465486647575,0.0289056821798450124
23.408117279999999,0.34958774692098965,-0.296394035894982477,0.0235804188090903769
23.4381121599999993,0.350349945835534582,-0.297685509374350843,0.025406630484830741
23.4681320639999988,0.350929300228486618,-0.290690228607417167,0.0193118130984014195
23.4981358399999998,0.351251621501866007,-0.292466695437048174,0.0107440424459791066
23.5281308799999991,0.351498827372690559,-0.290579070656577398,0.00824019569415149547
23.558215392000001,0.351493283251962774,-0.294504640223054115,-0.000184804024258895458
23.5881422399999998,0.350719228086343204,-0.279011581983132972,-0.0258018388539848001
23.6181716480000006,0.350390386668270881,-0.290860525376251844,-0.0109613806024099376
23.6481771840000015,0.349801021329642747,-0.245688958209713842,-0.0196455112876051143
23.6781249920000008,0.349129728535182704,-0.235859450075855043,-0.0223764264820017211
23.7081757119999992,0.348135584817550137,-0.227711271430352247,-0.0331381239210852205
23.7381639359999994,0.346634832759462774,-0.225493252717486797,-0.0500250686029122815
23.7681167679999987,0.344647276168096428,-0.222136583245889613,-0.066251886378877467
23.7981194880000011,0.342798826757502506,-0.237075004652149424,-0.0616149803531306842
23.8281094079999995,0.340723190868888637,-0.241541542629794104,-0.0691878629537959061
23.858124128,0.338497111639611103,-0.253992256093015289,-0.0742026409759181937
23.8881760959999987,0.336477604308699552,-0.268601675349856739,-0.0673169110303856871
23.9181058560000004,0.334055967634804774,-0.279923639877282027,-0.0807212224631596587
23.9481422719999983,0.331799526857374405,-0.25889259255777386,-0.0752146925810120021
23.978170175999999,0.328805998776332153,-0.237433304015448876,-0.0997842693680745102
24.0081660799999987,0.326147731787733042,-0.254029062252681848,-0.0886088996199710793
24.0381472000000009,0.323118795244314416,-0.259884036689782105,-0.100964551447288414
24.0681068160000002,0.319955173762439482,-0.269914624850484564,-0.105454049395830723
24.0981012159999999,0.316862151220591248,-0.286216828921048994,-0.103100751394940279
24.128136928,0.313245490095367174,-0.287960134188772698,-0.120555370840801632
24.1581684800000005,0.311867587442418881,-0.374060426614211405,-0.0459300884316105051
24.1881597759999991,0.311968832408783037,-0.440861213016238096,0.00337483221213818324
24.2181415999999992,0.314089463192155249,-0.518918528068994855,0.0706876927790741072
24.2481427519999997,0.316996472719885236,-0.523599999907202851,0.0969003175910004011
24.2781329600000007,0.321914870197809067,-0.523599999974672881,0.163946582597461865
24.3081454080000015,0.327166101115276442,-0.523599999992449994,0.175041030582246404
24.3381535360000001,0.334146313744048573,-0.523599999834140739,0.232673754292403667
24.3681873280000012,0.341528878114065182,-0.523599999999998067,0.246085479000554497
24.3980828159999987,0.351353529096190664,-0.523599999966477436,0.327488366070850023
24.4281335679999998,0.361759564056359395,-0.5235999999999984,0.346867832005624821
24.4581894400000017,0.373056867550193461,-0.523599999991479992,0.376576783127802683
24.4881847999999991,0.385374618736602226,-0.52359999998977913,0.41059170621362534
24.5181721279999998,0.398025397285661942,-0.523599999995087551,0.42169261830199084
24.548136895999999,0.411001142541487674,-0.523599999999997623,0.432524841860857767
24.578196032000001,0.424337184245948906,-0.523599999999374566,0.444534723482041871
24.6082123840000015,0.436802439033518286,-0.523599999978422215,0.415508492918979233
24.6381764479999994,0.449122014234705103,-0.52359999999889062,0.410652506706227494
24.6682109439999984,0.460978260875000656,-0.523599890067967366,0.395208221343184785
24.6982129599999993,0.473135127376736797,-0.512728376869956981,0.405228883391204275
24.7281446080000009,0.484868724446881283,-0.488002811297836736,0.391119902338149139
24.7581913279999988,0.495529595084130692,-0.469160321610041509,0.355362354574980555
24.788224704000001,0.506994740393082677,-0.408014609953360474,0.382171510298398909
24.8181766400000008,0.516845841475857881,-0.407756485573154415,0.32837003609250659
24.8481743679999987,0.525601663349651083,-0.350673739974237952,0.29186072912643829
24.8781567680000002,0.53283823412796294,-0.327829190421182248,0.241219025943729126
24.9081750399999997,0.538029566917058499,-0.283223748619488236,0.173044426303185117
24.9381552639999988,0.541696429784576217,-0.255063232219189862,0.122228762250588999
24.9681353279999989,0.543541872001805926,-0.219630432737747738,0.0615147405743232678
24.9981304639999991,0.543872956233587668,-0.209777074232434357,0.0110361410593916073
25.0281245759999997,0.542401984100049694,-0.198885384683009564,-0.0490324044512653184
25.0581184959999987,0.539870199708093135,-0.187550663532295242,-0.0843928130652168429
25.0881284479999991,0.534918821931367972,-0.239404117477508782,-0.165045925890837858
25.1180799999999991,0.529388357973220702,-0.161393891044803339,-0.18434879860490816
25.1482020480000017,0.52120841062336154,-0.142074485398937855,-0.27266491166197343
25.1781004800000012,0.511598253611803444,-0.151945864494356625,-0.320338567051937917
25.2081476480000006,0.499722023608830113,-0.119199565136459823,-0.395874333432445102
25.2381425919999991,0.486727547226616764,-0.13599783735255247,-0.4331492127404446
25.2681505279999996,0.471961611528925795,-0.143542442720096003,-0.492197856589698224
25.2981383039999983,0.454831262324395469,-0.116047053597343103,-0.571011640151010691
25.3281448639999986,0.436944259077512331,-0.154936056290511659,-0.596233441562772137
25.3581346240000016,0.417581025425542818,-0.175391534896878976,-0.645441121732317269
25.3881274879999985,0.396759454062361683,-0.189073163068016997,-0.69405237877270487
25.4181058560000004,0.374628351291684425,-0.196771821123106816,-0.737703425689242298
25.4481393920000016,0.351197356196453148,-0.21606540044286221,-0.781033169841042652
25.4781135359999986,0.326458265027567363,-0.220564646325248609,-0.824636372296193354
25.5080928,0.301597652523872772,-0.287863070341459915,-0.828687083456486007
25.5381447679999987,0.27505656481117563,-0.277153305159290764,-0.884702923756570669
25.5681694399999984,0.248074111712380474,-0.309633656361262166,-0.899415103293171425
25.5981255680000004,0.220378294384701162,-0.337222941622008221,-0.92319391092264369
25.6281667840000011,0.192458805425271273,-0.399980864847882478,-0.93064963198099615
25.6581526719999999,0.163822520666264321,-0.43607796293254153,-0.954542825300231712
25.6881742720000013,0.135693410011701487,-0.523599999997893417,-0.937637021818761629
25.7181449919999991,0.107290735419658764,-0.523599999999994403,-0.946755819734757531
25.7481722879999992,0.079430974695234427,-0.52359999999999951,-0.92865869081414476
25.7781201280000012,0.052417849442226834,-0.523599999999998067,-0.900437508433586498
25.8081656959999997,0.0259160612811119712,-0.52359999999973672,-0.883392938703828845
25.8382023039999993,0.00079505156495210394,-0.523599999999882937,-0.837366990538662259
25.8682108799999995,-0.0232356773540143939,-0.523599999999608823,-0.801024297298883248
25.898245696,-0.0456262379883485142,-0.523599999996505971,-0.746352021144470745
25.9281599999999983,-0.0659953070900785171,-0.523599999999999621,-0.678968970057666654
25.9581576960000007,-0.0841198210856078793,-0.523599999999999288,-0.60415046651764559
25.9881726399999984,-0.0899665376763464086,-0.52359999999449347,-0.194890553024617608
26.0181912319999995,-0.0945343258123341884,-0.523599999999999732,-0.152259604532925974
26.0481720320000001,-0.0972055241072595638,-0.523599999938403449,-0.0890399431641791805
26.0781647039999989,-0.0994983434540952782,-0.523599999999999621,-0.0764273115611903003
26.1081644799999992,-0.101564320068892044,-0.523599999999999621,-0.068865887159892239
26.1381521919999997,-0.100072171842454219,-0.294789435085193008,0.0497382742145941331
26.1681188479999989,-0.0983803781951601286,-0.263793665959361157,0.0563931215764694668
26.1981377920000007,-0.0956301469554471373,0.442087627675175066,0.0916743746570996276
26.2281449920000007,-0.0938036294957001887,-0.0932471246048957036,0.0608839153248980774
26.2581644479999987,-0.09397841086175171,-0.0568961582724554771,-0.00582604553505075562
26.288126848000001,-0.0930039792302183727,-0.242688313893443613,0.0324810543844445479
26.3181128320000006,-0.0937545758239050897,-0.364535872270403349,-0.025019886456224015
26.3481027840000017,-0.0927232793926091314,-0.327360666553113078,0.0343765477098652295
26.3781098239999992,-0.092753790170743311,-0.254932202282117271,-0.00101702593780579609
26.4081040320000007,-0.0912857987248539976,-0.234348199740976537,0.048933048196310322
26.4381666559999999,-0.0915961083482021293,-0.241017191111716877,-0.0103436541116043446
26.4681311040000011,-0.0903458974185104291,-0.221820218793746304,0.0416736976563898201
26.4981491200000008,-0.0910503411752658504,-0.238797183394959728,-0.0234814585585142316
26.5281930559999992,-0.0900699053412445244,-0.217803747322363545,0.0326811944673776264
26.5581785279999991,-0.0912835392485200486,-0.235768352003310366,-0.0404544635758506618
26.5881439999999998,-0.0907281266032066158,-0.212796860761415352,0.0185137548437809135
26.6181698239999989,-0.0924844942662322866,-0.231183464046400056,-0.0585455887675222567
26.6481620479999997,-0.0923398976870653809,-0.173814280604099924,0.00481988597223023674
26.6781808319999989,-0.0945382300451711732,-0.188151290112924668,-0.0732777452701929011
26.7081645760000015,-0.094854057392782104,-0.077705765361895926,-0.0105275782536977044
26.7381897600000009,-0.0975961308654510473,-0.194682379312670933,-0.0914024490889649155
26.7681505920000014,-0.0988545941786754534,-0.111664006142093555,-0.0419487771074803506
26.7982742079999987,-0.101909026305517958,-0.194769999583521258,-0.101814404228083466
26.8281433920000012,-0.10387798905514746,-0.186045357234792375,-0.0656320916543169097
26.8581822400000014,-0.10724256165326132,-0.199383881907619992,-0.112152419937128489
26.8881714559999985,-0.109475184480386289,-0.102986746863902912,-0.0744207609041656892
26.9182186560000005,-0.112974301675910646,-0.181069850273852972,-0.116637239850811897
26.9481749119999989,-0.115971472139780429,-0.136290290920038693,-0.0999056821289928676
26.978115712000001,-0.119665782031918827,-0.184608883869677248,-0.123143663071280163
27.0081717119999993,-0.123182426407273699,-0.16436124999780527,-0.117221479178495694
27.0381447679999987,-0.12694968322590508,-0.183289621754393284,-0.12557522728771281
27.0680926719999988,-0.130405730317799645,-0.0320818045060192042,-0.115201569729819195
27.0981172480000012,-0.131637833966534695,0.523599999999985188,-0.0410701216245012157
27.1281521920000017,-0.134210746257242497,0.0673843028929418664,-0.0857637430235931864
27.158265312000001,-0.137161342790461077,0.523599999999917465,-0.0983532177739526586
27.1882017599999983,-0.139072044736510469,0.523599999999978527,-0.0636900648683131204
27.2181543680000004,-0.141576073409372866,0.523599999999488586,-0.083467622428746141
27.2481367359999993,-0.14487008506346033,0.314223022483971215,-0.109800388469581983
27.2781620800000013,-0.145663771457081953,0.523599999999999399,-0.0264562131207211615
27.3082069119999993,-0.144667413338520873,0.523599999996672727,0.0332119372853696762
27.338223039999999,-0.14568559472027201,0.523599999995205123,-0.0339393793917045009
27.3681776319999983,-0.147603628513162527,0.523599999974444952,-0.0639344597630175093
27.3981370559999995,-0.148173401058221854,0.523599999995471577,-0.0189924181686442761
27.4281770559999991,-0.150744831590605727,0.286072648042943856,-0.0857143510794627916
27.4581574080000017,-0.152514157926402244,0.523599999999856958,-0.0589775445265510179
27.4882044800000003,-0.154049385466759059,0.416680073116680427,-0.0511742513452273923
27.5181206719999985,-0.156063525205671988,0.523599999999578292,-0.0671379912970978127
27.5481715519999995,-0.157582577807270613,0.523599999999991184,-0.0506350867199540228
27.5781388479999983,-0.158786270443545235,0.523599999995537302,-0.0401230878758206469
27.6081365120000015,-0.158178376841605406,0.523599999999999288,0.0202631200646612025
27.6381551999999999,-0.156534603981853759,0.523599999999999288,0.0547924286583884659
27.6681437119999991,-0.154250747864551369,0.523599999999937671,0.0761285372434127167
27.6981595200000008,-0.152706136755689059,0.523599999999998733,0.0514870369620770568
27.7280912000000015,-0.151138045795737974,0.523599999999945442,0.0522696986650362308
27.7581130559999991,-0.149570706206049564,0.523599999996106291,0.0522446529896135672
