t,solve_time,status
0.00818332800000000013,0.00365638399999999994,0
0.0381385600000000019,0.00168457599999999991,0
0.0681570880000000046,0.00127414400000000006,0
0.0980981120000000012,0.00127068800000000007,0
0.128122879999999995,0.00119804799999999995,0
0.158174784000000013,0.00128886400000000003,0
0.188197535999999999,0.00124220800000000007,0
0.218131456000000001,0.00143206400000000004,0
0.248134240000000006,0.00143894399999999994,0
0.278103551999999976,0.001440352,0
0.308147967999999994,0.00158431999999999996,0
0.338251552000000011,0.00165401599999999991,0
0.368162719999999999,0.00178739200000000006,0
0.398148351999999983,0.00218844799999999996,0
0.42819753599999999,0.00215689600000000016,0
0.458163103999999988,0.00185542400000000005,0
0.488150527999999972,0.00217686400000000014,0
0.51816547199999996,0.00200460800000000017,0
0.54813168000000001,0.00181139199999999999,0
0.578138400000000052,0.00244732799999999992,0
0.608169855999999953,0.00219302400000000002,0
0.638189344000000047,0.00225990400000000008,0
0.668134495999999967,0.00180745600000000004,0
0.698190976000000019,0.0022421759999999998,0
0.728134751999999996,0.00182604800000000004,0
0.758123520000000051,0.00222726400000000007,0
0.788165760000000049,0.00177676799999999997,0
0.818122016000000007,0.00185641600000000006,0
0.848112128000000021,0.00200524799999999984,0
0.878143616000000016,0.00183011200000000006,0
0.908123360000000046,0.00177814399999999995,0
0.938410560000000005,0.00185324800000000005,0
0.968129471999999991,0.00161843199999999994,0
0.998438656000000035,0.00183536000000000007,0
1.02812780800000003,0.00178953599999999999,0
1.05810777599999994,0.0014726400000000001,0
1.08810841600000008,0.00160422400000000001,0
1.11811084799999993,0.00144585599999999992,0
1.14811913600000004,0.00161401600000000002,0
1.1781894719999999,0.00144982399999999995,0
1.20815376000000008,0.00103251199999999997,0
1.23829139200000005,0.00108995199999999993,0
1.26817939199999996,0.00105763199999999997,0
1.29810464000000003,0.00105731199999999992,0
1.32811388800000008,0.00121785600000000002,0
1.35816976,0.00130819199999999991,0
1.38819951999999991,0.00124300800000000009,0
1.41818240000000007,0.00129964800000000004,0
1.4482021759999999,0.00126867199999999999,0
1.47814601599999995,0.00110508799999999995,0
1.50817132799999998,0.00103760000000000007,0
1.53816531200000006,0.00107916799999999992,0
1.56813200000000008,0.00123583999999999999,0
1.59817625599999991,0.0012535039999999999,0
1.6282033600000001,0.001223584,0
1.65815913600000009,0.00127292799999999999,0
1.68818345599999997,0.00122799999999999992,0
1.71812345600000005,0.00123881600000000001,0
1.74816972799999992,0.00124550399999999993,0
1.77814790399999989,0.00126707199999999995,0
1.80821513600000006,0.0010524480000000001,0
1.83821216000000009,0.00128713599999999992,0
1.86816512000000001,0.00114313599999999989,0
1.8981767679999999,0.00107571199999999994,0
1.92816623999999992,0.00102451199999999999,0
1.95817574400000005,0.00109292799999999996,0
1.98811868799999991,0.001087808,0
2.0181293440000001,0.00105523199999999991,0
2.04817372800000008,0.00104323200000000006,0
2.07816275199999989,0.001069216,0
2.10821967999999993,0.00105100799999999998,0
2.13819225599999996,0.00129024000000000001,0
2.16813555199999985,0.00144956800000000004,0
2.19810256000000015,0.00145702399999999991,0
2.22812016000000002,0.00139932800000000003,0
2.25815193599999997,0.00165516800000000005,0
2.28819427200000014,0.00144553600000000009,0
2.31825663999999998,0.00146751999999999994,0
2.34820499199999988,0.00141859199999999999,0
2.37814329600000018,0.00129446399999999994,0
2.40811980799999992,0.00127705599999999994,0
2.43821433600000015,0.00130572799999999992,0
2.46822073600000014,0.00125830400000000002,0
2.49814601600000019,0.00105648000000000005,0
2.52816908799999984,0.00105199999999999998,0
2.55816694399999989,0.00107670399999999994,0
2.58822041599999997,0.00104044800000000002,0
2.61823756800000007,0.00108860800000000002,0
2.64822185600000015,0.00113836800000000006,0
2.67816771200000003,0.00110288000000000009,0
2.70820438400000008,0.00109286400000000003,0
2.73817756799999978,0.00122265599999999992,0
2.76815027200000019,0.001161184,0
2.79815065599999979,0.00107744000000000004,0
2.82812742399999983,0.00101465600000000006,0
2.85810640000000005,0.00106623999999999998,0
2.88819632000000004,0.00122940799999999998,0
2.91810348799999986,0.00123465599999999999,0
2.94813859199999984,0.0012232320000000001,0
2.97818771199999999,0.00127187200000000006,0
3.00812681599999987,0.00105257599999999995,0
3.03809871999999981,0.00130278399999999997,0
3.06823865600000012,0.00125401599999999994,0
3.09822825600000007,0.00110483200000000004,0
3.1281598719999999,0.00108870400000000002,0
3.15821001599999995,0.00113056000000000007,0
3.18821449600000006,0.00105385599999999993,0
3.21813369600000021,0.0010819200000000001,0
3.24817593599999999,0.00125526400000000008,0
3.27815190400000001,0.0010676800000000001,0
3.30816246400000002,0.00106003200000000003,0
3.33833728000000018,0.0011064,0
3.3682094720000002,0.00112944,0
3.39818758399999998,0.00111027200000000004,0
3.42816863999999999,0.00107792000000000001,0
3.45818358399999992,0.00109654400000000008,0
3.48817756799999978,0.00105196799999999991,0
3.51813424000000019,0.00104614399999999994,0
3.54812931199999992,0.00106169599999999999,0
3.57822889600000016,0.00108931200000000005,0
3.60820169600000007,0.00105731199999999992,0
3.63815465600000021,0.00109820800000000004,0
3.66818969600000022,0.00103926400000000003,0
3.69816710399999993,0.00105212800000000005,0
3.72819324800000018,0.00103903999999999997,0
3.75813324800000004,0.00108153599999999991,0
3.7882039999999999,0.00106272000000000007,0
3.81811961600000016,0.00118492800000000002,0
3.84820332799999987,0.00109139200000000006,0
3.87819263999999997,0.00111577599999999996,0
3.90812531200000013,0.00106281600000000006,0
3.9381576319999998,0.001074752,0
3.96815846400000005,0.00104831999999999994,0
3.99812345600000008,0.00108271999999999991,0
4.02814092800000001,0.00102889600000000006,0
4.05819545599999998,0.00106403199999999991,0
4.08830233599999993,0.001097792,0
4.11823152000000015,0.0011169280000000001,0
4.14816351999999977,0.00107795200000000008,0
4.17815059199999972,0.00124611199999999996,0
4.20814457599999958,0.00122768000000000009,0
4.2381802559999997,0.00129366399999999993,0
4.26816432000000034,0.00102063999999999996,0
4.29818099199999981,0.00126815999999999995,0
4.32814239999999995,0.00122438400000000002,0
4.35817408000000039,0.00129443200000000009,0
4.38818457599999956,0.00124854400000000009,0
4.41817001600000037,0.0010512640000000001,0
4.44814051200000016,0.00124921600000000004,0
4.47815683199999981,0.00107833600000000005,0
4.50817356800000013,0.001035392,0
4.53817529600000036,0.00110035199999999997,0
4.56816755200000024,0.00105411200000000006,0
4.59818323200000023,0.00137363200000000006,0
4.6281693439999998,0.00129878400000000009,0
4.65818422400000021,0.00128681600000000009,0
4.68817398399999963,0.00113801599999999994,0
4.71817363200000006,0.00130073600000000004,0
4.74820934400000016,0.00131027199999999991,0
4.77817497599999985,0.00108163199999999991,0
4.80816134400000017,0.00122812799999999999,0
4.8382256960000003,0.00108988800000000001,0
4.86820092800000026,0.00104003199999999998,0
4.89814847999999969,0.00105228799999999996,0
4.92819894400000003,0.00104041599999999995,0
4.9581700160000004,0.00108383999999999998,0
4.98818406400000036,0.00112323200000000005,0
5.01816153600000003,0.00115059199999999998,0
5.04822377600000038,0.00113926400000000008,0
5.0781471680000001,0.00113603199999999993,0
5.10815798399999998,0.00106691199999999994,0
5.13817561599999983,0.00108441599999999994,0
5.16821584000000023,0.00104393600000000008,0
5.1981803839999996,0.00106227199999999996,0
5.22821513600000021,0.00104252800000000003,0
5.25817372800000005,0.00127785599999999996,0
5.28820486399999989,0.00112038400000000009,0
5.31820784000000035,0.00107705600000000006,0
5.34816432000000042,0.00104499200000000001,0
5.37817507200000033,0.00105708800000000008,0
5.40825868800000009,0.00113657600000000004,0
5.43817148800000005,0.00128476799999999993,0
5.46819513600000029,0.00105580800000000009,0
5.49821910400000036,0.001199456,0
5.52816809599999992,0.00122918399999999992,0
5.55817004800000003,0.0010896320000000001,0
5.58823324799999988,0.00125507200000000009,0
5.61822703999999984,0.00108656000000000009,0
5.6482281280000004,0.001315456,0
5.67817116800000043,0.001275008,0
5.70819734400000023,0.00125926399999999996,0
5.73819820800000002,0.00141436800000000005,0
5.76819862400000005,0.00157833600000000006,0
5.79817353600000018,0.00153769600000000007,0
5.82817200000000035,0.00161056000000000003,0
5.85821814400000029,0.00166998400000000001,0
5.88819295999999959,0.00167686399999999992,0
5.91823289600000013,0.00166464,0
5.94817123199999997,0.00177311999999999999,0
5.97817068799999962,0.00207727999999999993,0
6.00820838399999957,0.0021312639999999999,0
6.03821267200000023,0.00185334400000000004,0
6.06816086400000021,0.00198736000000000008,0
6.09817241599999971,0.00165356800000000001,0
6.12816524800000018,0.00199027199999999996,0
6.15814799999999973,0.00223027200000000016,0
6.18821795199999958,0.00218358400000000013,0
6.21818016000000018,0.00222211200000000005,0
6.24817603199999994,0.00216201600000000011,0
6.2781253760000002,0.00230710399999999993,0
6.30816592000000043,0.00236470400000000002,0
6.33822732800000033,0.00204099200000000015,0
6.36813488000000039,0.00201260799999999993,0
6.39816531199999972,0.00202886400000000001,0
6.42817315200000028,0.00215670400000000017,0
6.45822473600000002,0.00205577600000000004,0
6.48817059200000035,0.00179507199999999999,0
6.51808764799999985,0.00181334399999999994,0
6.54823206399999957,0.00200950400000000006,0
6.57814406399999996,0.00184502400000000001,0
6.60814495999999973,0.00198560000000000013,0
6.63821827199999959,0.00204169599999999996,0
6.66818287999999981,0.0022127039999999998,0
6.69817392000000034,0.00190719999999999995,0
6.72821068799999988,0.00181744000000000003,0
6.75821923200000008,0.00223760000000000018,0
6.78815017600000026,0.00175475200000000005,0
6.81814499199999968,0.00185721600000000008,0
6.84815264000000035,0.00199491200000000016,0
6.87811961600000021,0.00186604799999999993,0
6.90822031999999986,0.0021108479999999998,0
6.93814502399999977,0.00184646399999999992,0
6.96812470400000006,0.00162140799999999996,0
6.99811472000000023,0.00166038399999999999,0
7.0282069439999999,0.00179299199999999998,0
7.05817084799999961,0.0020714879999999998,0
7.08817071999999992,0.00163113600000000004,0
7.11819999999999986,0.00202892800000000015,0
7.14817772800000029,0.00195321599999999981,0
7.17814899199999967,0.00167359999999999991,0
7.20816905600000002,0.00179295999999999991,0
7.2381735039999997,0.00182761600000000001,0
7.26822774399999982,0.00199824000000000009,0
7.29821478399999979,0.00204492800000000011,0
7.32812601599999969,0.00161651200000000007,0
7.35831388799999964,0.00185779200000000004,0
7.38816684800000001,0.00184627199999999993,0
7.41817510400000035,0.00169327999999999992,0
7.44813020800000025,0.00183622400000000002,0
7.4782852799999997,0.00182310400000000009,0
7.50822550400000033,0.00167004799999999993,0
7.53818825599999975,0.00180211200000000003,0
7.56819695999999986,0.00200323200000000019,0
7.5981383039999999,0.00187014400000000002,0
7.62816147200000039,0.00178393600000000007,0
7.65824316800000027,0.0019795199999999998,0
7.68817171199999994,0.0018128319999999999,0
7.71817190400000008,0.00183721600000000002,0
7.74820319999999985,0.00220854399999999979,0
7.7781953279999998,0.00184300799999999993,0
7.80812118399999999,0.00178688000000000002,0
7.83826540799999982,0.00145974400000000002,0
7.86810399999999976,0.00218252799999999999,0
7.89811263999999991,0.00185855999999999999,0
7.92812444800000016,0.00173824000000000005,0
7.95813894399999988,0.0018590080000000001,0
7.98816515199999966,0.00182639999999999994,0
8.01815900799999959,0.00183664000000000006,0
8.04810950399999925,0.00163011199999999997,0
8.07813219199999999,0.00168003199999999992,0
8.10815411199999936,0.00135968000000000005,0
8.13820620799999972,0.00168380799999999996,0
8.16817283199999977,0.00125436800000000006,0
8.19816627199999992,0.00129756800000000003,0
8.22814534399999964,0.00130777600000000008,0
8.25816905599999984,0.00110342399999999998,0
8.28816851200000038,0.0010501760000000001,0
8.31819420799999953,0.00135420799999999997,0
8.34813692800000062,0.00106390400000000006,0
8.3781937279999994,0.00129676800000000001,0
8.40815375999999937,0.00105024000000000003,0
8.43821843199999932,0.00117875199999999992,0
8.46820265600000077,0.00111785599999999997,0
8.49831980799999975,0.00111939200000000009,0
8.52817856000000063,0.00108240000000000007,0
8.55819632000000041,0.00119439999999999998,0
8.58826828800000008,0.00107651199999999996,0
8.61820316800000086,0.001117376,0
8.64816550399999961,0.00114934400000000006,0
8.67815683200000088,0.00134406400000000007,0
8.70817065600000006,0.0013112,0
8.73815628800000077,0.0012976000000000001,0
8.76816323199999914,0.00128236800000000009,0
8.79811657599999997,0.0012811840000000001,0
8.82815481599999963,0.00105862399999999998,0
8.85811337600000037,0.00128819200000000007,0
8.8881138239999995,0.00107043200000000007,0
8.9181748160000005,0.00129475199999999993,0
8.94818492799999987,0.00124780799999999999,0
8.97812873600000039,0.00159952000000000011,0
9.00811321599999992,0.00107939199999999998,0
9.03828006400000028,0.00151612800000000005,0
9.06816489600000075,0.00127004799999999997,0
9.0981066239999997,0.001295776,0
9.1281054079999997,0.00123923200000000005,0
9.15813808000000051,0.00130031999999999999,0
9.18811971200000066,0.0010348480000000001,0
9.21813939199999943,0.00106780799999999995,0
9.24812281600000041,0.00107564800000000001,0
9.27823459200000045,0.00112361600000000002,0
9.30817430399999957,0.00130335999999999994,0
9.33817628799999966,0.00160809600000000005,0
9.36810761599999964,0.00115423999999999995,0
9.39815871999999963,0.0012754559999999999,0
9.42812835199999988,0.001092256,0
9.45815318400000038,0.00130796800000000006,0
9.48820825600000006,0.00106588800000000008,0
9.51821475200000044,0.00133059200000000002,0
9.54817881600000007,0.001256416,0
9.57817408000000015,0.00126464000000000003,0
9.60819100800000037,0.00124704000000000004,0
9.63818080000000066,0.0012842559999999999,0
9.6681973439999993,0.00127196800000000006,0
9.69817228800000031,0.00148643199999999999,0
9.72812479999999979,0.00122543999999999995,0
9.75817222400000084,0.00148921600000000002,0
9.78817142399999973,0.00122591999999999992,0
9.81820448000000034,0.00145606399999999997,0
9.84820176000000025,0.0014374399999999999,0
9.87818288000000067,0.00147488000000000003,0
9.90813222399999916,0.00145612799999999989,0
9.93821964800000046,0.0016696320000000001,0
9.96822707199999947,0.00107340800000000009,0
9.99816108799999981,0.00126646399999999991,0
10.0281754559999996,0.00103363200000000004,0
10.0581998719999994,0.0013542719999999999,0
10.0881735040000002,0.0010597759999999999,0
10.1181693119999991,0.00126537599999999991,0
10.1481812480000002,0.00114582399999999993,0
10.1781623359999998,0.00136409599999999997,0
10.2081575040000008,0.00105503999999999993,0
10.2381718080000006,0.00125465600000000004,0
10.2682031039999995,0.00103859200000000007,0
10.2982275839999993,0.00109760000000000001,0
10.3282584639999993,0.00107187199999999997,0
10.3581632639999999,0.00112031999999999995,0
10.3881692799999996,0.0010663999999999999,0
10.4182711359999995,0.00111871999999999991,0
10.4481870400000005,0.00108128,0
10.4781289920000003,0.00111392000000000001,0
10.5081303039999998,0.00128755199999999997,0
10.5383135039999996,0.00131062400000000003,0
10.568252416,0.00109174399999999996,0
10.59811616,0.00132038399999999997,0
10.6281174719999996,0.00122441600000000009,0
10.6582454080000009,0.00127734399999999992,0
10.6881471359999995,0.00122636800000000003,0
10.7181272960000005,0.00122595199999999999,0
10.7481410880000006,0.00124992000000000007,0
10.7781456640000002,0.00124070400000000003,0
10.8081546559999992,0.001202816,0
10.8381669120000002,0.00144783999999999993,0
10.8681691199999992,0.0010391039999999999,0
10.8981902399999999,0.00125891200000000005,0
10.9281330879999992,0.00121823999999999999,0
10.9581650239999995,0.00128979199999999989,0
10.9882124159999996,0.00125855999999999993,0
11.0181159999999991,0.00127577599999999995,0
11.0482203840000004,0.0012582400000000001,0
11.0782130559999992,0.00110534400000000007,0
11.1082722880000002,0.00106896000000000009,0
11.1382911040000003,0.00141616000000000007,0
11.1682100799999997,0.0012680320000000001,0
11.1981541759999992,0.00128764799999999996,0
11.228217184,0.0010360320000000001,0
11.2581395200000003,0.0014538559999999999,0
11.2881940800000002,0.00123494399999999997,0
11.3181113920000005,0.00128812799999999993,0
11.3481344960000001,0.00126796799999999996,0
11.3781676160000007,0.00134208000000000005,0
11.4082271679999998,0.00115232000000000008,0
11.4382346560000006,0.0013053120000000001,0
11.4681767360000002,0.00123375999999999998,0
11.4981125439999996,0.00124956799999999995,0
11.5281497920000007,0.00101760000000000001,0
11.5582367040000005,0.00109411199999999995,0
11.5881515519999994,0.00144486399999999991,0
11.6182021120000005,0.00129392000000000005,0
11.6481538879999995,0.00124288000000000003,0
11.6782009920000007,0.00144422400000000003,0
11.7082000960000006,0.00125145599999999997,0
11.7381816319999999,0.00140047999999999995,0
11.7682211839999997,0.00136502400000000006,0
11.7982797119999994,0.00129171199999999998,0
11.8282533759999993,0.00130822399999999998,0
11.8582691839999992,0.00129113600000000002,0
11.8881866560000002,0.00107011200000000002,0
11.9181360959999996,0.001281536,0
11.9482074560000004,0.00107081600000000004,0
11.9782123519999999,0.001106496,0
12.0082135040000004,0.00105699200000000009,0
12.0381319040000001,0.00109699199999999998,0
12.0681184320000003,0.00103718400000000002,0
12.0981335679999997,0.00103743999999999993,0
12.1281281280000002,0.00121999999999999995,0
12.1581621440000003,0.00110048000000000003,0
12.18815296,0.00125724800000000009,0
12.2181313599999992,0.00106582399999999994,0
12.2481992959999992,0.00145702399999999991,0
12.2781470079999995,0.0016650879999999999,0
12.3081394559999993,0.00202076800000000004,0
12.3381763200000005,0.00167328000000000008,0
12.3681051199999992,0.00180931199999999999,0
12.3981058239999999,0.00183072000000000009,0
12.4281231680000008,0.00159161599999999991,0
12.4581445120000005,0.00163423999999999991,0
12.4881719039999997,0.00142326400000000004,0
12.5181738879999997,0.00168051200000000011,0
12.5482217600000006,0.00166057599999999998,0
12.5781087679999999,0.0018688960000000001,0
12.6081771200000006,0.00163423999999999991,0
12.63817184,0.00147225599999999991,0
12.6681323520000007,0.00140515200000000001,0
12.6981739200000003,0.001312288,0
12.7282031040000003,0.00108675200000000007,0
12.7581915200000005,0.00131148799999999998,0
12.7881598400000005,0.001228032,0
12.8181893759999994,0.00127724799999999993,0
12.8481059200000001,0.00121798400000000008,0
12.8781203840000007,0.00124147199999999997,0
12.9081203840000001,0.00102307200000000009,0
12.9382089279999999,0.00127558399999999996,0
12.9681472000000007,0.00103692799999999989,0
12.9981420799999992,0.00133270400000000009,0
13.0282223039999998,0.00103174400000000002,0
13.0581688000000007,0.00127504000000000007,0
13.0881703680000001,0.00105574399999999995,0
13.118127264,0.00128268799999999993,0
13.1482677760000009,0.00104723199999999994,0
13.1781510080000004,0.00107158399999999999,0
13.2082216639999999,0.00124614400000000003,0
13.238215168,0.00107855999999999989,0
13.2681597440000001,0.00107532799999999996,0
13.2982175680000001,0.00130070399999999997,0
13.3281356160000009,0.00115923200000000006,0
13.3581435519999996,0.00113081599999999998,0
13.3882064639999996,0.00131087999999999994,0
13.4182103040000005,0.00109788799999999999,0
13.4482661120000007,0.00106988799999999996,0
13.4781634239999999,0.00106278399999999999,0
13.5081950400000004,0.00105404799999999992,0
13.5382086400000006,0.00109599999999999997,0
13.5681693760000002,0.0010283200000000001,0
13.5981730560000003,0.00127078400000000006,0
13.6281421760000008,0.0010120000000000001,0
13.6581824639999994,0.00105776000000000004,0
13.6881664319999992,0.00120592000000000008,0
13.7181596159999994,0.00108035199999999992,0
13.7482022080000004,0.00125417600000000008,0
13.7781731839999999,0.00109846399999999995,0
13.8082009919999997,0.00125561599999999998,0
13.8382942080000007,0.00140275199999999995,0
13.8683707839999997,0.00118464000000000004,0
13.8981973120000006,0.00134863999999999991,0
13.9281731840000003,0.00109622400000000003,0
13.9581422400000008,0.00132780799999999998,0
13.9882106559999997,0.00108627200000000011,0
14.0181947519999994,0.00110201599999999993,0
14.0482068479999995,0.0010699520000000001,0
14.0782635840000001,0.00107827199999999991,0
14.1081718400000007,0.00135683200000000009,0
14.1382049920000004,0.00111308799999999992,0
14.1681729599999997,0.00126063999999999994,0
14.1981185920000001,0.00114563199999999994,0
14.2281862720000003,0.00110678399999999998,0
14.2581844479999997,0.00127539199999999998,0
14.2881733440000005,0.0010228800000000001,0
14.3181835839999998,0.0013739519999999999,0
14.3481827519999996,0.0013060159999999999,0
14.3781281920000001,0.00142233599999999996,0
14.4081486400000003,0.00109756799999999994,0
14.4381908800000005,0.00116819199999999997,0
14.4681391040000005,0.00107744000000000004,0
14.4981041919999996,0.00127542400000000005,0
14.5282102720000008,0.00104502400000000008,0
14.5581151999999996,0.00129382400000000006,0
14.5881380800000002,0.00124704000000000004,0
14.6182455040000008,0.00129968000000000011,0
14.6481729919999992,0.00125286400000000002,0
14.6781372159999997,0.00126649599999999998,0
14.7081350079999993,0.00124854400000000009,0
14.7383495999999994,0.001280448,0
14.7681018240000004,0.00123087999999999995,0
14.7981433280000001,0.00123072000000000003,0
14.828214848,0.00121577600000000001,0
14.8581688960000005,0.00129075200000000005,0
14.8881216639999998,0.00128902399999999994,0
14.9181972159999994,0.00131062400000000003,0
14.9481511999999999,0.00125833600000000009,0
14.9781807360000006,0.00149484800000000001,0
15.008172192,0.00143340799999999995,0
15.0381753279999995,0.00192323199999999998,0
15.0683210239999994,0.00165132800000000008,0
15.0982243839999999,0.00148383999999999994,0
15.1281276479999995,0.00216614400000000006,0
15.1581604159999994,0.0020339519999999999,0
15.1881794239999994,0.00198531199999999993,0
15.2182100800000004,0.00234755200000000015,0
15.2481144319999995,0.00231558399999999987,0
15.2782660799999999,0.00203062399999999997,0
15.3082010240000006,0.00197379199999999982,0
15.3381737600000001,0.00202508799999999997,0
15.3681458880000008,0.00199977599999999998,0
15.3982172800000008,0.00202828800000000005,0
15.4281566399999992,0.00197036800000000012,0
15.4581762559999998,0.002048832,0
15.4881859839999994,0.00197990400000000021,0
15.5181798400000002,0.00183712000000000003,0
15.5481953280000003,0.00199171200000000008,0
15.5781518400000003,0.0018337920000000001,0
15.6081804480000006,0.00202758399999999981,0
15.6382136640000002,0.00188451200000000008,0
15.6681719039999994,0.00182579199999999991,0
15.6981238399999992,0.00185561600000000004,0
15.7281621759999997,0.00220630400000000008,0
15.7581517760000001,0.00207580800000000017,0
15.7881446719999996,0.00199759999999999998,0
15.8181659840000002,0.00221219199999999998,0
15.8482075519999999,0.00201631999999999983,0
15.8781430399999994,0.00222553600000000018,0
15.908211584,0.00211257600000000012,0
15.9382475840000009,0.00204467199999999998,0
15.9681988480000001,0.00220348799999999997,0
15.9981473279999999,0.00184844799999999993,0
16.0282528000000006,0.00179020799999999995,0
16.0581267519999997,0.00202681599999999986,0
16.0881993919999999,0.00183478399999999989,0
16.1183124159999984,0.00206441599999999991,0
16.1482176959999997,0.00202127999999999986,0
16.1781325440000003,0.0020349439999999999,0
16.2082247680000009,0.00221807999999999988,0
16.2382131839999992,0.00187334400000000009,0
16.2681615360000009,0.00182035199999999991,0
16.2981852479999993,0.00182838399999999996,0
16.3281882879999998,0.00200236800000000003,0
16.3581770559999988,0.0018608959999999999,0
16.3882369919999995,0.00217318399999999988,0
16.4181691839999999,0.00224448000000000009,0
16.448170944000001,0.00239833600000000004,0
16.4781679680000011,0.00185420799999999998,0
16.5082196160000017,0.00201619199999999998,0
16.538213056,0.00217107200000000002,0
16.5681623040000012,0.00210739200000000003,0
16.5981911999999987,0.0018511039999999999,0
16.6282087680000004,0.00182847999999999995,0
16.658199935999999,0.00197772800000000021,0
16.688235903999999,0.00163078399999999992,0
16.7182456319999986,0.0022510719999999998,0
16.7481983039999989,0.00166095999999999995,0
16.7781851840000016,0.00185951999999999992,0
16.8081588159999988,0.00180665600000000002,0
16.8381648639999995,0.00167584000000000006,0
16.8682949119999996,0.00164483199999999993,0
16.8981734400000008,0.00226598399999999997,0
16.9281980479999987,0.00165967999999999997,0
16.9581548799999986,0.00131516800000000002,0
16.9883265600000009,0.00139286399999999995,0
17.0181003199999985,0.00126108800000000005,0
17.0482068479999995,0.00115043200000000006,0
17.0781980160000018,0.0010776640000000001,0
17.1081803840000006,0.00111705599999999995,0
17.1382042560000016,0.00134979200000000005,0
17.168201088,0.00105971199999999998,0
17.198154112000001,0.00106415999999999998,0
17.2281383360000007,0.00104339199999999997,0
17.258179007999999,0.00108588799999999991,0
17.2882188160000005,0.00106508800000000006,0
17.3181756160000013,0.001082464,0
17.348164992000001,0.0010642239999999999,0
17.3781843520000017,0.00114879999999999995,0
17.4082272320000015,0.00107331200000000009,0
17.4381788479999997,0.00130076800000000011,0
17.4681598079999993,0.00107404799999999997,0
17.4981900480000014,0.0013064000000000001,0
17.5281783040000008,0.0010513600000000001,0
17.5581093119999991,0.00128716799999999999,0
17.5881988159999985,0.00106412799999999991,0
17.6182091840000012,0.00127155200000000001,0
17.6482031679999984,0.00112841599999999992,0
17.6781524479999987,0.00129222400000000002,0
17.7081679680000015,0.00104924800000000002,0
17.7381991680000013,0.0012940479999999999,0
17.7681843840000013,0.00106207999999999997,0
17.7981798080000004,0.0012877120000000001,0
17.8282043520000002,0.00105337599999999997,0
17.8581675199999985,0.00130115200000000008,0
17.8881433600000008,0.001230208,0
17.9181905919999984,0.00134553600000000004,0
17.9481252160000011,0.00116092800000000009,0
17.978197024,0.001301312,0
18.0081292160000004,0.00105036800000000009,0
18.0382006399999995,0.00129075200000000005,0
18.0681751999999989,0.00123583999999999999,0
18.0981367360000007,0.00180896000000000008,0
18.1281339840000015,0.00150524800000000005,0
18.1581335360000011,0.00158230400000000009,0
18.1881223359999993,0.00146560000000000006,0
18.2181669759999991,0.00146409600000000002,0
18.2480826239999985,0.00125094399999999993,0
18.2780960320000005,0.00142435200000000004,0
18.308092607999999,0.00103907200000000004,0
18.3381183679999999,0.00128512000000000006,0
18.3681272640000017,0.00125148800000000004,0
18.3981081280000005,0.00124819199999999996,0
18.4281045120000009,0.0012232320000000001,0
18.4581089919999997,0.00126236800000000004,0
18.4881232319999995,0.00121030399999999994,0
18.5181309120000002,0.00122918399999999992,0
18.5481421120000007,0.00108473599999999999,0
18.5781063999999994,0.00125372799999999996,0
18.6081358719999983,0.00103302400000000001,0
18.638210879999999,0.0011298879999999999,0
18.6681965120000015,0.00127987200000000004,0
18.6981607359999984,0.00129209599999999996,0
18.7281849600000001,0.00132569599999999991,0
18.7581634559999983,0.00112012799999999997,0
18.7881837440000012,0.00118540799999999999,0
18.8181645760000009,0.001300128,0
18.8481588480000006,0.0011356160000000001,0
18.8781377279999987,0.00129241600000000001,0
18.908192992,0.0010688640000000001,0
18.9381689599999987,0.00128435200000000011,0
18.9681312320000011,0.00127216000000000004,0
18.9981672320000001,0.0013159999999999999,0
19.0281412480000007,0.00109036799999999998,0
19.0582215039999987,0.0010937919999999999,0
19.0882105919999994,0.00122886400000000008,0
19.1182140800000013,0.00109129600000000006,0
19.1482085759999983,0.001176512,0
19.1782164480000006,0.00110800000000000004,0
19.2081792640000018,0.00127260799999999994,0
19.2381730240000017,0.0011064,0
19.268145023999999,0.00123625600000000003,0
19.2981021119999987,0.00105440000000000004,0
19.3281406400000009,0.00120575999999999995,0
19.3581552959999996,0.0011091199999999999,0
19.388148575999999,0.00126700800000000002,0
19.4180993280000003,0.00128607999999999999,0
19.4481499520000014,0.001053984,0
19.4781238720000012,0.0014461439999999999,0
19.5081729599999996,0.00123987199999999994,0
19.5381360320000006,0.00130396799999999997,0
19.5682198400000011,0.00106905600000000009,0
19.5981847679999994,0.0012789120000000001,0
19.6282362880000001,0.0012338239999999999,0
19.6581668480000005,0.00155375999999999995,0
19.6881533439999998,0.00132268800000000003,0
19.7181633599999984,0.00186835199999999999,0
19.7482478079999986,0.00181654400000000001,0
19.778190175999999,0.00184403200000000001,0
19.8081964480000003,0.00193961599999999991,0
19.8382064960000015,0.00257651199999999999,0
19.8682127679999994,0.00175241599999999991,0
19.8981078720000006,0.00201920000000000007,0
19.9282117439999986,0.00191363199999999996,0
19.9581704319999993,0.00148387200000000001,0
19.9881712,0.00151328000000000009,0
20.0181931199999994,0.00148873600000000005,0
20.0482690559999988,0.00129801599999999993,0
20.0781734400000005,0.00108803200000000006,0
20.1081513919999999,0.00107033600000000007,0
20.1382023680000017,0.00110655999999999992,0
20.1681279039999986,0.00124486400000000004,0
20.1981247999999987,0.0010644160000000001,0
20.2281946879999985,0.00122348800000000001,0
20.2581770239999983,0.00106454399999999995,0
20.2882098880000008,0.00121385599999999992,0
20.3181348799999988,0.00105635199999999999,0
20.3481529600000002,0.00103718400000000002,0
20.3781256639999988,0.00125721600000000002,0
20.408171295999999,0.00105814400000000001,0
20.4381960639999996,0.00111641600000000007,0
20.4681564479999984,0.00107641599999999996,0
20.4982233280000017,0.00111689600000000003,0
20.52819152,0.00124713600000000003,0
20.558147936000001,0.00110988800000000006,0
20.5882317119999989,0.00107414399999999997,0
20.6181774080000011,0.00128640000000000004,0
20.6481713599999992,0.00107152000000000007,0
20.6781381439999983,0.00124246399999999998,0
20.7081430399999995,0.00125366400000000004,0
20.7381377280000017,0.00127526399999999991,0
20.768174976000001,0.00114047999999999992,0
20.7981455679999989,0.00116972800000000009,0
20.8281349119999994,0.00125222399999999992,0
20.8581953280000008,0.00110720000000000002,0
20.8881373440000004,0.00128201599999999997,0
20.9181998399999998,0.00132895999999999991,0
20.9481497599999997,0.0012853439999999999,0
20.9781980160000003,0.00131241600000000006,0
21.0081907200000018,0.00108966399999999995,0
21.0382042879999993,0.00112860799999999991,0
21.0681981759999992,0.00128211199999999997,0
21.0981659199999996,0.00111830400000000009,0
21.1281977599999991,0.00126111999999999991,0
21.1581741120000011,0.0013104639999999999,0
21.1881733439999991,0.00126611200000000001,0
21.2181181440000017,0.00136620800000000005,0
21.2481292800000006,0.00124006399999999992,0
21.2781721280000014,0.00126137600000000003,0
21.3082016960000011,0.00143369599999999993,0
21.3381742400000007,0.00165907199999999993,0
21.3681662080000017,0.00140921600000000003,0
21.3981703359999997,0.00161760000000000007,0
21.4281554559999989,0.00145830399999999989,0
21.458172256000001,0.00170233600000000004,0
21.4881538879999994,0.00144880000000000009,0
21.5181746240000003,0.0015087360000000001,0
21.5482171519999994,0.00144566399999999993,0
21.5781737920000012,0.00151721600000000005,0
21.6082359040000007,0.00146665599999999999,0
21.6382039679999991,0.00182147199999999998,0
21.668169056,0.00116095999999999994,0
21.6981363840000014,0.00125478400000000011,0
21.7281476480000002,0.001030944,0
21.7581495999999994,0.00148774400000000005,0
21.7881678719999989,0.00103219199999999992,0
21.8181888000000015,0.0012779200000000001,0
21.8481672320000015,0.0010304960000000001,0
21.8782397439999983,0.00134854399999999991,0
21.9081740799999984,0.00106787200000000009,0
21.9381978559999986,0.00128374400000000007,0
21.9681339840000014,0.001252064,0
21.9981312960000004,0.00114486399999999999,0
22.0281353280000012,0.00105839999999999992,0
22.0581781439999993,0.00128313600000000004,0
22.0881190720000014,0.00106307199999999998,0
22.1181763840000016,0.00129500800000000005,0
22.1481191359999983,0.00125840000000000001,0
22.1781026879999992,0.00126707199999999995,0
22.2081988800000012,0.0010655040000000001,0
22.2381675200000011,0.00131494399999999997,0
22.2681004159999993,0.00125174399999999995,0
22.2981843200000007,0.00135747199999999998,0
22.3281684479999996,0.00111590400000000003,0
22.3581286400000003,0.00116336,0
22.3881776959999996,0.00131731199999999995,0
22.4181476800000006,0.00112483200000000009,0
22.4481941439999986,0.00137996800000000008,0
22.4781942080000015,0.00140563199999999998,0
22.5082459839999984,0.00125456000000000005,0
22.5381872319999985,0.00128739200000000005,0
22.5682789759999984,0.00108960000000000003,0
22.598131647999999,0.00133641599999999999,0
22.6281680640000005,0.00123107199999999994,0
22.658165824000001,0.0013117440000000001,0
22.6881343999999991,0.00123788799999999992,0
22.7181880639999996,0.00112281600000000001,0
22.7482041919999993,0.0014757119999999999,0
22.7781689920000012,0.00131804800000000005,0
22.8081735360000017,0.00126988800000000005,0
22.8381551999999992,0.00130495999999999997,0
22.8681708479999983,0.00125337600000000006,0
22.8981433279999997,0.00127321599999999997,0
22.9281145279999983,0.00124025599999999991,0
22.9581738239999993,0.00117116799999999999,0
22.9881847039999982,0.001458944,0
23.0181643839999985,0.0013093759999999999,0
23.048152223999999,0.00143497599999999992,0
23.0781397440000013,0.0012488,0
23.1081343359999991,0.00138918399999999991,0
23.138220896,0.00128025600000000002,0
23.1681309440000014,0.00122566400000000001,0
23.1981449919999996,0.00123664,0
23.228193791999999,0.00118518399999999993,0
23.2581756159999991,0.00133270400000000009,0
23.2881833279999988,0.00126473600000000003,0
23.3181855680000005,0.00129071999999999997,0
23.3481519360000007,0.00124998399999999999,0
23.378097824000001,0.00127497599999999993,0
23.408117279999999,0.00122396799999999997,0
23.4381121599999993,0.00106326399999999996,0
23.4681320639999988,0.00103833599999999995,0
23.4981358399999998,0.00104323200000000006,0
23.5281308799999991,0.00100662400000000002,0
23.558215392000001,0.00110121599999999991,0
23.5881422399999998,0.00107007999999999995,0
23.6181716480000006,0.00128918400000000008,0
23.6481771840000015,0.00132755200000000007,0
23.6781249920000008,0.00111337599999999991,0
23.7081757119999992,0.00109321599999999994,0
23.7381639359999994,0.00111177600000000008,0
23.7681167679999987,0.00106764800000000003,0
23.7981194880000011,0.00107014400000000009,0
23.8281094079999995,0.00103116800000000006,0
23.858124128,0.0011046719999999999,0
23.8881760959999987,0.00131484799999999997,0
23.9181058560000004,0.00119004799999999997,0
23.9481422719999983,0.00132006399999999992,0
23.978170175999999,0.00110447999999999991,0
24.0081660799999987,0.00122921599999999999,0
24.0381472000000009,0.00108403199999999996,0
24.0681068160000002,0.00124083200000000009,0
24.0981012159999999,0.00125519999999999994,0
24.128136928,0.00121808000000000007,0
24.1581684800000005,0.00147020799999999997,0
24.1881597759999991,0.00143311999999999997,0
24.2181415999999992,0.00200412799999999999,0
24.2481427519999997,0.00180822399999999999,0
24.2781329600000007,0.00183209600000000007,0
24.3081454080000015,0.00178560000000000003,0
24.3381535360000001,0.00164854400000000005,0
24.3681873280000012,0.00178998400000000011,0
24.3980828159999987,0.00160998400000000007,0
24.4281335679999998,0.00196140799999999999,0
24.4581894400000017,0.00186745599999999998,0
24.4881847999999991,0.00164259200000000001,0
24.5181721279999998,0.00166960000000000003,0
24.548136895999999,0.00184223999999999998,0
24.578196032000001,0.00168720000000000003,0
24.6082123840000015,0.00164303999999999991,0
24.6381764479999994,0.00197935999999999989,0
24.6682109439999984,0.00176009600000000006,0
24.6982129599999993,0.00186512000000000006,0
24.7281446080000009,0.00146025600000000005,0
24.7581913279999988,0.001525696,0
24.788224704000001,0.00144934399999999998,0
24.8181766400000008,0.00107670399999999994,0
24.8481743679999987,0.00106761599999999996,0
24.8781567680000002,0.00107734400000000004,0
24.9081750399999997,0.00102748800000000001,0
24.9381552639999988,0.00109017599999999999,0
24.9681353279999989,0.00103827200000000002,0
24.9981304639999991,0.00124351999999999991,0
25.0281245759999997,0.00100912000000000007,0
25.0581184959999987,0.00124912000000000005,0
25.0881284479999991,0.00222038400000000016,0
25.1180799999999991,0.00159593600000000006,0
25.1482020480000017,0.00176780800000000005,0
25.1781004800000012,0.00179228799999999995,0
25.2081476480000006,0.00175318400000000008,0
25.2381425919999991,0.00182947199999999996,0
25.2681505279999996,0.00176441599999999999,0
25.2981383039999983,0.00180787200000000008,0
25.3281448639999986,0.0017752,0
25.3581346240000016,0.00203680000000000007,0
25.3881274879999985,0.00178188799999999992,0
25.4181058560000004,0.00179539200000000004,0
25.4481393920000016,0.00198623999999999979,0
25.4781135359999986,0.00218905599999999999,0
25.5080928,0.00195955199999999982,0
25.5381447679999987,0.0020402240000000002,0
25.5681694399999984,0.00214700800000000016,0
25.5981255680000004,0.00198732800000000001,0
25.6281667840000011,0.00175958400000000002,0
25.6581526719999999,0.00201212800000000018,0
25.6881742720000013,0.00176911999999999989,0
25.7181449919999991,0.00179107200000000011,0
25.7481722879999992,0.00196851199999999995,0
25.7781201280000012,0.00197235200000000013,0
25.8081656959999997,0.00183020800000000005,0
25.8382023039999993,0.00248521600000000016,0
25.8682108799999995,0.0018938239999999999,0
25.898245696,0.0021017919999999999,0
25.9281599999999983,0.00199769600000000019,0
25.9581576960000007,0.00185113599999999997,0
25.9881726399999984,0.00182931200000000004,0
26.0181912319999995,0.00166320000000000009,0
26.0481720320000001,0.00125321599999999992,0
26.0781647039999989,0.00142377600000000008,0
26.1081644799999992,0.0014289280000000001,0
26.1381521919999997,0.00146790399999999991,0
26.1681188479999989,0.0017956160000000001,0
26.1981377920000007,0.00218924799999999998,0
26.2281449920000007,0.00159430399999999995,0
26.2581644479999987,0.00201763200000000011,0
26.288126848000001,0.00140166399999999995,0
26.3181128320000006,0.00199232000000000012,0
26.3481027840000017,0.00140630399999999993,0
26.3781098239999992,0.00198118399999999998,0
26.4081040320000007,0.00141430399999999991,0
26.4381666559999999,0.00218476800000000013,0
26.4681311040000011,0.00141923200000000009,0
26.4981491200000008,0.00180400000000000005,0
26.5281930559999992,0.00144479999999999999,0
26.5581785279999991,0.0017714880000000001,0
26.5881439999999998,0.00144771200000000009,0
26.6181698239999989,0.00143222399999999995,0
26.6481620479999997,0.00144239999999999993,0
26.6781808319999989,0.00145132799999999999,0
26.7081645760000015,0.0014272,0
26.7381897600000009,0.00134668799999999996,0
26.7681505920000014,0.00143491199999999999,0
26.7982742079999987,0.00128726399999999999,0
26.8281433920000012,0.00140483199999999996,0
26.8581822400000014,0.00128800000000000008,0
26.8881714559999985,0.0015384000000000001,0
26.9182186560000005,0.00128300799999999998,0
26.9481749119999989,0.00199859199999999999,0
26.978115712000001,0.00205222400000000006,0
27.0081717119999993,0.00180883200000000002,0
27.0381447679999987,0.00206355200000000018,0
27.0680926719999988,0.00160835199999999996,0
27.0981172480000012,0.00161964800000000001,0
27.1281521920000017,0.00177359999999999996,0
27.158265312000001,0.00184512000000000001,0
27.1882017599999983,0.00216486399999999985,0
27.2181543680000004,0.00222076800000000013,0
27.2481367359999993,0.00161699200000000004,0
27.2781620800000013,0.00155503999999999994,0
27.3082069119999993,0.00180780799999999994,0
27.338223039999999,0.0022291199999999998,0
27.3681776319999983,0.00162614399999999994,0
27.3981370559999995,0.0024149760000000001,0
27.4281770559999991,0.00257555200000000005,0
27.4581574080000017,0.001542112,0
27.4882044800000003,0.0018130240000000001,0
27.5181206719999985,0.0018824,0
27.5481715519999995,0.0018226239999999999,0
27.5781388479999983,0.00164755200000000004,0
27.6081365120000015,0.0017693120000000001,0
27.6381551999999999,0.00235308800000000014,0
27.6681437119999991,0.00181132800000000007,0
27.6981595200000008,0.00180547200000000002,0
27.7280912000000015,0.00156476800000000002,0
27.7581130559999991,0.00165203199999999989,0
