t,position_error,yaw_error,speed_error
4.00003045797348e-07,1.0615780176596506e-07,0.0,0.0
0.09666999999899417,9.48458875882352e-08,0.0,-0.9987505760662567
0.1966919000260532,9.48458875882352e-08,0.0,-0.9940629669172228
0.29674010002054274,9.48458875882352e-08,0.0,-0.9867920161978787
0.3966857000195887,9.48458875882352e-08,0.0,-0.9775952503549564
0.49667390002286993,9.48458875882352e-08,0.0,-0.9669518350814326
0.5967155000253115,9.48458875882352e-08,0.0,-0.9552188066119744
0.6966931000060868,9.48458875882352e-08,0.0,-0.9426489659621062
0.7969423000176903,9.48458875882352e-08,0.0,-0.9294853393610789
0.8970673000148963,9.48458875882352e-08,0.0,-0.9158565820276132
0.9969929000071716,9.48458875882352e-08,0.0,-0.9019337310443496
1.0971448000054806,9.48458875882352e-08,0.0,-0.8876943288493062
1.1971084000251722,9.48458875882352e-08,0.0,-0.8732472725951965
1.2971215000143275,9.48458875882352e-08,0.0,-0.8586523049605055
1.3970508000056725,9.48458875882352e-08,0.0,-0.8440695606354537
1.497020100010559,9.48458875882352e-08,0.0,-0.8292543573529435
1.5971265000116546,9.48458875882352e-08,0.0,-0.8145150007779567
1.6970441000012215,9.48458875882352e-08,0.0,-0.7996697875706571
1.7972375000244938,9.48458875882352e-08,0.0,-0.7845898705534893
1.8973334000038449,9.48458875882352e-08,0.0,-0.7697383826084483
1.9970116000040434,9.48458875882352e-08,0.0,-0.7547611653421128
2.0972885000228416,9.48458875882352e-08,0.0,-0.7400841839603461
2.1970657000201754,9.48458875882352e-08,0.0,-0.7247947993212644
2.2972656000056304,9.48458875882352e-08,0.0,-0.7098715400798598
2.3972952000040095,9.48458875882352e-08,0.0,-0.6949752192208547
2.4970669000176713,9.48458875882352e-08,0.0,-0.6799443513800032
2.5970666000212077,9.48458875882352e-08,0.0,-0.6649719594941592
2.6970192000153475,9.48458875882352e-08,0.0,-0.6499019866240096
2.7970395000011194,9.48458875882352e-08,0.0,-0.6349684856430584
2.8970244000083767,9.48458875882352e-08,0.0,-0.6199321617175871
2.997016800014535,9.48458875882352e-08,0.0,-0.6049536281834271
3.0970505000150297,9.48458875882352e-08,0.0,-0.5900275002230844
3.1970728000160307,9.48458875882352e-08,0.0,-0.5749024650042833
3.297141000017291,9.48458875882352e-08,0.0,-0.5599770874580521
3.3970318000065163,9.48458875882352e-08,0.0,-0.545073132814292
3.497041100024944,9.48458875882352e-08,0.0,-0.5299532383380277
3.597033800004283,9.48458875882352e-08,0.0,-0.5150089377861117
3.697040900005959,9.48458875882352e-08,0.0,-0.49996498773803155
3.7970539000234567,9.48458875882352e-08,0.0,-0.4849754170442755
3.8970519000140484,9.48458875882352e-08,0.0,-0.47001761250274254
3.997106300026644,9.48458875882352e-08,0.0,-0.4549790849056482
4.097054700017907,9.48458875882352e-08,0.0,-0.4400228126354171
4.197035800025333,9.48458875882352e-08,0.0,-0.4249663192504237
4.297026800020831,9.48458875882352e-08,0.0,-0.4099789476863215
4.397165100002894,9.48458875882352e-08,0.0,-0.39498704659414463
4.497081800014712,9.48458875882352e-08,0.0,-0.3799739878696433
4.597038200008683,9.48458875882352e-08,0.0,-0.3650335306406276
4.6970395000244025,9.48458875882352e-08,0.0,-0.34999612846417705
4.797126900026342,9.48458875882352e-08,0.0,-0.3350267203669599
4.897063100012019,9.48458875882352e-08,0.0,-0.32003729331241415
4.997041100024944,9.48458875882352e-08,0.0,-0.3050827420481056
5.097049500007415,9.48458875882352e-08,0.0,-0.2899470090716316
5.19703050001408,9.48458875882352e-08,0.0,-0.2749633689257971
5.297037500014994,9.48458875882352e-08,0.0,-0.2599428001476576
5.397118000022601,9.48458875882352e-08,0.0,-0.24498689030960596
5.497045399999479,9.48458875882352e-08,0.0,-0.2300558543118999
5.597057000006316,9.48458875882352e-08,0.0,-0.214932618894913
5.697035700024571,9.48458875882352e-08,0.0,-0.1999915198201574
5.797050500026671,9.779745596460998e-06,0.0003339603717904538,-0.18524872814943638
5.930443600023864,0.00016853047418408096,0.002426672028377652,-0.17032178209129212
6.063869100005832,0.0007836620206944644,0.0069098384119570255,-0.15557019103251213
6.19710990000749,0.0016752881929278374,0.001714010490104556,-0.14134777905212803
6.363994000013918,0.0035944858100265265,-0.09425027668476105,-0.13044258652340235
6.464885400026105,0.022954218089580536,-0.29197633266448975,-0.1269650305007307
6.564007300010417,0.06036681681871414,-0.5203282237052917,-0.1281366687684692
6.663961900019785,0.11350176483392715,-0.7447662353515625,-0.13271248986577378
6.764005700009875,0.1789199560880661,-0.9652439951896667,-0.14105683912572975
6.864098700025352,0.2538204789161682,-1.1844141483306885,-0.14634029188105835
6.9651309000037145,0.334538072347641,-1.2596510648727417,-0.1508169289680602
7.0665232000174,0.4089994430541992,-1.0421336889266968,-0.15637895839530058
7.164471600000979,0.4725320637226105,-0.8295087814331055,-0.16465446435696984
7.297748500015587,0.5372115969657898,-0.5508094429969788,-0.17553228266070686
7.431070200022077,0.5758332014083862,-0.2773457169532776,-0.18735502548441374
7.531151200004388,0.5902572870254517,-0.25177404284477234,-0.2156719634691825
7.631094700016547,0.6183793544769287,-0.4519130289554596,-0.22528501095393016
7.731154200009769,0.6587579846382141,-0.6449027061462402,-0.23524470503975692
7.831108600017615,0.7090135812759399,-0.8339644074440002,-0.24651146128571144
7.931072800012771,0.7676498889923096,-1.0217174291610718,-0.25612698914173015
8.031113400007598,0.8343724608421326,-1.2133982181549072,-0.2597450922637845
8.131238000001758,0.9070762395858765,-1.4090259075164795,-0.2588792055105509
8.231845500005875,0.9820558428764343,-1.4764097929000854,-0.25698537432817525
8.297981400013668,1.0301227569580078,-1.348185420036316,-0.25795113385282664
8.364541500021005,1.075690507888794,-1.2225804328918457,-0.2638012600517392
8.431378300010692,1.1181646585464478,-1.099593997001648,-0.2725077520789049
8.531351800018456,1.1755326986312866,-0.9183852076530457,-0.28218061082206825
8.631289400014794,1.2240626811981201,-0.741104781627655,-0.29244891130522666
8.731215200008592,1.262791395187378,-0.5677505135536194,-0.30407873822116294
8.831120600021677,1.2911900281906128,-0.3983219861984253,-0.3164402591234239
8.89776720001828,1.3042263984680176,-0.2884258031845093,-0.33001686406182484
8.96448190000956,1.3126839399337769,-0.18114735186100006,-0.34591916795433963
9.064687500009313,1.3172509670257568,-0.023169800639152527,-0.357976381880874
9.16471690000617,1.312420129776001,0.13316722214221954,-0.3695077812336023
9.23136710000108,1.3037357330322266,0.2404470294713974,-0.3738727315816499
9.331359800009523,1.2822575569152832,0.4046371579170227,-0.37380502838265106
9.3980075000145,1.2620761394500732,0.5171528458595276,-0.369232647521204
9.49814590002643,1.2233045101165771,0.6891970038414001,-0.3634513234170056
9.598297500022454,1.1748385429382324,0.8651705384254456,-0.3547893181138708
9.698433900019154,1.1176445484161377,1.0450695753097534,-0.3453889320990904
9.798182099999394,1.0531398057937622,1.2288964986801147,-0.33401331814053214
9.898530700011179,0.9836550951004028,1.321574091911316,-0.32114099076734526
9.998265000001993,0.9143012762069702,1.1935745477676392,-0.3087657002933072
10.098019800003385,0.8486440181732178,1.0322319269180298,-0.29406260999617284
10.198101900023175,0.7844563126564026,1.035994529724121,-0.28129964152748754
10.298039700021036,0.7129601836204529,1.2394558191299438,-0.2665697099332802
10.398085799999535,0.6360617280006409,1.3068382740020752,-0.2517727605737018
10.464738800015766,0.5857678651809692,1.1655257940292358,-0.23674996287015115
10.53137950002565,0.5379048585891724,1.0215935707092285,-0.22162938251209907
10.5979807000258,0.4926620423793793,0.9335339665412903,-0.20632401030641379
10.664772300020559,0.4469570517539978,0.9437038898468018,-0.19096830760382932
10.731326000008266,0.399300754070282,0.9605444669723511,-0.1757054242586159
10.797968099999707,0.35210275650024414,0.9048535227775574,-0.16109090976832086
10.864612000004854,0.30758559703826904,0.8157021403312683,-0.14570393963557648
10.931297000002814,0.2656320631504059,0.7444683909416199,-0.13063638910037523
10.998019300022861,0.22562797367572784,0.6881669163703918,-0.11567625409221427
11.064625900005922,0.18781788647174835,0.6275391578674316,-0.10061730099556077
11.131287700001849,0.1530412882566452,0.5557156801223755,-0.08582452058402468
11.197962000005646,0.12206064164638519,0.477298378944397,-0.07062990287658699
11.264637400017818,0.095284104347229,0.39888471364974976,-0.05568019841666505
11.331366900005378,0.07290831208229065,0.32533717155456543,-0.042185614793443627
11.397973600018304,0.054816052317619324,0.25944972038269043,-0.031658847332857065
11.464655200019479,0.04056455194950104,0.20228658616542816,-0.02394525651939783
11.531309000012698,0.02961137145757675,0.15416046977043152,-0.017878127023322143
11.597971400013193,0.021387487649917603,0.11498580127954483,-0.013243031992883791
11.664718800020637,0.015335285104811192,0.08421825617551804,-0.010214293090187732
11.731512800004566,0.010949481278657913,0.060835663229227066,-0.007779789196989961
11.797962400014512,0.007804440800100565,0.043549612164497375,-0.005637809348835399
11.864634000026854,0.005561402998864651,0.03104180470108986,-0.004198251178907819
11.931451900018146,0.003963833674788475,0.022110095247626305,-0.0031498788544718215
11.997990000003483,0.002825171686708927,0.01576271653175354,-0.0023814078789834436
12.064710000006016,0.0020126409363001585,0.01124972477555275,-0.0016249514641233365
12.131364400003804,0.001432465622201562,0.008032625541090965,-0.0013228132882378008
12.198284400015837,0.0010183097328990698,0.0057321880012750626,-0.0013391454851563456
12.297961000003852,0.0006296656210906804,0.003075950313359499,-0.0009424684389101046
12.397991100006038,0.0004745270125567913,0.0007089333957992494,-0.0006811250006401037
12.4980192000221,0.0005888693849556148,-0.0021930260118097067,-0.0017277243597902947
12.598012100002961,0.0010267592733725905,-0.005707744974642992,-0.006263451687072097
12.731347599998116,0.0026248276699334383,-0.024920836091041565,-0.0164105869111425
12.864672600000631,0.012171757407486439,-0.13581079244613647,-0.021718350044888757
12.964696300012292,0.03711055591702461,-0.3463403284549713,-0.034002844145645916
13.064688800019212,0.08167976886034012,-0.587196946144104,-0.04643105644406531
13.164668100012932,0.14292001724243164,-0.8241252899169922,-0.05978975986721402
13.264688100025523,0.21664923429489136,-1.0563385486602783,-0.07346711034080977
13.364786000020104,0.29674801230430603,-1.1328641176223755,-0.08647413332446674
13.464671000023372,0.3681698441505432,-0.9077154397964478,-0.10089341902419169
13.598036200011848,0.4425792992115021,-0.6123161315917969,-0.11608517580008693
13.731404999998631,0.4887281656265259,-0.3221534788608551,-0.13119267371235588
13.83145360002527,0.5082674622535706,-0.2780078649520874,-0.1743132675217225
13.931334500026423,0.5412038564682007,-0.48737633228302,-0.1843774590949332
14.03133080000407,0.5870240926742554,-0.6928897500038147,-0.19291439639210783
14.131367599999066,0.6436191201210022,-0.8944767713546753,-0.20274901257357913
14.231384100014111,0.7090253829956055,-1.0947535037994385,-0.21151646322793383
14.331483900023159,0.7824482321739197,-1.2989572286605835,-0.21453201884467143
14.431375400017714,0.8596493601799011,-1.3692058324813843,-0.21464217350594916
14.531387300026836,0.932235836982727,-1.1676197052001953,-0.21915563784466074
14.597996100026648,0.9761975407600403,-1.0362826585769653,-0.22670061504910421
14.698068800003966,1.034409999847412,-0.8425498604774475,-0.23562774101393158
14.83132779999869,1.0954540967941284,-0.5890393257141113,-0.24639850265635943
14.964666100015165,1.1352249383926392,-0.3407641053199768,-0.25811707833578157
15.064720300026238,1.1503369808197021,-0.1588134616613388,-0.27041948678839534
15.13133950001793,1.1535003185272217,-0.04056677594780922,-0.28357467196306607
15.197989500011317,1.151328682899475,0.07768017798662186,-0.29356001480379745
15.26466420001816,1.1435974836349487,0.19854535162448883,-0.29719805992592874
15.331418600020697,1.1300642490386963,0.32202795147895813,-0.29624461113804246
15.431349899998168,1.0989376306533813,0.5105237364768982,-0.29263128212700174
15.49801860001753,1.0709046125411987,0.6392422318458557,-0.2853122660232458
15.564653300010832,1.0371798276901245,0.7705777883529663,-0.2761185557275876
15.631320500018774,0.9980595111846924,0.9045328497886658,-0.26547057751203684
15.698002100019949,0.9539934992790222,1.0411046743392944,-0.2536882619889371
15.76470369999879,0.9055928587913513,1.1802961826324463,-0.2411205862068544
15.831288800021866,0.8540294170379639,1.2685518264770508,-0.2276516854344648
15.93135820000316,0.7751738429069519,1.2316958904266357,-0.21483147108310163
15.997985900001368,0.7246184349060059,1.0846524238586426,-0.20072843883797475
16.064647400024114,0.6756124496459961,1.0496139526367188,-0.18628030833178122
16.131336200021906,0.6234840154647827,1.1341043710708618,-0.1716136706612731
16.23134779999964,0.5412258505821228,1.1767786741256714,-0.15760512804450766
16.297992500010878,0.48795804381370544,1.049339771270752,-0.14293865318361176
16.36465150001459,0.4383147358894348,0.9249282479286194,-0.12789636927746062
16.43133600000874,0.3903995454311371,0.880111038684845,-0.11274913897190686
16.531308200006606,0.3176511228084564,0.8749945759773254,-0.09834055098763073
16.598010600020643,0.2695986032485962,0.8241239786148071,-0.08330618127182798
16.664675700012594,0.22508731484413147,0.726138710975647,-0.0682444013064224
16.731312900024932,0.18500569462776184,0.628635823726654,-0.053263638047109874
16.7979839000036,0.1493411809206009,0.545441210269928,-0.03993394078323309
16.864795300003607,0.11803710460662842,0.47060900926589966,-0.030037675348010495
16.9313136000128,0.09111344069242477,0.39753344655036926,-0.02263703587641075
16.997989499999676,0.06867893040180206,0.3255417048931122,-0.017029882507662242
17.064681000018027,0.05065326392650604,0.2575775682926178,-0.01288728719947152
17.131285100011155,0.03668836131691933,0.19704173505306244,-0.00990466792364253
17.198019100003876,0.02622535638511181,0.1462029367685318,-0.007288709966806639
17.264655600010883,0.018602095544338226,0.10581225156784058,-0.0054691995774937
17.33132029999979,0.013158684596419334,0.07525882124900818,-0.004235727722069482
17.397996500018053,0.009316781535744667,0.05303259938955307,-0.002945367678714117
17.497985900001368,0.005772796925157309,0.028048411011695862,-0.0022004901342930205
17.59801400001743,0.004138230811804533,0.012355468235909939,-0.0016945104891495921
17.66464560001623,0.003496382152661681,0.009651295840740204,-0.0016564168940802482
17.764690000010887,0.0025153052993118763,0.009989514946937561,-0.0010633750970622247
17.864709900022717,0.0014961467823013663,0.009862749837338924,-0.0007241407003006906
17.96463980001863,0.0006586264935322106,0.007247526198625565,-0.0007013435581126881
18.06467000002158,0.0002099552657455206,0.0031164311803877354,-0.00039433773742769684
18.164705500006676,0.00014055130304768682,-6.013651000102982e-05,-0.000305425794352443
18.29827080000541,0.0002538304834160954,-0.0005219739396125078,-0.00041553925440640516
18.431337700021686,1.525570587546099e-05,0.004398476332426071,-0.0016713337980234222
18.53135430000839,0.0013276082463562489,0.0248467605561018,-0.006632840755324665
18.63141390000237,0.007799866143614054,0.10493714362382889,-0.014644405045532327
18.731370599998627,0.02755635417997837,0.2770201563835144,-0.024575661756064515
18.831320600002073,0.06629689782857895,0.5074616074562073,-0.03638120038949344
18.931356800021604,0.12214051187038422,0.7128286957740784,-0.04850245119254826
19.031434800010175,0.18582786619663239,0.7820912599563599,-0.060499283727332376
19.131403500010492,0.24451570212841034,0.6757873892784119,-0.07385632789822383
19.264716000005137,0.3052352964878082,0.5089619755744934,-0.08713943771194377
19.364800200011814,0.34942135214805603,0.5925024151802063,-0.10148056863161647
19.464664700004505,0.40615248680114746,0.8132424354553223,-0.1159717656006668
19.564738100016257,0.4746692180633545,1.032676100730896,-0.1283631842621552
19.66472000000067,0.5534576177597046,1.2560350894927979,-0.1340409908439728
19.79804150000564,0.6663517355918884,1.4079936742782593,-0.13594986112227792
19.86466079999809,0.7202872037887573,1.2612690925598145,-0.14211784626613433
19.964684800012037,0.7945913672447205,1.0444313287734985,-0.15052483726765375
20.064728600002127,0.8583089113235474,0.8315444588661194,-0.1604167474957151
20.164686400006758,0.9091710448265076,0.6225848197937012,-0.1716117112689054
20.26475850000861,0.9456883072853088,0.4175518751144409,-0.18368848439250185
20.36493030001293,0.96714186668396,0.21644823253154755,-0.19632399604052797
20.46472490002634,0.9735263586044312,0.01926957070827484,-0.20964955923376194
20.531341599998996,0.96957927942276,-0.11174644529819489,-0.21970764932544373
20.59801860002335,0.9588462114334106,-0.2453811913728714,-0.2236428179042793
20.698003299999982,0.9299407601356506,-0.44910335540771484,-0.22394990026712547
20.764739400008693,0.90208500623703,-0.5879742503166199,-0.21925329892267587
20.86475900001824,0.8483396768569946,-0.799551784992218,-0.21329103079905243
20.964766200020676,0.7818236947059631,-1.0150558948516846,-0.20500044293977226
21.06483840002329,0.7050716280937195,-1.2344939708709717,-0.19510516464309646
21.16474120001658,0.6222155690193176,-1.3071998357772827,-0.18331153607760808
21.23137150000548,0.5682992339134216,-1.155240535736084,-0.17023858361825894
21.331397700007074,0.49407967925071716,-0.9240281581878662,-0.15795572318382112
21.431460000021616,0.4293466806411743,-0.8019618391990662,-0.1439843351400426
21.531371000019135,0.3591419756412506,-0.9273155927658081,-0.13021877667654524
21.631468900013715,0.2806592583656311,-0.9967713356018066,-0.11561891463533314
21.731387200008612,0.2080245167016983,-0.8242574334144592,-0.10425155720448176
21.83139740000479,0.15156032145023346,-0.5838828682899475,-0.09988654818583675
21.93139660000452,0.11309455335140228,-0.37732046842575073,-0.09736821983793287
22.03135650002514,0.08637359738349915,-0.26634645462036133,-0.09127382196850164
22.098047800012864,0.07078498601913452,-0.24825479090213776,-0.0819204366439219
22.164686900010565,0.05560193955898285,-0.23376959562301636,-0.07112597430034984
22.26470130000962,0.035480797290802,-0.19133032858371735,-0.060240454658907705
22.36473690002458,0.02073630318045616,-0.1268569529056549,-0.04822344997907957
22.4647770000156,0.01278442982584238,-0.05931927636265755,-0.03646628582342448
22.53133009999874,0.010242323391139507,-0.035262275487184525,-0.027364809022579317
22.59823510001297,0.00831439159810543,-0.02834082767367363,-0.020598316266466354
22.69803330002469,0.005703128408640623,-0.02515781670808792,-0.0154617300538884
22.764690500014694,0.004153333138674498,-0.022194625809788704,-0.011738107422265776
22.831373200024245,0.002899411367252469,-0.017533933743834496,-0.008606182601604062
22.898020500026178,0.0019775822293013334,-0.012673739343881607,-0.006502387627066342
22.96473320000223,0.0013450682163238525,-0.008610124699771404,-0.004703356855465524
23.03136690001702,0.0009276526980102062,-0.005667748395353556,-0.0036572361585868185
23.098006500018528,0.0006538138259202242,-0.003734428435564041,-0.002741948943084993
23.164704700000584,0.00046983169158920646,-0.0025308073963969946,-0.002003089807369518
23.231370200024685,0.0003412017540540546,-0.001785295200534165,-0.0016388152095037078
23.331398700014688,0.00021724001271650195,-0.0010131563758477569,-0.001120792436791973
23.431381300004432,0.00015158818860072643,-0.0005298285977914929,-0.0008572032898206405
23.531357600004412,0.00011459471716079861,-0.00032694663968868554,-0.0007964512764511156
23.631368200003635,6.804696749895811e-05,-0.0007975758635438979,-0.000461165015077758
23.76491550001083,0.00022187191643752158,-0.0033105567563325167,-0.0013248887765011652
23.89808520002407,0.0008389855502173305,-0.0029626835603266954,-0.005599565611962065
23.998061999998754,0.0017114272341132164,-0.03151300922036171,-0.013113541454427335
24.13142410002183,0.01802043430507183,-0.21218045055866241,-0.023164382575471043
24.231413200002862,0.05122444033622742,-0.44307979941368103,-0.03480917185347798
24.331374900008086,0.10333755612373352,-0.683936357498169,-0.04747514899808092
24.46475990000181,0.19537942111492157,-0.9492751359939575,-0.060316812157421795
24.598082000011345,0.294764906167984,-0.9537782669067383,-0.07263786942097361
24.731467500008876,0.3751814663410187,-0.6479084491729736,-0.0876832760879589
24.831389099999797,0.4164385199546814,-0.43316784501075745,-0.10159595288932177
24.93144160002703,0.44547897577285767,-0.3784985840320587,-0.1150931353147352
25.031470400019316,0.4868905246257782,-0.5957940816879272,-0.12971572306564472
25.131423100014217,0.5416355729103088,-0.8091614246368408,-0.14437603608023197
25.231460700015305,0.6074369549751282,-1.0212193727493286,-0.157908769616941
25.331394900014857,0.6831119656562805,-1.2372050285339355,-0.1618724338175278
25.464760300004855,0.791857123374939,-1.384247899055481,-0.1638590577965171
25.56479770000442,0.8688627481460571,-1.1708807945251465,-0.1699255820957959
25.664765200024704,0.9373878836631775,-0.9614392518997192,-0.1784077920199828
25.764843900018604,0.9949303269386292,-0.7559258341789246,-0.1882410380141597
25.864703800005373,1.0396993160247803,-0.5543394684791565,-0.19926861691986208
25.964718300005188,1.0706175565719604,-0.3566789925098419,-0.2115247404721795
26.06474440000602,1.087286353111267,-0.16294753551483154,-0.22420716679612862
26.164779600017937,1.089921474456787,0.026868097484111786,-0.23751004962915956
26.231468100013444,1.0840891599655151,0.15296895802021027,-0.24767313813008007
26.29809330002172,1.0719547271728516,0.28168821334838867,-0.2515774378250937
26.3647666000179,1.0533480644226074,0.4130234718322754,-0.25074314301869594
26.43137740000384,1.0282281637191772,0.5469789505004883,-0.2464272470085651
26.498047700006282,0.9967007040977478,0.6835504770278931,-0.23940684125005374
26.564709800004493,0.9590336680412292,0.8227406144142151,-0.2305050295534231
26.66473630000837,0.8926001787185669,1.0347990989685059,-0.2211289732252889
26.764812000008533,0.8164907097816467,1.25078547000885,-0.2105691619737936
26.86475760000758,0.7346277236938477,1.3223425149917603,-0.19808737768981466
26.96471900001052,0.6559471487998962,1.0985040664672852,-0.18574150271342493
27.06683610001346,0.5837685465812683,0.9435851573944092,-0.17216721639326826
27.165278600004967,0.5112687349319458,1.0060220956802368,-0.15814791547948248
27.265402100019855,0.430265873670578,1.1396329402923584,-0.1437169132177053
27.36541379999835,0.34873878955841064,1.0453331470489502,-0.12962924254838837
27.465302700002212,0.2770405113697052,0.8018588423728943,-0.11594998254484934
27.565292900020722,0.21985779702663422,0.5960007905960083,-0.10138073011741855
27.665382200008025,0.17173483967781067,0.5092372894287109,-0.08608758805034655
27.7319629000267,0.14043854176998138,0.49589964747428894,-0.07018727084438903
27.798652000026777,0.11044381558895111,0.45558449625968933,-0.05459608526453741
27.865272100025322,0.08414517343044281,0.38573092222213745,-0.04124425489420025
27.931945600023028,0.06275886297225952,0.3072373867034912,-0.0308632742883318
27.99862630001735,0.04614216834306717,0.2354312390089035,-0.02318906285814326
28.098670400009723,0.029065798968076706,0.14316265285015106,-0.017515906694342442
28.165589000011096,0.021780822426080704,0.10205934196710587,-0.013179671704290463
28.26528859999962,0.014382269233465195,0.06267271935939789,-0.009974718361420276
28.331996400025673,0.01101691834628582,0.04796992242336273,-0.007459630251100746
28.398717700009,0.008285474963486195,0.03906005993485451,-0.005770128281888609
28.49870060000103,0.005143130198121071,0.027704332023859024,-0.004258375004100756
28.565297300025122,0.00364622101187706,0.020870130509138107,-0.0030721690131350066
28.6319688000076,0.0025517453905194998,0.015136342495679855,-0.0030487600419281113
28.698625900025945,0.001777934841811657,0.010641460306942463,-0.0016316165866299137
28.76529560002382,0.0012428744230419397,0.007342334371060133,-0.0011281236847865417
28.832015700027114,0.000875519122928381,0.005045624449849129,-0.0009658624715783715
28.899356100009754,0.0006218260969035327,0.003494599601253867,-0.00069688345502672
28.965304200013634,0.00044422829523682594,0.0024549015797674656,-0.000490439526634745
29.031961800006684,0.0003180296334903687,0.001749164192005992,-0.00043390298746337486
29.098670300008962,0.0002273932477692142,0.001257544383406639,-0.00030323296655510035
29.19861910000327,0.00013221170229371637,0.0009523463086225092,-0.00012281452520657155
29.33197920001112,4.8173547838814557e-05,0.0019441074691712856,-0.0003470671666550018
29.46528760000365,0.0005582020385190845,0.005501558072865009,-0.0019881501879326358
29.598662300006254,0.002315834630280733,0.028603412210941315,-0.007081417492242781
29.765334600000642,0.017452897503972054,0.17342475056648254,-0.01546383356227432
29.865400700015016,0.04697490483522415,0.39616990089416504,-0.02590709802556801
29.96529340001871,0.09626293182373047,0.6400938034057617,-0.03779630249182009
30.06531299999915,0.16189178824424744,0.880093514919281,-0.050364594354222136
30.165300400025444,0.24032248556613922,1.1188006401062012,-0.06107228440742252
30.26537060001283,0.3265567421913147,1.2005444765090942,-0.06684891033724738
30.365466600022046,0.4043058753013611,0.9644747376441956,-0.0758953336373398
30.498710600018967,0.48648107051849365,0.6545151472091675,-0.087200483596798
30.631975900003454,0.5383899807929993,0.3497912585735321,-0.09937111046481706
30.732170400005998,0.5594855546951294,0.27328434586524963,-0.1106643496008477
30.832007000019075,0.5937610864639282,0.49364444613456726,-0.12346758090003018
30.931997600011528,0.6429107785224915,0.7100791931152344,-0.13679235101659604
31.031998700025724,0.7038899660110474,0.9225991368293762,-0.15050035524420335
31.132037700008368,0.7742806077003479,1.1337981224060059,-0.16213011595890303
31.23201410000911,0.8528006672859192,1.348922610282898,-0.16700312930761074
31.332044200011296,0.9347867369651794,1.4228163957595825,-0.16878778156441476
31.43207640000037,1.0124481916427612,1.2103086709976196,-0.17441600204157437
31.49871990000247,1.059759259223938,1.071691870689392,-0.18255999863893957
31.598694300017087,1.1225712299346924,0.8670384883880615,-0.1921906410768638
31.698720800020965,1.1738148927688599,0.6662846803665161,-0.20326685937043276
31.798681400017813,1.2120914459228516,0.46948519349098206,-0.21505260295783435
31.898712900001556,1.2366889715194702,0.2766132652759552,-0.2278138622339233
31.99872440000763,1.2475061416625977,0.08766810595989227,-0.241008868949792
32.09864790001302,1.244988203048706,-0.09735046327114105,-0.2546428955473524
32.16531960002612,1.236147403717041,-0.2202606499195099,-0.2652026421033984
32.26537370000733,1.211916208267212,-0.4078965187072754,-0.27023049543161537
32.36538250002195,1.1746232509613037,-0.5994607210159302,-0.2703787065021461
32.46538240002701,1.12490975856781,-0.7949521541595459,-0.2667612647518687
32.53197010001168,1.0851826667785645,-0.9283331632614136,-0.2591677951457919
32.63200080001843,1.0173827409744263,-1.131677508354187,-0.2509838043784369
32.73202520000632,0.9418904781341553,-1.3389477729797363,-0.24104977740199773
32.79867960000411,0.8890286684036255,-1.3376377820968628,-0.2325641685841433
32.899069400009466,0.8124997019767761,-1.1217727661132812,-0.21733727273190995
32.99920109999948,0.7414289712905884,-1.0207797288894653,-0.2038205262570898
33.065809700026875,0.6906383633613586,-1.1401509046554565,-0.18986649510512543
33.16587730002357,0.608250081539154,-1.2636744976043701,-0.1757069320743354
33.26595040000393,0.5263900756835938,-1.1321107149124146,-0.16199388766509704
33.36583330002031,0.4522911012172699,-0.8973497748374939,-0.14842009967495107
33.465925500000594,0.3886397182941437,-0.7628844976425171,-0.13382113256347883
33.56583600002341,0.32095256447792053,-0.8604377508163452,-0.11863738536261736
33.63236820002203,0.27200934290885925,-0.8717780113220215,-0.10320551137373257
33.73237860001973,0.2045106291770935,-0.7257093787193298,-0.0889192885260277
33.83237110002665,0.1504286378622055,-0.5293894410133362,-0.07502778285345657
33.899013000016566,0.12151685357093811,-0.43737515807151794,-0.05836051424005051
33.966016500024125,0.096152663230896,-0.3779641389846802,-0.0440731043130862
34.06597330002114,0.06421027332544327,-0.29806727170944214,-0.03309455021490537
34.13233290001517,0.047353845089673996,-0.2408684492111206,-0.025151400364457066
34.23233320002328,0.029194828122854233,-0.15490584075450897,-0.019018818895804923
34.299227600015,0.02127455174922943,-0.11011233180761337,-0.014038139452497322
34.39932090000366,0.013670496642589569,-0.06200007349252701,-0.010591817246094148
34.49899500000174,0.009687313809990883,-0.03213517740368843,-0.008005725829057009
34.5659169999999,0.007933852262794971,-0.025936001911759377,-0.005970038440109793
34.66584860000876,0.005480149760842323,-0.023959696292877197,-0.004506905676811446
34.76577690002159,0.003232009941712022,-0.02103244699537754,-0.003371793112593724
34.832393800024875,0.0020560994744300842,-0.016172489151358604,-0.0025238963942599835
34.89910070001497,0.0012599244946613908,-0.010647435672581196,-0.0018429129158279434
34.999062600021716,0.000686249986756593,-0.003688188036903739,-0.0013966593134744354
35.13232860001153,0.000736443733330816,0.0019057577010244131,-0.0012673483083324166
35.26581830001669,0.0010022823698818684,0.0006924218032509089,-0.0011310594723270562
35.39902370001073,0.0003979362081736326,-0.008443485014140606,-0.0031064535942444405
35.53242030000547,0.0023728730157017708,-0.041315946727991104,-0.008567369433324368
35.66584510001121,0.016743618994951248,-0.18662238121032715,-0.01691014261047008
35.76584060001187,0.048033207654953,-0.41810035705566406,-0.027958182414584698
35.86586470002658,0.09889838099479675,-0.6614871025085449,-0.039629962761351334
35.965725300018676,0.1657034307718277,-0.9009481072425842,-0.05219949069735674
36.09910290001426,0.2704175114631653,-1.0697277784347534,-0.06431437602274326
36.23237579999841,0.3625105917453766,-0.7892137169837952,-0.07893420323643907
36.3990512000164,0.4393593370914459,-0.40887463092803955,-0.09490605257759266
36.499051300022984,0.465275377035141,-0.3325461745262146,-0.10774441856926531
36.59909310002695,0.5039136409759521,-0.5523707866668701,-0.12172382237029855
36.69902450000518,0.5567163228988647,-0.7682679295539856,-0.13610857375130436
36.79902400000719,0.6205140352249146,-0.9802384972572327,-0.15053321273006937
36.89903990001767,0.6928460001945496,-1.1909013986587524,-0.16247628562073624
37.032407200022135,0.7994215488433838,-1.4765821695327759,-0.16915654256921897
37.132451100012986,0.8818406462669373,-1.550293207168579,-0.17086097634659692
37.232429600000614,0.9616178870201111,-1.3383207321166992,-0.1765528839901389
37.33240140002454,1.0355556011199951,-1.1302775144577026,-0.18481007131901228
37.43236220002291,1.1008169651031494,-0.9261603355407715,-0.19443229895446512
37.53242760000285,1.1552003622055054,-0.725970983505249,-0.2052755313604433
37.66586990002543,1.208423376083374,-0.46384990215301514,-0.2175633090843263
37.76582870000857,1.232587456703186,-0.2715146541595459,-0.23006371672477965
37.89904440002283,1.2435168027877808,-0.019866859540343285,-0.2435360024280504
37.99904470000183,1.2360455989837646,0.16723395884037018,-0.2545728299577745
38.09904030000325,1.2148889303207397,0.3582616150379181,-0.2590613594913871
38.19905310001923,1.1800086498260498,0.553215503692627,-0.25885576695123524
38.299038299999665,1.1319704055786133,0.7520961165428162,-0.25489891581424007
38.3990512000164,1.0719972848892212,0.9549034237861633,-0.24826248137622597
38.49905710000894,1.0019958019256592,1.1616393327713013,-0.23962309406306492
38.59903860001941,0.924545407295227,1.3723000288009644,-0.22928829545432827
38.69909840001492,0.8430705070495605,1.4420839548110962,-0.21723740650814127
38.79905430000508,0.7628695368766785,1.2235671281814575,-0.2051826342982117
38.899037200026214,0.6882610321044922,1.0011234283447266,-0.1925915825381027
38.999036699999124,0.6204817295074463,0.9274130463600159,-0.17834977718286715
39.09902920000604,0.5430132746696472,1.1577099561691284,-0.1649417989162043
39.19903630000772,0.4578734040260315,1.2340375185012817,-0.15019538217803396
39.29901990000508,0.37801775336265564,0.9958860874176025,-0.13658577139644423
39.39901820002706,0.30943286418914795,0.7635633945465088,-0.12228263303155185
39.4990823000262,0.2531852722167969,0.6153416037559509,-0.10698949948036529
39.59906000000774,0.19827567040920258,0.6214630603790283,-0.09158472413964613
39.665947000001324,0.16049686074256897,0.6081836223602295,-0.07571521807933645
39.732400000008056,0.12587472796440125,0.5291696786880493,-0.06043395291772791
39.83237940000254,0.08451692759990692,0.37831994891166687,-0.04676511782002135
39.93268810000154,0.056644659489393234,0.2413834035396576,-0.03538261922530517
40.03243540000403,0.03941468894481659,0.14752918481826782,-0.02680857799979386
40.13246980000986,0.028296152129769325,0.09945954382419586,-0.020215696988242327
40.23249340002076,0.019803939387202263,0.07986930012702942,-0.01521726227301412
40.29900500000804,0.014913861639797688,0.07074689865112305,-0.010727395446944898
40.365981000009924,0.010782253928482533,0.058622051030397415,-0.008087432752108326
40.4323736000224,0.007555758114904165,0.04499517008662224,-0.00630651310844188
40.49902000001748,0.005206219851970673,0.032348353415727615,-0.004571087009282548
40.56580340000801,0.0035813364665955305,0.02220703288912773,-0.0033591818706648624
40.6323956999986,0.00248888460919261,0.014905178919434547,-0.0032734838906068875
40.69903020001948,0.0017569371266290545,0.010018279775977135,-0.001766881572951462
40.7990985000215,0.0011162199079990387,0.00495188171043992,-0.0012765998254636868
40.899028500018176,0.0008382744854316115,0.0021001684945076704,-0.001368709956986791
40.99905690000742,0.0006924569606781006,0.0013981593074277043,-0.0005730040980533868
41.099029900011374,0.0005165814072825015,0.0021379857789725065,-0.0005194382632540684
41.23236750002252,5.3034123993711546e-05,0.0044469465501606464,-0.0009766526631884709
41.332394700002624,0.00040738299139775336,0.0027196197770535946,-0.0036115819926294535
41.432401500002015,0.0005604292964562774,0.009212405420839787,-0.00879049200579396
41.56585690000793,0.00702993618324399,0.09709252417087555,-0.016923436589668994
41.6658842000179,0.02623780257999897,0.27613818645477295,-0.02749585837548374
41.7658770000271,0.06559095531702042,0.5194118022918701,-0.03959871587799424
41.86601019999944,0.12288418412208557,0.758758544921875,-0.05220530115769195
41.99943000002531,0.21926814317703247,0.9899147748947144,-0.06484041881750113
42.09907340002246,0.2914251983165741,0.9024795889854431,-0.07811495272631142
42.23238920001313,0.36703380942344666,0.5986213088035583,-0.09352902040145827
42.36599640001077,0.4140368700027466,0.3556986451148987,-0.10681047976315161
42.46594350002124,0.4427705407142639,0.39212727546691895,-0.1207857255228767
42.56584330002079,0.4847915470600128,0.6079129576683044,-0.1353195481661813
42.66591400001198,0.5398190021514893,0.8197959065437317,-0.15005273262982932
42.76609340001596,0.6056002974510193,1.0303462743759155,-0.16220078316455888
42.86592720000772,0.6810079216957092,1.24482262134552,-0.16774377705143229
42.96595979999984,0.7629319429397583,1.4632248878479004,-0.16822123361329155
43.06593350000912,0.8468027114868164,1.5382071733474731,-0.16640611903409153
43.13243940001121,0.9010137915611267,1.39478600025177,-0.1702328435222754
43.19912060000934,0.9526463150978088,1.2539833784103394,-0.17574007468842345
43.299067200016,1.0238611698150635,1.0460522174835205,-0.1839643618405541
43.3990970000159,1.085290551185608,0.8420469760894775,-0.1940413026666008
43.499118000007,1.1349552869796753,0.6419690847396851,-0.20514455594716186
43.59912730002543,1.1715580224990845,0.4458191990852356,-0.21731808379120643
43.699085000000196,1.1944609880447388,0.2535971701145172,-0.22989669568862925
43.766006800025934,1.202059268951416,0.12850242853164673,-0.24341783755167778
43.86605020001298,1.202452301979065,-0.05586614832282066,-0.2572637853103579
43.9658000000054,1.1900932788848877,-0.23892730474472046,-0.26859214663780806
44.03243530000327,1.1744931936264038,-0.3640211820602417,-0.2728593737491989
44.09905950000393,1.152855634689331,-0.49173495173454285,-0.2712545105058013
44.166014400019776,1.125194787979126,-0.6220656633377075,-0.2670244880292971
44.23249680001754,1.0916606187820435,-0.7550138831138611,-0.2602339838051567
44.3324341000116,1.0315760374069214,-0.9577270746231079,-0.252438893265441
44.4324287000054,0.9615132808685303,-1.164349913597107,-0.24297096478997093
44.532444400014356,0.8841024041175842,-1.3639768362045288,-0.23156628177979843
44.63254500000039,0.8029202818870544,-1.411854863166809,-0.2189652433737146
44.73243160001584,0.7234773635864258,-1.1934514045715332,-0.20690457471832402
44.83247370002209,0.6501506567001343,-0.9711203575134277,-0.19397273551973693
44.93245310001657,0.5840398073196411,-0.8974477052688599,-0.1795957237013739
45.03245160001097,0.5078840851783752,-1.127631664276123,-0.16577535440501923
45.13242680000258,0.4236440658569336,-1.20392644405365,-0.1510529741526554
45.1990837000194,0.3699491322040558,-1.0447981357574463,-0.13513192723434897
45.26601740001934,0.32070571184158325,-0.8830521702766418,-0.12027554566169574
45.33241360000102,0.2766852378845215,-0.7534691095352173,-0.1053087692982948
45.43242230001488,0.21777822077274323,-0.6347423195838928,-0.09034045671943469
45.49910600000294,0.18106085062026978,-0.5932633876800537,-0.07471064349583234
45.56608250000863,0.1461913287639618,-0.5433624982833862,-0.05950333007636355
45.665831200021785,0.10035651922225952,-0.44162416458129883,-0.04592571540812029
45.73242450001999,0.07559025287628174,-0.3594542145729065,-0.03448941597590971
45.799234600010095,0.05600913241505623,-0.27938351035118103,-0.025777662348458685
45.865897900017444,0.041034068912267685,-0.2113521248102188,-0.019380516597440556
45.96589120000135,0.02582569792866707,-0.12683525681495667,-0.014837825604326116
46.066094400011934,0.017525816336274147,-0.0674089640378952,-0.012309517468530706
46.16606730001513,0.01300320029258728,-0.040362466126680374,-0.014285697616828186
46.26585039999918,0.009469762444496155,-0.03674978390336037,-0.019416575909946943
46.36591600000975,0.005719411186873913,-0.04061786085367203,-0.02717810310973634
46.4658101000241,0.0017846429254859686,-0.04217362776398659,-0.036457159846548404
