t,solve_time,solver_success,solver_status,number_of_config_obstacles,number_of_active_edges,number_of_binary_variables
6.00004568696022e-07,0.005948500009253621,1,MIQP_OPTIMAL,2,8,104
0.0701326000271365,0.0068663000129163265,1,MIQP_OPTIMAL,2,8,104
0.14025419997051358,0.004677499993704259,1,MIQP_OPTIMAL,2,8,104
0.2104531000368297,0.002894100034609437,1,MIQP_OPTIMAL,2,8,104
0.28046829998493195,0.0035989999305456877,1,MIQP_OPTIMAL,2,8,104
0.3503166000591591,0.0029408999253064394,1,MIQP_OPTIMAL,2,8,104
0.4205531000625342,0.0028484000358730555,1,MIQP_OPTIMAL,2,8,104
0.4902795000234619,0.003554200055077672,1,MIQP_OPTIMAL,2,8,104
0.5603712999727577,0.0032348999520763755,1,MIQP_OPTIMAL,2,8,104
0.6301664999919012,0.002867399947717786,1,MIQP_OPTIMAL,2,8,104
0.700526800006628,0.0030611000256612897,1,MIQP_OPTIMAL,2,8,104
0.770368600031361,0.003097900073044002,1,MIQP_OPTIMAL,2,8,104
0.8404031000100076,0.0035917999921366572,1,MIQP_OPTIMAL,2,8,104
0.910411800025031,0.005271899979561567,1,MIQP_OPTIMAL,2,8,104
0.9804281999822706,0.008177099982276559,1,MIQP_OPTIMAL,2,8,104
1.0500595000339672,0.0076391000766307116,1,MIQP_OPTIMAL,2,8,104
1.1203901000553742,0.010449400055222213,1,MIQP_OPTIMAL,2,8,104
1.1901055000489578,0.007092999992892146,1,MIQP_OPTIMAL,2,8,104
1.2602531999582425,0.024792699958197773,1,MIQP_OPTIMAL,2,8,104
1.3592217999976128,0.026663900003768504,1,MIQP_OPTIMAL,2,8,104
1.4591877000639215,0.03058599994983524,1,MIQP_OPTIMAL,2,8,104
1.5592602000106126,0.02406280010472983,1,MIQP_OPTIMAL,2,8,104
1.6592088000616059,0.025522700045257807,1,MIQP_OPTIMAL,2,8,104
1.7592810000060126,0.029319099965505302,1,MIQP_OPTIMAL,2,8,104
1.8591824000468478,0.03851320000831038,1,MIQP_OPTIMAL,2,8,104
1.9591845000395551,0.024885700084269047,1,MIQP_OPTIMAL,2,8,104
2.0592016000300646,0.026196699938736856,1,MIQP_OPTIMAL,2,8,104
2.1591463000513613,0.02724270010367036,1,MIQP_OPTIMAL,2,8,104
2.259125299984589,0.032415200024843216,1,MIQP_OPTIMAL,2,8,104
2.3591493000276387,0.03594249999150634,1,MIQP_OPTIMAL,2,8,104
2.4591522000264376,0.035474900039844215,1,MIQP_OPTIMAL,2,8,104
2.559155400027521,0.03455000009853393,1,MIQP_OPTIMAL,2,8,104
2.659156300011091,0.030601399950683117,1,MIQP_OPTIMAL,2,8,104
2.7591706999810413,0.027584699913859367,1,MIQP_OPTIMAL,2,8,104
2.8591935000149533,0.025380600010976195,1,MIQP_OPTIMAL,2,8,104
2.9594931000610813,0.023704299936071038,1,MIQP_OPTIMAL,2,8,104
3.059177799965255,0.009890999994240701,1,MIQP_OPTIMAL,2,8,104
3.1258189999498427,0.007672399980947375,1,MIQP_OPTIMAL,2,8,104
3.192548800026998,0.008263799943961203,1,MIQP_OPTIMAL,2,8,104
3.2591689999680966,0.007662799907848239,1,MIQP_OPTIMAL,2,8,104
3.3258809000253677,0.012137899990193546,1,MIQP_OPTIMAL,2,8,104
3.3925435000564903,0.007956899935379624,1,MIQP_OPTIMAL,2,8,104
3.459163299994543,0.007963999989442527,1,MIQP_OPTIMAL,2,8,104
3.5259544999571517,0.007654600078240037,1,MIQP_OPTIMAL,2,8,104
3.592768599977717,0.0064691000152379274,1,MIQP_OPTIMAL,2,8,104
3.6592345000244677,0.009239600040018559,1,MIQP_OPTIMAL,2,8,104
3.725985800032504,0.0073114000260829926,1,MIQP_OPTIMAL,2,8,104
3.7926107000093907,0.007312200032174587,1,MIQP_OPTIMAL,2,8,104
3.8592353999847546,0.0066723000491037965,1,MIQP_OPTIMAL,2,8,104
3.9258441999554634,0.008027100004255772,1,MIQP_OPTIMAL,2,8,104
3.9925218999851495,0.006100300000980496,1,MIQP_OPTIMAL,2,8,104
4.0591989000095055,0.006048200069926679,1,MIQP_OPTIMAL,2,8,104
4.125856900005601,0.005716399988159537,1,MIQP_OPTIMAL,2,8,104
4.192572099971585,0.006071800016798079,1,MIQP_OPTIMAL,2,8,104
4.2592378000263125,0.006685199914500117,1,MIQP_OPTIMAL,2,8,104
4.3258511000312865,0.006791199906729162,1,MIQP_OPTIMAL,2,8,104
4.392506500007585,0.0060659999726340175,1,MIQP_OPTIMAL,2,8,104
4.459314499981701,0.02125380001962185,1,MIQP_OPTIMAL,2,8,104
4.525846999953501,0.019781799986958504,1,MIQP_OPTIMAL,2,8,104
4.592498500016518,0.020188499940559268,1,MIQP_OPTIMAL,2,8,104
4.659184099989943,0.02157929993700236,1,MIQP_OPTIMAL,2,8,104
4.759188600000925,0.030594400013796985,1,MIQP_OPTIMAL,2,8,104
4.859175799996592,0.02465849998407066,1,MIQP_OPTIMAL,2,8,104
4.959189399960451,0.02969009999651462,1,MIQP_OPTIMAL,2,8,104
5.059195999987423,0.05210829991847277,1,MIQP_OPTIMAL,2,8,104
5.192527299979702,0.0280776999425143,1,MIQP_OPTIMAL,2,8,104
5.292584200040437,0.035184500040486455,1,MIQP_OPTIMAL,2,8,104
5.392567600007169,0.037331299972720444,1,MIQP_OPTIMAL,2,8,104
5.492527500027791,0.036560799926519394,1,MIQP_OPTIMAL,2,8,104
5.592549500055611,0.032985700061544776,1,MIQP_OPTIMAL,2,8,104
5.692511099972762,0.034338299999944866,1,MIQP_OPTIMAL,2,8,104
5.793553399969824,0.028120000031776726,1,MIQP_OPTIMAL,2,8,104
5.893507400061935,0.024503299966454506,1,MIQP_OPTIMAL,2,8,104
5.993546699988656,0.027506900019943714,1,MIQP_OPTIMAL,2,8,104
6.09360799996648,0.007751299999654293,1,MIQP_OPTIMAL,2,8,104
6.1601713000563905,0.006940099992789328,1,MIQP_OPTIMAL,2,8,104
6.22680850001052,0.01940310001373291,1,MIQP_OPTIMAL,2,8,104
6.293590100016445,0.006493899971246719,1,MIQP_OPTIMAL,2,8,104
6.360182699980214,0.005974900093860924,1,MIQP_OPTIMAL,2,8,104
6.426831400021911,0.0064076000126078725,1,MIQP_OPTIMAL,2,8,104
6.493552600033581,0.0063455000054091215,1,MIQP_OPTIMAL,2,8,104
6.560161300003529,0.006438900018110871,1,MIQP_OPTIMAL,2,8,104
6.626837100018747,0.006363200023770332,1,MIQP_OPTIMAL,2,8,104
6.6935508999740705,0.005989899975247681,1,MIQP_OPTIMAL,2,8,104
6.760167300002649,0.006717599928379059,1,MIQP_OPTIMAL,2,8,104
6.826910899952054,0.005841200007125735,1,MIQP_OPTIMAL,2,8,104
6.893522700062022,0.005507000023499131,1,MIQP_OPTIMAL,2,8,104
6.960155499982648,0.005910599953494966,1,MIQP_OPTIMAL,2,8,104
7.026832200004719,0.006120500038377941,1,MIQP_OPTIMAL,2,8,104
7.093662100029178,0.006368800066411495,1,MIQP_OPTIMAL,2,8,104
7.160236999974586,0.006900399923324585,1,MIQP_OPTIMAL,2,8,104
7.226877199951559,0.005480900057591498,1,MIQP_OPTIMAL,2,8,104
7.293490399955772,0.005044999998062849,1,MIQP_OPTIMAL,2,8,104
7.360169699997641,0.005338700022548437,1,MIQP_OPTIMAL,2,8,104
7.426832300028764,0.005051100044511259,1,MIQP_OPTIMAL,2,8,104
7.493493600049987,0.004757900023832917,1,MIQP_OPTIMAL,2,8,104
7.560182600049302,0.004343000007793307,1,MIQP_OPTIMAL,2,8,104
7.626871900050901,0.005044599995017052,1,MIQP_OPTIMAL,2,8,104
7.693534899968654,0.004089900059625506,1,MIQP_OPTIMAL,2,8,104
7.760178199969232,0.0040840000146999955,1,MIQP_OPTIMAL,2,8,104
7.82691890001297,0.0044778999872505665,1,MIQP_OPTIMAL,2,8,104
7.893532200017944,0.004325399990193546,1,MIQP_OPTIMAL,2,8,104
7.960164500051178,0.004295899998396635,1,MIQP_OPTIMAL,2,8,104
8.026836000033654,0.004462699987925589,1,MIQP_OPTIMAL,2,8,104
8.09352090000175,0.004331700038164854,1,MIQP_OPTIMAL,2,8,104
8.160156800062396,0.004682699916884303,1,MIQP_OPTIMAL,2,8,104
8.226840400020592,0.004586700000800192,1,MIQP_OPTIMAL,2,8,104
8.293548800051212,0.005120999994687736,1,MIQP_OPTIMAL,2,8,104
8.360213199979626,0.004495400004088879,1,MIQP_OPTIMAL,2,8,104
8.42683000001125,0.004879700019955635,1,MIQP_OPTIMAL,2,8,104
8.493527399958111,0.004992399946786463,1,MIQP_OPTIMAL,2,8,104
8.560166000039317,0.004926900030113757,1,MIQP_OPTIMAL,2,8,104
8.626831999979913,0.0057960000121966004,1,MIQP_OPTIMAL,2,8,104
8.69351909996476,0.00457530003041029,1,MIQP_OPTIMAL,2,8,104
8.76019050006289,0.005593599984422326,1,MIQP_OPTIMAL,2,8,104
8.826873100013472,0.005116000073030591,1,MIQP_OPTIMAL,2,8,104
8.893531300011091,0.0046206999104470015,1,MIQP_OPTIMAL,2,8,104
8.960176900029182,0.004502599942497909,1,MIQP_OPTIMAL,2,8,104
9.026865900028497,0.004668000037781894,1,MIQP_OPTIMAL,2,8,104
9.09356279997155,0.0049186000833287835,1,MIQP_OPTIMAL,2,8,104
9.160174799966626,0.004734000074677169,1,MIQP_OPTIMAL,2,8,104
