time,reference_index,X,Y,psi,vx,X_ref,Y_ref,psi_ref,vx_ref,position_error,yaw_error,speed_error,vx_cmd,delta_cmd,ax_cmd
4.00003045797348e-07,0,-5.7220457705398076e-08,9.49576488551429e-08,-0.0,0.0,0.0,0.0,0.0,0.0,1.1086539521470112e-07,0.0,0.0,0.015,-6.056108174911257e-05,0.3
0.05017850000876933,5,0.0004999437369406223,9.49576488551429e-08,-0.0,0.0018758946403220982,0.0004999437369406223,0.0,0.0,1.0,9.49576488551429e-08,0.0,-0.9981241053596779,0.03,-6.034871578342335e-05,0.3
0.11473110000952147,10,0.001999946776777506,9.49576488551429e-08,-0.0,0.0070295764858890955,0.001999946776777506,0.0,0.0,1.0,9.49576488551429e-08,0.0,-0.9929704235141109,0.045,-5.770937607808803e-05,0.3
0.1813984999898821,14,0.0044999513775110245,9.49576488551429e-08,-0.0,0.01465262620375224,0.0044999513775110245,0.0,0.0,1.0,9.49576488551429e-08,0.0,-0.9853473737962477,0.06,-4.985684445670586e-05,0.3
0.2482632999890484,19,0.008000546135008335,9.49576488551429e-08,-0.0,0.024099211595381927,0.008000546135008335,0.0,0.0,1.0,9.49576488551429e-08,0.0,-0.975900788404618,0.075,-3.831107953072936e-05,0.3
0.31475369998952374,22,0.012500555254518986,9.49576488551429e-08,-0.0,0.03495943883396105,0.012500555254518986,0.0,0.0,1.0,9.49576488551429e-08,0.0,-0.965040561166039,0.09,-2.7253220916964096e-05,0.3
0.3814143000054173,26,0.018000565469264984,9.49576488551429e-08,-0.0,0.046849094041373406,0.018000565469264984,0.0,0.0,1.0,9.49576488551429e-08,0.0,-0.9531509059586266,0.105,-1.895591862916507e-05,0.3
0.44808040000498295,30,0.024500587955117226,9.49576488551429e-08,-0.0,0.05950593441574799,0.024500587955117226,0.0,0.0,1.0,9.49576488551429e-08,0.0,-0.940494065584252,0.12,-1.3336636325680064e-05,0.3
0.5147600999916904,33,0.03200061619281769,9.49576488551429e-08,-0.0,0.07274235570610596,0.03200061619281769,0.0,0.0,1.0,9.49576488551429e-08,0.0,-0.927257644293894,0.135,-9.625933417873346e-06,0.3
0.5815306000004057,37,0.04050140455365181,9.49576488551429e-08,-0.0,0.0864421205335707,0.04050140455365181,0.0,0.0,1.0,9.49576488551429e-08,0.0,-0.9135578794664293,0.15000000000000002,-7.1481780940760584e-06,0.3
0.6480938000022434,40,0.05000143498182297,9.49576488551429e-08,-0.0,0.10045930533118644,0.05000143498182297,0.0,0.0,1.0,9.49576488551429e-08,0.0,-0.8995406946688136,0.16500000000000004,-5.459852917626544e-06,0.3
0.7149367000092752,43,0.06050146743655205,9.49576488551429e-08,-0.0,0.11471739581838963,0.06050146743655205,0.0,0.0,1.0,9.49576488551429e-08,0.0,-0.8852826041816104,0.18000000000000005,-4.276888122047481e-06,0.3
0.7814125999866519,46,0.07200149446725845,9.49576488551429e-08,-0.0,0.12910395413737177,0.07200149446725845,0.0,0.0,1.0,9.49576488551429e-08,0.0,-0.8708960458626283,0.19500000000000006,-3.427759859847142e-06,0.3
0.8480898000125308,49,0.08450151979923248,9.49576488551429e-08,-0.0,0.14370978812656168,0.08450151979923248,0.0,0.0,1.0,9.49576488551429e-08,0.0,-0.8562902118734383,0.21000000000000008,-2.7969552182556096e-06,0.3
0.914872599998489,52,0.09800157696008682,9.49576488551429e-08,-0.0,0.1584980576663133,0.09800157696008682,0.0,0.0,1.0,9.49576488551429e-08,0.0,-0.8415019423336867,0.2250000000000001,-2.318426219608766e-06,0.3
0.9815318000037223,55,0.11250162869691849,9.49576488551429e-08,-0.0,0.173235581641154,0.11250162869691849,0.0,0.0,1.0,9.49576488551429e-08,0.0,-0.8267644183588461,0.2400000000000001,-1.9529176076672015e-06,0.3
1.0482306999911088,58,0.12800166010856628,9.49576488551429e-08,-0.0,0.18781636669232654,0.12800166010856628,0.0,0.0,1.0,9.49576488551429e-08,0.0,-0.8121836333076735,0.2550000000000001,-1.6694997251290057e-06,0.3
1.1147541000100318,61,0.1445016860961914,9.49576488551429e-08,-0.0,0.20300467801645608,0.1445016860961914,0.0,0.0,1.0,9.49576488551429e-08,0.0,-0.796995321983544,0.27000000000000013,-1.4347261686518516e-06,0.3
1.1814207000134047,64,0.16200175881385803,9.49576488551429e-08,-0.0,0.2178227850406091,0.16200175881385803,0.0,0.0,1.0,9.49576488551429e-08,0.0,-0.7821772149593909,0.28500000000000014,-1.2500541773949946e-06,0.3
1.248298699996667,67,0.1805018037557602,9.49576488551429e-08,-0.0,0.23274555278039724,0.1805018037557602,0.0,0.0,1.0,9.49576488551429e-08,0.0,-0.7672544472196028,0.30000000000000016,-1.0977078372066411e-06,0.3
1.314762599999085,70,0.20000185072422028,9.49576488551429e-08,-0.0,0.24773611341493226,0.20000185072422028,0.0,0.0,1.0,9.49576488551429e-08,0.0,-0.7522638865850677,0.31500000000000017,-9.709474486967581e-07,0.3
1.381500399991637,72,0.22050189971923828,9.49576488551429e-08,-0.0,0.2625577218781401,0.22050189971923828,0.0,0.0,1.0,9.49576488551429e-08,0.0,-0.7374422781218599,0.3300000000000002,-8.659431368333727e-07,0.3
1.4480720999999903,75,0.2420019805431366,9.49576488551429e-08,-0.0,0.27762623946266046,0.2420019805431366,0.0,0.0,1.0,9.49576488551429e-08,0.0,-0.7223737605373395,0.3450000000000002,-7.756650795999714e-07,0.3
1.5147858000127599,78,0.26450201869010925,9.49576488551429e-08,-0.0,0.29229262246129023,0.26450201869010925,0.0,0.0,1.0,9.49576488551429e-08,0.0,-0.7077073775387097,0.3600000000000002,-7.006548022953428e-07,0.3
1.5817207999934908,80,0.28802523016929626,9.49576488551429e-08,-0.0,0.3076533905932771,0.28802523016929626,0.0,0.0,1.0,9.49576488551429e-08,0.0,-0.6923466094067229,0.3750000000000002,-6.331489429985855e-07,0.3
1.648238699999638,83,0.31252527236938477,9.49576488551429e-08,-0.0,0.3226710032662937,0.31252527236938477,0.0,0.0,1.0,9.49576488551429e-08,0.0,-0.6773289967337063,0.39000000000000024,-5.761325561265008e-07,0.3
1.7147846999869216,86,0.33802530169487,9.49576488551429e-08,-0.0,0.33760307627745567,0.33802530169487,0.0,0.0,1.0,9.49576488551429e-08,0.0,-0.6623969237225443,0.40500000000000025,-5.267287748829466e-07,0.3
1.78151619998971,89,0.36452537775039673,9.49576488551429e-08,-0.0,0.35258201484119633,0.36452537775039673,0.0,0.0,1.0,9.49576488551429e-08,0.0,-0.6474179851588037,0.42000000000000026,-4.83274370935813e-07,0.3
1.8481592999887653,91,0.3920254111289978,9.49576488551429e-08,-0.0,0.36754843795754555,0.3920254111289978,0.0,0.0,1.0,9.49576488551429e-08,0.0,-0.6324515620424545,0.4350000000000003,-4.4500151871035516e-07,0.3
1.9151033000089228,94,0.4205304682254791,9.49576488551429e-08,-0.0,0.37956908747557805,0.4205304682254791,0.0,0.0,1.0,9.49576488551429e-08,0.0,-0.620430912524422,0.4500000000000003,-4.1745335333968447e-07,0.3
1.9815446000138763,96,0.45003053545951843,9.49576488551429e-08,-0.0,0.3985663115616424,0.45003053545951843,0.0,0.0,1.0,9.49576488551429e-08,0.0,-0.6014336884383575,0.4650000000000003,-3.7884984612980145e-07,0.3
2.048166199994739,99,0.48053061962127686,9.49576488551429e-08,-0.0,0.41327975125075767,0.48053061962127686,0.0,0.0,1.0,9.49576488551429e-08,0.0,-0.5867202487492423,0.4800000000000003,-3.525088938413528e-07,0.3
2.1148548999917693,102,0.5120306611061096,9.49576488551429e-08,-0.0,0.4280707366278239,0.5120306611061096,0.0,0.0,1.0,9.49576488551429e-08,0.0,-0.5719292633721761,0.49500000000000033,-3.2869943776647714e-07,0.3
2.181467499991413,104,0.5445308685302734,9.49576488551429e-08,-0.0,0.4429534542133875,0.5445308685302734,0.0,0.0,1.0,9.49576488551429e-08,0.0,-0.5570465457866125,0.5100000000000003,-3.0709278896956096e-07,0.3
2.248405599995749,107,0.5780310034751892,9.49576488551429e-08,-0.0,0.45698449141593045,0.5780310034751892,0.0,0.0,1.0,9.49576488551429e-08,0.0,-0.5430155085840696,0.5250000000000004,-2.8861311133288236e-07,0.3
2.3150367999915034,109,0.6125326156616211,9.49576488551429e-08,-0.0,0.47231312858061836,0.6125326156616211,0.0,0.0,1.0,9.49576488551429e-08,0.0,-0.5276868714193816,0.5400000000000004,-2.7026582122090024e-07,0.3
2.3817831999913324,112,0.6480327248573303,9.49576488551429e-08,-0.0,0.4876216940856374,0.6480327248573303,0.0,0.0,1.0,9.49576488551429e-08,0.0,-0.5123783059143626,0.5550000000000004,-2.5363251173938684e-07,0.3
2.4483420999895316,114,0.6845328211784363,9.49576488551429e-08,-0.0,0.5026558564369611,0.6845328211784363,0.0,0.0,1.0,9.49576488551429e-08,0.0,-0.4973441435630389,0.5700000000000004,-2.387463024084731e-07,0.3
2.5151305999897886,117,0.722032904624939,9.49576488551429e-08,-0.0,0.5175056373396468,0.722032904624939,0.0,0.0,1.0,9.49576488551429e-08,0.0,-0.48249436266035317,0.5850000000000004,-2.2529151505827385e-07,0.3
2.5817903999995906,119,0.7605329751968384,9.49576488551429e-08,-0.0,0.5327080596711811,0.7605329751968384,0.0,0.0,1.0,9.49576488551429e-08,0.0,-0.46729194032881893,0.5999999995004865,-2.1266076738631836e-07,0.2999999900097236
2.648485100013204,122,0.8000330924987793,9.49576488551429e-08,-0.0,0.5469177823356435,0.8000330924987793,0.0,0.0,1.0,9.49576488551429e-08,0.0,-0.4530822176643565,0.6149999985957549,-2.0179018851727132e-07,0.2999999819053672
2.7151912999979686,125,0.8405331969261169,9.49576488551429e-08,-0.0,0.5627807601402437,0.8405331969261169,0.0,0.0,1.0,9.49576488551429e-08,0.0,-0.4372192398597563,0.6299999967636966,-1.906101773057012e-07,0.29999996335883267
2.7816991999861784,127,0.8820333480834961,9.49576488551429e-08,-0.0,0.5780967184968951,0.8820333480834961,0.0,0.0,1.0,9.49576488551429e-08,0.0,-0.42190328150310485,0.6449999967636966,-1.8067374037435826e-07,0.3
2.848158999986481,130,0.9245335459709167,9.49576488551429e-08,-0.0,0.5929580034590122,0.9245335459709167,0.0,0.0,1.0,9.49576488551429e-08,0.0,-0.4070419965409878,0.6599999967636966,-1.71756155081141e-07,0.3
2.9149321999866515,132,0.9680408239364624,9.49576488551429e-08,-0.0,0.6078173800936656,0.9680408239364624,0.0,0.0,1.0,9.49576488551429e-08,0.0,-0.3921826199063344,0.6749999967636966,-1.6348331757515956e-07,0.3
3.0148400999896694,136,1.0345410108566284,9.49576488551429e-08,-0.0,0.6221670522266561,1.0345410108566284,0.0,0.0,1.0,9.49576488551429e-08,0.0,-0.37783294777334386,0.6899999967636966,-1.560483252788544e-07,0.3
3.0815104999928735,138,1.0800410509109497,9.49576488551429e-08,-0.0,0.6371812789789398,1.0800410509109497,0.0,0.0,1.0,9.49576488551429e-08,0.0,-0.36281872102106016,0.7049999967636966,-1.4879873331616798e-07,0.3
3.148164899990661,141,1.126541256904602,9.49576488551429e-08,-0.0,0.6522676606471174,1.126541256904602,0.0,0.0,1.0,9.49576488551429e-08,0.0,-0.3477323393528826,0.7199999967636966,-1.4201111836972815e-07,0.3
3.2148404000035953,143,1.1740413904190063,9.49576488551429e-08,-0.0,0.6670607012368727,1.1740413904190063,0.0,0.0,1.0,9.49576488551429e-08,0.0,-0.33293929876312733,0.7349999967636967,-1.357963196102691e-07,0.3
3.2815089999930933,146,1.2225414514541626,9.49576488551429e-08,-0.0,0.682441697303968,1.2225414514541626,0.0,0.0,1.0,9.49576488551429e-08,0.0,-0.317558302696032,0.7499999967636967,-1.2975706272521047e-07,0.3
3.3481816000130493,148,1.2720415592193604,9.49576488551429e-08,-0.0,0.697519811184001,1.2720415592193604,0.0,0.0,1.0,9.49576488551429e-08,0.0,-0.30248018881599903,0.7649999966199248,-1.2421922545022187e-07,0.2999999971245619
3.414854500006186,151,1.32254159450531,9.49576488551429e-08,-0.0,0.7123655969976186,1.32254159450531,0.0,0.0,1.0,9.49576488551429e-08,0.0,-0.2876344030023814,0.7799999966199248,-1.1910576409338366e-07,0.3
3.4814944000099786,153,1.3740416765213013,9.49576488551429e-08,-0.0,0.7272769485438086,1.3740416765213013,0.0,0.0,1.0,9.49576488551429e-08,0.0,-0.27272305145619136,0.7949999964335559,-1.1428090635009283e-07,0.2999999962726227
3.5482518000062555,156,1.4265419244766235,9.49576488551429e-08,-0.0,0.7425502459388251,1.4265419244766235,0.0,0.0,1.0,9.49576488551429e-08,0.0,-0.2574497540611749,0.8099999955241272,-1.0963645803032947e-07,0.2999999818114257
3.614929800009122,158,1.4800420999526978,9.49576488551429e-08,-0.0,0.7574513087524338,1.4800420999526978,0.0,0.0,1.0,9.49576488551429e-08,0.0,-0.24254869124756617,0.8249999947657829,-1.0537264447366517e-07,0.2999999848331158
3.6815681000007316,161,1.534542202949524,9.49576488551429e-08,-0.0,0.7725407418009426,1.534542202949524,0.0,0.0,1.0,9.49576488551429e-08,0.0,-0.22745925819905743,0.839999994142664,-1.013033406285021e-07,0.2999999875376233
3.7482625000120606,163,1.590042233467102,9.49576488551429e-08,-0.0,0.7874098202900117,1.590042233467102,0.0,0.0,1.0,9.49576488551429e-08,0.0,-0.21259017970998828,0.8549999934024668,-9.75196370332056e-08,0.2999999851960559
3.8149167000083253,166,1.6465424299240112,9.49576488551429e-08,-0.0,0.8025487432629346,1.6465424299240112,0.0,0.0,1.0,9.49576488551429e-08,0.0,-0.19745125673706543,0.8699999933301775,-9.388085313162421e-08,0.29999999855421383
3.8814960999879986,168,1.704042673110962,9.49576488551429e-08,-0.0,0.817675234506395,1.704042673110962,0.0,0.0,1.0,9.49576488551429e-08,0.0,-0.182324765493605,0.884999993179076,-9.044464457611966e-08,0.29999999697796825
3.94817210000474,171,1.7625428438186646,9.49576488551429e-08,-0.0,0.832429112098997,1.7625428438186646,0.0,0.0,1.0,9.49576488551429e-08,0.0,-0.16757088790100305,0.8999999808536328,-8.727157475352263e-08,0.29999975349113545
4.0148332999960985,173,1.8220429420471191,9.49576488551429e-08,-0.0,0.8475361533193737,1.8220429420471191,0.0,0.0,1.0,9.49576488551429e-08,0.0,-0.1524638466806263,0.9149999807179373,-8.419241739252188e-08,0.2999999972860919
4.081519800005481,176,1.8825429677963257,9.49576488551429e-08,-0.0,0.8625025982690634,1.8825429677963257,0.0,0.0,1.0,9.49576488551429e-08,0.0,-0.1374974017309366,0.9299999800715286,-8.129978428268006e-08,0.29999998707182535
4.148190000007162,178,1.9440430402755737,9.49576488551429e-08,-0.0,0.8775218253486584,1.9440430402755737,0.0,0.0,1.0,9.49576488551429e-08,0.0,-0.12247817465134159,0.9449999795863634,-7.854420540533182e-08,0.29999999029669516
4.214851600001566,181,2.0065431594848633,9.49576488551429e-08,-0.0,0.8924646791083797,2.0065431594848633,0.0,0.0,1.0,9.49576488551429e-08,0.0,-0.10753532089162032,0.9599999794049102,-7.593930777178199e-08,0.2999999963709375
4.281493699993007,184,2.0700433254241943,9.49576488551429e-08,-0.0,0.9075611983667609,2.0700433254241943,0.0,0.0,1.0,9.49576488551429e-08,0.0,-0.09243880163323914,0.9749999794049102,-7.343698447794398e-08,0.3
4.348208000010345,186,2.1345436573028564,9.49576488551429e-08,-0.0,0.9225219908120443,2.1345436573028564,0.0,0.0,1.0,9.49576488551429e-08,0.0,-0.07747800918795567,0.9899999794049102,-7.107717574970784e-08,0.3
4.4148617000028025,189,2.2000436782836914,9.49576488551429e-08,-0.0,0.9375658294233638,2.2000436782836914,0.0,0.0,1.0,9.49576488551429e-08,0.0,-0.06243417057663625,1.0,-6.881708979782903e-08,0.3
4.481516600004397,191,2.2663769721984863,9.49576488551429e-08,-0.0,0.9518864200401062,2.2663769721984863,0.0,0.0,1.0,9.49576488551429e-08,0.0,-0.04811357995989385,1.0,-6.676430298911736e-08,0.2912157961466276
4.5481795000087,194,2.3330438137054443,9.49576488551429e-08,-0.0,0.9638950973367418,2.3330438137054443,0.0,0.0,1.0,9.49576488551429e-08,0.0,-0.036104902663258165,1.0,-6.511287841535891e-08,0.21853119187225828
4.614859399996931,196,2.3997108936309814,9.49576488551429e-08,-0.0,0.972809548408371,2.3997108936309814,0.0,0.0,1.0,9.49576488551429e-08,0.0,-0.027190451591629028,1.0,-0.000451877133656941,0.1674595619597596
4.714868300012313,200,2.499711036682129,-2.415480821582605e-06,-7.531300070695579e-05,0.9796737863340299,2.499711036682129,0.0,0.0,1.0,2.415480821582605e-06,-7.531300070695579e-05,-0.020326213665970094,0.9996942627085263,-0.0036076723464343215,-0.006114745829473138
4.814871500013396,204,2.599700927734375,-4.252712460584007e-05,-0.0008270349935628474,0.9848218392603182,2.599700927734375,0.0,0.0,1.0,4.252712460584007e-05,-0.0008270349935628474,-0.015178160739681812,0.9846942627085263,-0.01205660221839415,-0.3
4.881494900007965,206,2.665846824645996,-0.00020193929958622903,-0.0034068122040480375,0.9865349243897937,2.665846824645996,0.0,0.0,1.0,0.00020193929958622903,-0.0034068122040480375,-0.013465075610206267,0.9696942627085263,-0.012307453398629178,-0.3
4.948185999994166,209,2.730992078781128,-0.000617076235357672,-0.007374578155577183,0.9839096317276642,2.730992078781128,0.0,0.0,1.0,0.000617076235357672,-0.007374578155577183,-0.016090368272335787,0.9546942627085263,0.05145847849234894,-0.3
5.014844499994069,211,2.7951371669769287,-0.000957151991315186,-0.0011757657630369067,0.9788052249361727,2.7951371669769287,0.0,0.0,1.0,0.000957151991315186,-0.0011757657630369067,-0.021194775063827276,0.9396942627085263,0.29654654428161353,-0.3
5.081522499996936,213,2.8582382202148438,0.000939610821660608,0.05345604568719864,0.9707254499192981,2.8582382202148438,0.0,0.0,1.0,0.000939610821660608,0.05345604568719864,-0.0292745500807019,0.9246942627085263,0.4749569931531919,-0.3
5.148200199997518,215,2.9197676181793213,0.009372442960739136,0.17309878766536713,0.9608031699830814,2.9197676181793213,0.0,0.0,1.0,0.009372442960739136,0.17309878766536713,-0.03919683001691865,0.9096942627085263,0.35386731824827805,-0.3
5.21482449999894,217,2.978630304336548,0.025847285985946655,0.29994997382164,0.9496778626959488,2.978630304336548,0.0,0.0,1.0,0.025847285985946655,0.29994997382164,-0.05032213730405122,0.8946942627085263,0.27665449555075633,-0.3
5.281599100009771,219,3.0346243381500244,0.047828372567892075,0.39488255977630615,0.9374777346142336,3.0346243381500244,0.0,0.0,1.0,0.047828372567892075,0.39488255977630615,-0.06252226538576644,0.8796942627085262,0.3217005386622152,-0.3
5.381549200013978,222,3.113525390625,0.08881549537181854,0.5245565176010132,0.9253517751845178,3.113525390625,0.0,0.0,1.0,0.08881549537181854,0.5245565176010132,-0.07464822481548217,0.8646942627085262,0.48635298352519196,-0.3
5.448206600005506,224,3.161273241043091,0.12193676084280014,0.641814112663269,0.91186237239159,3.161273241043091,0.0,0.0,1.0,0.12193676084280014,0.641814112663269,-0.08813762760841004,0.8496942627085262,0.5235400417732635,-0.29999999999999993
5.514854600012768,225,3.2031102180480957,0.1608068197965622,0.7860469222068787,0.8978479843750815,3.2031102180480957,0.0,0.0,1.0,0.1608068197965622,0.7860469222068787,-0.10215201562491849,0.8346942627085262,0.4020766266554377,-0.29999999999999993
5.581522199994652,226,3.2385268211364746,0.2043454945087433,0.9161239862442017,0.8836520270906267,3.2385268211364746,0.0,0.0,1.0,0.2043454945087433,0.9161239862442017,-0.11634797290937327,0.8196942627085262,0.13272987337729972,-0.3
5.681557600008091,228,3.28226637840271,0.2748008668422699,1.046126127243042,0.8700559653380284,3.28226637840271,0.0,0.0,1.0,0.2748008668422699,1.046126127243042,-0.12994403466197157,0.8046942627085262,-0.3240995871345412,-0.3
5.781587800011039,229,3.321946144104004,0.34593963623046875,1.038925051689148,0.8561674032548253,3.321946144104004,0.0,0.0,1.0,0.34593963623046875,1.038925051689148,-0.14383259674517468,0.7896942627085262,-0.3512789945599508,-0.3
5.881520499999169,231,3.3683440685272217,0.41100752353668213,0.905757486820221,0.8416232026317778,3.3683440685272217,0.0,0.0,1.0,0.41100752353668213,0.905757486820221,-0.1583767973682222,0.7746942627085261,0.5235999999999998,-0.3
5.948267800005851,232,3.4010252952575684,0.4516041576862335,0.9271285533905029,0.82662403114793,3.4010252952575684,0.0,0.0,1.0,0.4516041576862335,0.9271285533905029,-0.17337596885206996,0.7596942627085261,0.5236,-0.3
6.01490000000922,233,3.4274489879608154,0.4953634440898895,1.0610294342041016,0.8114817170107802,3.4274489879608154,0.0,0.0,1.0,0.4953634440898895,1.0610294342041016,-0.1885182829892198,0.7746942627085261,0.5236,0.3
6.081562600011239,233,3.447793483734131,0.5422576665878296,1.1949312686920166,0.8001855336337633,3.447793483734131,0.0,0.0,1.0,0.5422576665878296,1.1949312686920166,-0.19981446636623668,0.7596942627085261,-0.5236,-0.3
6.181572800007416,234,3.4694344997406006,0.6160823106765747,1.2638448476791382,0.792265673613725,3.4694344997406006,0.0,0.0,1.0,0.6160823106765747,1.2638448476791382,-0.20773432638627498,0.7446942627085261,-0.5236,-0.3
6.281654899998102,235,3.50144362449646,0.6843084096908569,1.0662658214569092,0.7822838555783094,3.50144362449646,0.0,0.0,1.0,0.6843084096908569,1.0662658214569092,-0.21771614442169063,0.7296942627085261,-0.5236,-0.3
6.381580399989616,237,3.5451793670654297,0.7438371181488037,0.8726136684417725,0.7702303387555265,3.5451793670654297,0.0,0.0,1.0,0.7438371181488037,0.8726136684417725,-0.2297696612444735,0.7146942627085261,-0.1020380664705196,-0.3
6.481650800007628,238,3.5975472927093506,0.7938733696937561,0.7331035137176514,0.7593425388425937,3.5975472927093506,0.0,0.0,1.0,0.7938733696937561,0.7331035137176514,-0.24065746115740627,0.6996942627085261,0.5236,-0.2999999999999998
6.548380199994426,240,3.631990671157837,0.8260350823402405,0.782008707523346,0.7462513405434186,3.631990671157837,0.0,0.0,1.0,0.8260350823402405,0.782008707523346,-0.2537486594565814,0.6846942627085261,0.5236,-0.3
6.648303499998292,241,3.674943685531616,0.8805267810821533,0.9638798236846924,0.7328052197293149,3.674943685531616,0.0,0.0,1.0,0.8805267810821533,0.9638798236846924,-0.2671947802706851,0.6696942627085261,0.5236,-0.3
6.714886600006139,242,3.697298526763916,0.9197278618812561,1.0820732116699219,0.7183870799013797,3.697298526763916,0.0,0.0,1.0,0.9197278618812561,1.0820732116699219,-0.28161292009862027,0.6846942627085261,0.5236,0.3
6.781623699993361,242,3.714874505996704,0.9612906575202942,1.2002676725387573,0.708365476218749,3.714874505996704,0.0,0.0,1.0,0.9612906575202942,1.2002676725387573,-0.291634523781251,0.6996942627085261,0.5235999999999998,0.3
6.881604700000025,243,3.7319271564483643,1.0280319452285767,1.3808284997940063,0.703234170171722,3.7319271564483643,0.0,0.0,1.0,1.0280319452285767,1.3808284997940063,-0.29676582982827804,0.6846942627085261,-0.5236,-0.3
6.948357799992664,243,3.739205837249756,1.0735797882080078,1.3821370601654053,0.6995116142991799,3.739205837249756,0.0,0.0,1.0,1.0735797882080078,1.3821370601654053,-0.30048838570082015,0.6696942627085261,-0.5236,-0.2999999999999999
7.014948800002458,244,3.7515599727630615,1.1169829368591309,1.2639429569244385,0.694251580571976,3.7515599727630615,0.0,0.0,1.0,1.1169829368591309,1.2639429569244385,-0.305748419428024,0.654694262708526,-0.5236,-0.29999999999999993
7.081643999990774,244,3.7684812545776367,1.1577380895614624,1.1483687162399292,0.6863055952217758,3.7684812545776367,0.0,0.0,1.0,1.1577380895614624,1.1483687162399292,-0.3136944047782242,0.639694262708526,-0.5236,-0.3
7.148324200010393,245,3.789428949356079,1.195439100265503,1.0354106426239014,0.6764792091742642,3.789428949356079,0.0,0.0,1.0,1.195439100265503,1.0354106426239014,-0.3235207908257358,0.624694262708526,-0.5235999999999998,-0.29999999999999993
7.214959100005217,246,3.8138444423675537,1.229773759841919,0.9250715970993042,0.6651880141362265,3.8138444423675537,0.0,0.0,1.0,1.229773759841919,0.9250715970993042,-0.3348119858637735,0.609694262708526,-0.5236,-0.3
7.281633700011298,247,3.8411672115325928,1.2605193853378296,0.8173500299453735,0.6524156904390614,3.8411672115325928,0.0,0.0,1.0,1.2605193853378296,0.8173500299453735,-0.34758430956093855,0.594694262708526,-0.5236,-0.3
7.348399899987271,248,3.8708441257476807,1.28753662109375,0.7122470736503601,0.6403881458172526,3.8708441257476807,0.0,0.0,1.0,1.28753662109375,0.7122470736503601,-0.35961185418274744,0.579694262708526,-0.5235999999999998,-0.3
7.4149398999870755,249,3.9023406505584717,1.31076180934906,0.6097617745399475,0.6262778999937985,3.9023406505584717,0.0,0.0,1.0,1.31076180934906,0.6097617745399475,-0.37372210000620154,0.564694262708526,-0.5236,-0.3
7.481618699996034,250,3.935149669647217,1.3301998376846313,0.5098947286605835,0.6133541256810848,3.935149669647217,0.0,0.0,1.0,1.3301998376846313,0.5098947286605835,-0.3866458743189152,0.549694262708526,-0.5236,-0.3
7.5483707000094,251,3.9687962532043457,1.3459148406982422,0.4126441776752472,0.5993035642035675,3.9687962532043457,0.0,0.0,1.0,1.3459148406982422,0.4126441776752472,-0.40069643579643255,0.5346942627085259,-0.5235999999999998,-0.29999999999999993
7.614929400006076,252,4.002844333648682,1.358022689819336,0.3180135190486908,0.5850096079791881,4.002844333648682,0.0,0.0,1.0,1.358022689819336,0.3180135190486908,-0.4149903920208119,0.5196942627085259,-0.5236,-0.3
7.681586999999126,253,4.036897659301758,1.3666818141937256,0.22600096464157104,0.5704240506427838,4.036897659301758,0.0,0.0,1.0,1.3666818141937256,0.22600096464157104,-0.4295759493572162,0.5046942627085259,-0.5236,-0.3
7.7482630999875255,254,4.070605754852295,1.3720852136611938,0.13660593330860138,0.5558495021114342,4.070605754852295,0.0,0.0,1.0,1.3720852136611938,0.13660593330860138,-0.44415049788856575,0.5091960074080382,-0.5236,0.09003489399024456
7.814951100008329,255,4.104310035705566,1.374456763267517,0.04812705144286156,0.5433761417728763,4.104310035705566,0.0,0.0,1.0,1.374456763267517,0.04812705144286156,-0.4566238582271237,0.5241960074080382,-0.5236,0.3
7.881570099998498,256,4.138741493225098,1.3737848997116089,-0.04205378144979477,0.5368277649050086,4.138741493225098,0.0,0.0,1.0,1.3737848997116089,-0.04205378144979477,-0.4631722350949914,0.5391960074080382,-0.5236,0.3
7.948270900000352,257,4.173957347869873,1.369836449623108,-0.13485324382781982,0.5352779265546551,4.173957347869873,0.0,0.0,1.0,1.369836449623108,-0.13485324382781982,-0.4647220734453449,0.5541960074080382,-0.5235999999999998,0.3
8.015000699990196,259,4.209619522094727,1.3623685836791992,-0.23027117550373077,0.5382228223638746,4.209619522094727,0.0,0.0,1.0,1.3623685836791992,-0.23027117550373077,-0.46177717763612536,0.5691960074080382,-0.5236,0.3
8.081632299988996,260,4.245340347290039,1.3511700630187988,-0.3283063471317291,0.5440556599827058,4.245340347290039,0.0,0.0,1.0,1.3511700630187988,-0.3283063471317291,-0.4559443400172942,0.5841960074080382,-0.5236,0.3
8.148412100010319,261,4.2806830406188965,1.3360687494277954,-0.4289582073688507,0.552008519508394,4.2806830406188965,0.0,0.0,1.0,1.3360687494277954,-0.4289582073688507,-0.447991480491606,0.5991960074080382,-0.5235999999999998,0.3
8.21493260000716,262,4.31516695022583,1.3169419765472412,-0.5322299003601074,0.5619074501271687,4.31516695022583,0.0,0.0,1.0,1.3169419765472412,-0.5322299003601074,-0.4380925498728313,0.6141960074080383,-0.5235999999999998,0.3
8.28180239998619,263,4.348268508911133,1.2937251329421997,-0.63811856508255,0.5729371081295751,4.348268508911133,0.0,0.0,1.0,1.2937251329421997,-0.63811856508255,-0.4270628918704249,0.6291960074080383,-0.5235999999999998,0.3
8.348240799998166,264,4.379430294036865,1.2664216756820679,-0.7466260194778442,0.5852359371303599,4.379430294036865,0.0,0.0,1.0,1.2664216756820679,-0.7466260194778442,-0.41476406286964007,0.6441960074080383,-0.5236,0.3
8.415065400011372,265,4.4080657958984375,1.2351123094558716,-0.8577505946159363,0.5978626648464443,4.4080657958984375,0.0,0.0,1.0,1.2351123094558716,-0.8577505946159363,-0.40213733515355565,0.6591960074080383,-0.5236,0.29999999999999993
8.48154420001083,266,4.433572292327881,1.199962854385376,-0.9714934229850769,0.6112315407381651,4.433572292327881,0.0,0.0,1.0,1.199962854385376,-0.9714934229850769,-0.3887684592618349,0.6741960074080383,-0.5236,0.3
8.548277199995937,267,4.455339431762695,1.1612324714660645,-1.0878570079803467,0.6250052505252666,4.455339431762695,0.0,0.0,1.0,1.1612324714660645,-1.0878570079803467,-0.37499474947473344,0.6891960074080383,-0.5236,0.3
8.614862199989147,267,4.4727654457092285,1.1192818880081177,-1.2068359851837158,0.6389186244868557,4.4727654457092285,0.0,0.0,1.0,1.1192818880081177,-1.2068359851837158,-0.36108137551314434,0.7041960074080383,-0.39247327783543307,0.3
8.68155450001359,268,4.485621929168701,1.0746629238128662,-1.313042163848877,0.6533009076322283,4.485621929168701,0.0,0.0,1.0,1.0746629238128662,-1.313042163848877,-0.34669909236777174,0.7191960074080384,0.5236,0.3
8.748251499986509,268,4.497050762176514,1.0286376476287842,-1.296342134475708,0.6677798036173237,4.497050762176514,0.0,0.0,1.0,1.0286376476287842,-1.296342134475708,-0.3322201963826763,0.7341960074080384,0.5236,0.3
8.814862800005358,269,4.514542102813721,0.9834854602813721,-1.1695101261138916,0.6822758762111563,4.514542102813721,0.0,0.0,1.0,0.9834854602813721,-1.1695101261138916,-0.31772412378884374,0.7491960074080384,-0.3847486865751948,0.29999999999999993
8.881553499988513,269,4.535645961761475,0.9387845993041992,-1.1534819602966309,0.6970673379162051,4.535645961761475,0.0,0.0,1.0,0.9387845993041992,-1.1534819602966309,-0.3029326620837949,0.7641960074080384,-0.402303555699181,0.3
8.948224699997809,270,4.5526251792907715,0.8912988901138306,-1.2527635097503662,0.7118147060562436,4.5526251792907715,0.0,0.0,1.0,0.8912988901138306,-1.2527635097503662,-0.28818529394375636,0.7791960074080384,0.5236,0.3
9.014875499997288,270,4.567874908447266,0.8421955704689026,-1.2360047101974487,0.7264321627261161,4.567874908447266,0.0,0.0,1.0,0.8421955704689026,-1.2360047101974487,-0.2735678372738839,0.7941960074080384,0.5236,0.3
9.08154139999533,271,4.590095043182373,0.7947232723236084,-1.0987000465393066,0.7413873443468987,4.590095043182373,0.0,0.0,1.0,0.7947232723236084,-1.0987000465393066,-0.2586126556531013,0.8091960074080384,-0.39055997771698153,0.3
9.148231600003783,272,4.616401672363281,0.7482205629348755,-1.0820664167404175,0.7563184548417666,4.616401672363281,0.0,0.0,1.0,0.7482205629348755,-1.0820664167404175,-0.24368154515823337,0.8241960074080384,-0.34641407349133635,0.3
9.214951300004032,273,4.638200759887695,0.6983450651168823,-1.1823261976242065,0.7708101599869338,4.638200759887695,0.0,0.0,1.0,0.6983450651168823,-1.1823261976242065,-0.2291898400130662,0.8391960074080385,0.5236,0.3
9.281639499997254,273,4.658641338348389,0.6468437910079956,-1.156678318977356,0.786150289647339,4.658641338348389,0.0,0.0,1.0,0.6468437910079956,-1.156678318977356,-0.21384971035266098,0.8541960074080385,0.5236,0.3
9.34825149999233,274,4.686911582946777,0.5980318784713745,-1.0089000463485718,0.8010543007146567,4.686911582946777,0.0,0.0,1.0,0.5980318784713745,-1.0089000463485718,-0.19894569928534334,0.8691960074080385,-0.2102428830404166,0.3
9.41496900000493,275,4.720336437225342,0.5513188242912292,-0.9648143649101257,0.8159352220230123,4.720336437225342,0.0,0.0,1.0,0.5513188242912292,-0.9648143649101257,-0.18406477797698773,0.8841960074080385,-0.0895096523022426,0.3
9.48160219998681,276,4.751820087432861,0.5020781755447388,-1.0084612369537354,0.8310891595000287,4.751820087432861,0.0,0.0,1.0,0.5020781755447388,-1.0084612369537354,-0.1689108404999713,0.895264328283716,0.5236,0.22136641751355035
9.54833520000102,277,4.784719467163086,0.4527771770954132,-0.9435248970985413,0.8457405603493324,4.784719467163086,0.0,0.0,1.0,0.4527771770954132,-0.9435248970985413,-0.15425943965066757,0.880264328283716,0.5236,-0.29999999999999993
9.614957499987213,279,4.82474946975708,0.4092426598072052,-0.7885803580284119,0.8558372377969669,4.82474946975708,0.0,0.0,1.0,0.4092426598072052,-0.7885803580284119,-0.14416276220303315,0.8843677988244892,0.5236,0.08206941081546415
9.714949199988041,281,4.895602226257324,0.35707029700279236,-0.557768702507019,0.8607796737083142,4.895602226257324,0.0,0.0,1.0,0.35707029700279236,-0.557768702507019,-0.1392203262916858,0.8993677988244893,-0.022130430474248054,0.3
9.815162699989742,283,4.9763875007629395,0.32000967860221863,-0.40673255920410156,0.8681759082002383,4.9763875007629395,0.0,0.0,1.0,0.32000967860221863,-0.40673255920410156,-0.13182409179976173,0.9143677988244893,-0.5235999999999997,0.3
9.881585299997823,285,5.030776023864746,0.2937183976173401,-0.48984336853027344,0.8775819369304116,5.030776023864746,0.0,0.0,1.0,0.2937183976173401,-0.48984336853027344,-0.12241806306958836,0.9293677988244893,-0.5235999999999998,0.3
9.948243099992396,287,5.081090450286865,0.2585138976573944,-0.6507405042648315,0.8877670008326854,5.081090450286865,0.0,0.0,1.0,0.2585138976573944,-0.6507405042648315,-0.11223299916731455,0.9443677988244893,-0.03405572205190461,0.3
10.014891300001182,288,5.127442359924316,0.2166515737771988,-0.7372048497200012,0.9005085564802846,5.127442359924316,0.0,0.0,1.0,0.2166515737771988,-0.7372048497200012,-0.0994914435197154,0.9593677988244893,0.3432322825195243,0.3
10.081573400006164,290,5.175344944000244,0.17506742477416992,-0.6876830458641052,0.913112598196319,5.175344944000244,0.0,0.0,1.0,0.17506742477416992,-0.6876830458641052,-0.08688740180368104,0.9743677988244893,0.3973108113782291,0.29999999999999993
10.14826320001157,292,5.228505611419678,0.13867510855197906,-0.5682812929153442,0.9263184345868207,5.228505611419678,0.0,0.0,1.0,0.13867510855197906,-0.5682812929153442,-0.07368156541317927,0.9893677988244893,0.3221290014738392,0.29999999999999993
10.21491129999049,293,5.286636829376221,0.10863298177719116,-0.4506411552429199,0.9401040182116409,5.286636829376221,0.0,0.0,1.0,0.10863298177719116,-0.4506411552429199,-0.05989598178835909,1.0,0.24044623781174465,0.3
10.281549600011203,295,5.348269939422607,0.08420273661613464,-0.3574490249156952,0.9535923028566484,5.348269939422607,0.0,0.0,1.0,0.08420273661613464,-0.3574490249156952,-0.04640769714335158,1.0,0.18753240572671748,0.3
10.348219800012885,298,5.411917209625244,0.06439249962568283,-0.2861196994781494,0.9652465566046851,5.411917209625244,0.0,0.0,1.0,0.06439249962568283,-0.2861196994781494,-0.03475344339531494,1.0,0.15745812295027353,0.29748958969748673
10.415036299993517,300,5.476639747619629,0.048434142023324966,-0.22862175107002258,0.9737301681527702,5.476639747619629,0.0,0.0,1.0,0.048434142023324966,-0.22862175107002258,-0.026269831847229752,1.0,0.13651673256152708,0.20276489702250455
10.481542199995602,302,5.54209041595459,0.03577873110771179,-0.17962631583213806,0.9803259127973118,5.54209041595459,0.0,0.0,1.0,0.03577873110771179,-0.17962631583213806,-0.01967408720268815,1.0,0.1160509350931626,0.13889541521258386
10.54826260000118,304,5.608033180236816,0.02600106969475746,-0.1375318169593811,0.9852549256525308,5.608033180236816,0.0,0.0,1.0,0.02600106969475746,-0.1375318169593811,-0.01474507434746919,1.0,0.09438806258484828,0.09745098768822036
10.614891700010048,306,5.67429256439209,0.018661241978406906,-0.102458655834198,0.988937871578123,5.67429256439209,0.0,0.0,1.0,0.018661241978406906,-0.102458655834198,-0.011062128421877038,1.0,0.07310728474057514,0.070207608304204
10.681559399992693,308,5.74074125289917,0.013291481882333755,-0.07454270869493484,0.9916586534196784,5.74074125289917,0.0,0.0,1.0,0.013291481882333755,-0.07454270869493484,-0.008341346580321596,1.0,0.05423818417174741,0.05182763967904455
10.748282599990489,311,5.807295799255371,0.009437769651412964,-0.05331837013363838,0.9936466866781852,5.807295799255371,0.0,0.0,1.0,0.009437769651412964,-0.05331837013363838,-0.006353313321814769,1.0,0.038964911245774565,0.03907477160762969
10.815017799992347,313,5.873906135559082,0.0067031062208116055,-0.03778447210788727,0.9953043967962986,5.873906135559082,0.0,0.0,1.0,0.0067031062208116055,-0.03778447210788727,-0.004695603203701437,1.0,0.027448407090534508,0.02874337846016844
10.881547500001034,315,5.940545082092285,0.004769847262650728,-0.026715543121099472,0.996543973817709,5.940545082092285,0.0,0.0,1.0,0.004769847262650728,-0.026715543121099472,-0.0034560261822910165,1.0,0.01921443782251093,0.021094426721063167
10.948247399996035,317,6.007197856903076,0.003400632878765464,-0.018938368186354637,0.997337318180832,6.007197856903076,0.0,0.0,1.0,0.003400632878765464,-0.018938368186354637,-0.0026626818191679558,1.0,0.013507447115910452,0.01621165461104941
11.01491719999467,319,6.07385778427124,0.0024266429245471954,-0.01348469965159893,0.9977261733059641,6.07385778427124,0.0,0.0,1.0,0.0024266429245471954,-0.01348469965159893,-0.002273826694035863,1.0,0.00958510101113133,0.013812368995110888
11.081525899993721,322,6.140521049499512,0.0017310082912445068,-0.009635932743549347,0.998607294706292,6.140521049499512,0.0,0.0,1.0,0.0017310082912445068,-0.009635932743549347,-0.001392705293708052,1.0,0.0068515478664778594,0.008454404629691903
11.14822189998813,324,6.207186222076416,0.0012331814505159855,-0.006896480452269316,0.9989184284732507,6.207186222076416,0.0,0.0,1.0,0.0012331814505159855,-0.006896480452269316,-0.0010815715267492587,1.0,0.004927575182559753,0.006558388800864869
11.214898200007156,326,6.273852348327637,0.0008769211126491427,-0.00493328832089901,0.9992386029146345,6.273852348327637,0.0,0.0,1.0,0.0008769211126491427,-0.00493328832089901,-0.0007613970853654894,1.0,0.003547214628418554,0.004614151449912054
11.281545200006803,328,6.340518474578857,0.0006224927492439747,-0.003520818892866373,0.9995321530324472,6.340518474578857,0.0,0.0,1.0,0.0006224927492439747,-0.003520818892866373,-0.0004678469675527541,1.0,0.002545926742890005,0.0028343931994989245
11.348228899994865,331,6.407185077667236,0.00044132897164672613,-0.0025052933488041162,0.9996519188252788,6.407185077667236,0.0,0.0,1.0,0.00044132897164672613,-0.0025052933488041162,-0.00034808117472118205,1.0,0.0018187763504850707,0.0021080985323269413
11.414894399989862,333,6.473851680755615,0.0003127015952486545,-0.0017778400797396898,0.9997630405166784,6.473851680755615,0.0,0.0,1.0,0.0003127015952486545,-0.0017778400797396898,-0.000236959483321586,1.0,0.0012926416581316724,0.0014348657279697862
11.481541299988749,335,6.540518760681152,0.00022156872728373855,-0.0012592679122462869,0.999664662771635,6.540518760681152,0.0,0.0,1.0,0.00022156872728373855,-0.0012592679122462869,-0.0003353372283649847,1.0,0.0009154075766330575,0.002030003325907189
11.548246799997287,338,6.607184886932373,0.00015706574777141213,-0.000891258881893009,0.9998713980926726,6.607184886932373,0.0,0.0,1.0,0.00015706574777141213,-0.000891258881893009,-0.00012860190732744137,1.0,0.0006464502499114934,0.0007785479880070087
11.614916199992876,340,6.673852443695068,0.00011141091090394184,-0.000630947994068265,0.9997977409534711,6.673852443695068,0.0,0.0,1.0,0.00011141091090394184,-0.000630947994068265,-0.0002022590465289298,1.0,0.0004566734917262953,0.0012242920318727977
11.68156050000107,342,6.740519046783447,7.906750397523865e-05,-0.00044709324720315635,0.9998569718976238,6.740519046783447,0.0,0.0,1.0,7.906750397523865e-05,-0.00044709324720315635,-0.0001430281023762081,1.0,0.000322992232364202,0.0008657456114986796
11.74821580000571,345,6.807185649871826,5.612980748992413e-05,-0.00031714863143861294,0.999781055027815,6.807185649871826,0.0,0.0,1.0,5.612980748992413e-05,-0.00031714863143861294,-0.00021894497218499787,1.0,0.00022895003983639016,0.0013252244380719386
11.8148984000145,347,6.873851776123047,3.984728755312972e-05,-0.0002251580881420523,1.0,6.873851776123047,0.0,0.0,1.0,3.984728755312972e-05,-0.0002251580881420523,0.0,0.9999999928823898,0.00016247926252735742,-1.4235220437157507e-07
11.88172060000943,350,6.940518856048584,2.8283271603868343e-05,-0.0001599196548340842,0.9999069243071561,6.940518856048584,0.0,0.0,1.0,2.8283271603868343e-05,-0.0001599196548340842,-9.307569284389139e-05,1.0,0.00011551018703051621,0.000563362321650341
11.948251099995105,352,7.0071892738342285,2.006869181059301e-05,-0.00011358481424394995,0.9999021415315155,7.0071892738342285,0.0,0.0,1.0,2.006869181059301e-05,-0.00011358481424394995,-9.785846848453517e-05,1.0,8.213672533821095e-05,0.0005923081195403287
12.01490979999653,354,7.073855400085449,1.4236125934985466e-05,-8.064357825787738e-05,0.9999859701317355,7.073855400085449,0.0,0.0,1.0,1.4236125934985466e-05,-8.064357825787738e-05,-1.4029868264486822e-05,1.0,5.836434074730872e-05,8.492654019690394e-05
12.081597400014289,357,7.14052152633667,1.0096757250721566e-05,-5.722667992813513e-05,0.9999640788112235,7.14052152633667,0.0,0.0,1.0,1.0096757250721566e-05,-5.722667992813513e-05,-3.5921188776488755e-05,1.0,4.144474626928315e-05,0.000217419914423861
12.14824260000023,359,7.207188129425049,7.160382665460929e-06,-4.059179991600104e-05,0.9999663211511286,7.207188129425049,0.0,0.0,1.0,7.160382665460929e-06,-4.059179991600104e-05,-3.367884887139905e-05,1.0,2.9403928719800174e-05,0.00020384742256151608
12.214919199992437,362,7.2738542556762695,5.078112280898495e-06,-2.8783657398889773e-05,0.999910355437849,7.2738542556762695,0.0,0.0,1.0,5.078112280898495e-06,-2.8783657398889773e-05,-8.964456215099226e-05,1.0,2.084944854154977e-05,0.0005425894490121423
12.281582900002832,364,7.34052038192749,3.6017404454469215e-06,-2.0408075215527788e-05,0.9999729969692229,7.34052038192749,0.0,0.0,1.0,3.6017404454469215e-06,-2.0408075215527788e-05,-2.7003030777073e-05,1.0,1.4774724833621216e-05,0.0001634406192284273
12.348343099991325,367,7.407190799713135,2.5549020392645616e-06,-1.4470270798483398e-05,0.9999734399072453,7.407190799713135,0.0,0.0,1.0,2.5549020392645616e-06,-1.4470270798483398e-05,-2.6560092754701614e-05,1.0,1.0470766194187094e-05,0.00016075961687473932
12.414927500009071,370,7.473857402801514,1.7543796957397717e-06,-1.2007812074443791e-05,0.9997908596392245,7.473857402801514,0.0,0.0,1.0,1.7543796957397717e-06,-1.2007812074443791e-05,-0.0002091403607754616,1.0,1.0416132373719074e-05,0.0012658582942494403
12.481686299986904,372,7.540523529052734,9.538573522149818e-07,-1.2007812074443791e-05,0.9999801944508069,7.540523529052734,0.0,0.0,1.0,9.538573522149818e-07,-1.2007812074443791e-05,-1.9805549193119276e-05,1.0,1.4184253091347967e-05,0.0001198762988040756
12.548241599986795,375,7.607189655303955,2.3213658550957916e-07,-9.643765224609524e-06,1.0,7.607189655303955,0.0,0.0,1.0,2.3213658550957916e-07,-9.643765224609524e-06,0.0,0.9999999999739067,1.3907042442936729e-05,-5.218673218793666e-10
12.61491780000506,377,7.673856258392334,-1.7591733580957225e-07,-4.9618743105384056e-06,0.9999100910657589,7.673856258392334,0.0,0.0,1.0,1.7591733580957225e-07,-4.9618743105384056e-06,-8.99089342411008e-05,1.0,8.548594811545048e-06,0.0005441893439121478
12.681583800003864,380,7.740522861480713,-3.5218610605625145e-07,-2.6440222882229136e-06,1.0,7.740522861480713,0.0,0.0,1.0,3.5218610605625145e-07,-2.6440222882229136e-06,0.0,0.9999999999970307,5.772197935420339e-06,-5.938612949848093e-11
12.74829749998753,383,7.807188987731934,-5.284546205075458e-07,-2.6440222882229136e-06,0.999948518133422,7.807188987731934,0.0,0.0,1.0,5.284546205075458e-07,-2.6440222882229136e-06,-5.1481866577995916e-05,1.0,6.381476746378556e-06,0.0003116028912024986
12.81504670000868,386,7.8738555908203125,-7.047231065371307e-07,-2.6440222882229136e-06,1.0,7.8738555908203125,0.0,0.0,1.0,7.047231065371307e-07,-2.6440222882229136e-06,0.0,0.9999999999962511,7.287698500649482e-06,-7.497806065390834e-11
12.881586900010007,388,7.940521717071533,-8.809916494101344e-07,-2.6440222882229136e-06,1.0,7.940521717071533,0.0,0.0,1.0,8.809916494101344e-07,-2.6440222882229136e-06,0.0,0.9999999999920357,8.194600146109505e-06,-8.430854085657406e-11
12.94825379998656,391,8.007187843322754,-1.0572601922831382e-06,-2.6440222882229136e-06,0.9999926994497541,8.007187843322754,0.0,0.0,1.0,1.0572601922831382e-06,-2.6440222882229136e-06,-7.300550245892268e-06,1.0,9.101637846274394e-06,4.419139589873174e-05
13.014911400008714,394,8.073854446411133,-1.2335285646258853e-06,-2.6440222882229136e-06,0.9999529180533087,8.073854446411133,0.0,0.0,1.0,1.2335285646258853e-06,-2.6440222882229136e-06,-4.7081946691340804e-05,1.0,1.0009365344280369e-05,0.00028497157488506774
13.081570400012424,397,8.140520095825195,-1.4097970506554702e-06,-2.6440222882229136e-06,0.9999832504424191,8.140520095825195,0.0,0.0,1.0,1.4097970506554702e-06,-2.6440222882229136e-06,-1.674955758090846e-05,1.0,1.0915676767162447e-05,0.00010138782057308051
13.148243600007845,400,8.207186698913574,-1.5860655366850551e-06,-2.6440222882229136e-06,0.9998064553818804,8.207186698913574,0.0,0.0,1.0,1.5860655366850551e-06,-2.6440222882229136e-06,-0.000193544618119601,1.0,1.18268655642573e-05,0.0011714623037928523
13.214919299993198,403,8.273853302001953,-1.6966290559139452e-06,-6.728741936967708e-07,1.0,8.273853302001953,0.0,0.0,1.0,1.6966290559139452e-06,-6.728741936967708e-07,0.0,0.9999999999988164,9.040850947871923e-06,-2.3671287258856043e-11
13.281585699995048,406,8.340518951416016,-1.6256112758128438e-06,1.0652643140929285e-06,0.9999720584355212,8.340518951416016,0.0,0.0,1.0,1.6256112758128438e-06,1.0652643140929285e-06,-2.794156447882834e-05,1.0,6.002898178123856e-06,0.00016912119843880065
13.34826540001086,409,8.407186508178711,-1.5545933820249047e-06,1.0652643140929285e-06,1.0,8.407186508178711,0.0,0.0,1.0,1.5545933820249047e-06,1.0652643140929285e-06,0.0,1.0,5.667940030351681e-06,2.3494235580440025e-11
13.414874500012957,412,8.47385311126709,-1.4835756019238033e-06,1.0652643140929285e-06,1.0,8.47385311126709,0.0,0.0,1.0,1.4835756019238033e-06,1.0652643140929285e-06,0.0,1.0,5.333317539173851e-06,2.2107188505788536e-11
13.481590899988078,415,8.540519714355469,-1.4125577081358642e-06,1.0652643140929285e-06,1.0,8.540519714355469,0.0,0.0,1.0,1.4125577081358642e-06,1.0652643140929285e-06,0.0,1.0,4.998694512323722e-06,2.072013921072132e-11
13.548261999996612,418,8.607186317443848,-1.3415400417216006e-06,1.0652643140929285e-06,0.9996082394483081,8.607186317443848,0.0,0.0,1.0,1.3415400417216006e-06,1.0652643140929285e-06,-0.0003917605516918776,1.0,4.6677254489302524e-06,0.0023711987789870625
13.614911799988477,422,8.67385196685791,-1.2705222616204992e-06,1.0652643140929285e-06,1.0,8.67385196685791,0.0,0.0,1.0,1.2705222616204992e-06,1.0652643140929285e-06,0.0,1.0,4.329450065633496e-06,1.794604728183405e-11
13.681589099986013,425,8.740518569946289,-1.1995045952062355e-06,1.0652643140929285e-06,1.0,8.740518569946289,0.0,0.0,1.0,1.1995045952062355e-06,1.0652643140929285e-06,0.0,1.0,3.994828110122445e-06,1.655900242759828e-11
13.748242000001483,428,8.807185173034668,-1.1284869287919719e-06,1.0652643140929285e-06,1.0,8.807185173034668,0.0,0.0,1.0,1.1284869287919719e-06,1.0652643140929285e-06,0.0,1.0,3.660206154610499e-06,1.517195757336251e-11
13.814928100007819,432,8.87385082244873,-1.0574691486908705e-06,1.0652643140929285e-06,1.0,8.87385082244873,0.0,0.0,1.0,1.0574691486908705e-06,1.0652643140929285e-06,0.0,1.0,3.3255836634266294e-06,1.3784910498711022e-11
13.88154659999418,435,8.940518379211426,-9.864513685897691e-07,1.0652643140929285e-06,1.0,8.940518379211426,0.0,0.0,1.0,9.864513685897691e-07,1.0652643140929285e-06,0.0,1.0,2.990961172242013e-06,1.2397863424059529e-11
13.948355600005016,439,9.007185935974121,-9.154333042715734e-07,1.0652643140929285e-06,0.9999656493991789,9.007185935974121,0.0,0.0,1.0,9.154333042715734e-07,1.0652643140929285e-06,-3.4350600821131394e-05,1.0,2.656519662515789e-06,0.00020791298982016752
14.014915100007784,443,9.073851585388184,-8.444155810138909e-07,1.0652643140929285e-06,0.9999984250416887,9.073851585388184,0.0,0.0,1.0,8.444155810138909e-07,1.0652643140929285e-06,-1.5749583113233712e-06,1.0,2.413189282279844e-06,9.530788759596175e-06
14.081546000001254,446,9.140518188476562,-7.733979145996273e-07,1.0652643140929285e-06,0.9999898307053715,9.140518188476562,0.0,0.0,1.0,7.733979145996273e-07,1.0652643140929285e-06,-1.0169294628492587e-05,1.0,1.9871335365441633e-06,6.15564760753763e-05
14.148256399988895,450,9.207195281982422,-7.023687658147537e-07,1.0652643140929285e-06,1.0,9.207195281982422,0.0,0.0,1.0,7.023687658147537e-07,1.0652643140929285e-06,0.0,1.0,-0.0005447238431221594,0.0021285917946160947
14.214906000008341,454,9.2738618850708,-3.657606384876999e-06,-8.972220530267805e-05,0.9993580079800837,9.2738618850708,0.0,0.0,1.0,3.657606384876999e-06,-8.972220530267805e-05,-0.0006419920199163265,1.0,-0.002510974812048753,0.01403302985417363
14.314936500013573,460,9.373862266540527,-4.1711235098773614e-05,-0.0006897955317981541,1.0,9.373862266540527,0.0,0.0,1.0,4.1711235098773614e-05,-0.0006897955317981541,0.0,0.9869942329966934,-0.005155357910087014,-0.2601153400661305
14.381623399996897,464,9.440095901489258,-0.00014301807095762342,-0.001956346444785595,0.9983045533278074,9.440095901489258,0.0,0.0,1.0,0.00014301807095762342,-0.001956346444785595,-0.0016954466721925687,0.9719942329966934,-0.006763979199012653,-0.3
14.448224599997047,468,9.50539493560791,-0.0003616471076384187,-0.003900161711499095,0.993612760089835,9.50539493560791,0.0,0.0,1.0,0.0003616471076384187,-0.003900161711499095,-0.006387239910164988,0.9569942329966934,0.022449479838410936,-0.3
14.514893299987307,472,9.569694519042969,-0.0005686597432941198,-0.0014152437215670943,0.9863087908102557,9.569694519042969,0.0,0.0,1.0,0.0005686597432941198,-0.0014152437215670943,-0.013691209189744313,0.9419942329966934,0.061228073691490394,-0.3
14.581594299990684,476,9.6329927444458,-0.00012973595585208386,0.011778628453612328,0.9770956199652043,9.6329927444458,0.0,0.0,1.0,0.00012973595585208386,0.011778628453612328,-0.02290438003479567,0.9269942329966934,0.15584642018288097,-0.3
14.648318599996855,480,9.695253372192383,0.001946430653333664,0.045469749718904495,0.9663954086369659,9.695253372192383,0.0,0.0,1.0,0.001946430653333664,0.045469749718904495,-0.033604591363034064,0.9119942329966934,0.2554710081177158,-0.3
14.714910899987444,484,9.75629997253418,0.007381995674222708,0.1083795502781868,0.9546100698643298,9.75629997253418,0.0,0.0,1.0,0.007381995674222708,0.1083795502781868,-0.045389930135670165,0.8969942329966933,0.3209892274798088,-0.3
14.781578099995386,488,9.815702438354492,0.017640495672822,0.19519935548305511,0.9419658388478157,9.815702438354492,0.0,0.0,1.0,0.017640495672822,0.19519935548305511,-0.058034161152184294,0.8819942329966933,0.3467106250069792,-0.3
14.848339799995301,492,9.872859954833984,0.033364199101924896,0.2941538691520691,0.9287376343035432,9.872859954833984,0.0,0.0,1.0,0.033364199101924896,0.2941538691520691,-0.07126236569645683,0.8669942329966933,0.3563580129917711,-0.3
14.914947399985977,495,9.9271821975708,0.05447439104318619,0.3966125547885895,0.9150903692066845,9.9271821975708,0.0,0.0,1.0,0.05447439104318619,0.3966125547885895,-0.08490963079331548,0.8519942329966933,0.34749517399732893,-0.3
14.981631800008472,499,9.97818660736084,0.08054760098457336,0.4974501132965088,0.9009638382579369,9.97818660736084,0.0,0.0,1.0,0.08054760098457336,0.4974501132965088,-0.09903616174206309,0.8369942329966933,0.3090575762955058,-0.3
15.048374600009993,502,10.025630950927734,0.11083447188138962,0.5899084806442261,0.8867289989533794,10.025630950927734,0.0,0.0,1.0,0.11083447188138962,0.5899084806442261,-0.11327100104662058,0.8219942329966933,0.2412980098900443,-0.29999999999999993
15.114928800001508,505,10.06966781616211,0.1442701667547226,0.6660785675048828,0.8720670331065794,10.06966781616211,0.0,0.0,1.0,0.1442701667547226,0.6660785675048828,-0.1279329668934206,0.8069942329966933,0.13872997960149114,-0.29999999999999993
15.181611900014104,507,10.110905647277832,0.17959970235824585,0.7178018689155579,0.8579085264760827,10.110905647277832,0.0,0.0,1.0,0.17959970235824585,0.7178018689155579,-0.14209147352391727,0.7919942329966932,0.04590627266041602,-0.3
15.248297399986768,510,10.150284767150879,0.21551772952079773,0.7425209879875183,0.8434634160040572,10.150284767150879,0.0,0.0,1.0,0.21551772952079773,0.7425209879875183,-0.15653658399594284,0.7769942329966932,0.016838920798899124,-0.3
15.314932999986922,513,10.18856430053711,0.2511542737483978,0.7507612109184265,0.8287110210413439,10.18856430053711,0.0,0.0,1.0,0.2511542737483978,0.7507612109184265,-0.17128897895865614,0.7619942329966932,0.09108326852294389,-0.3
15.381571700010682,515,10.225794792175293,0.28644564747810364,0.7645086646080017,0.8137130121312273,10.225794792175293,0.0,0.0,1.0,0.28644564747810364,0.7645086646080017,-0.18628698786877274,0.7469942329966932,0.20369232585398658,-0.29999999999999993
15.448249300010502,517,10.26124382019043,0.3221249282360077,0.8014360070228577,0.7989775239174969,10.26124382019043,0.0,0.0,1.0,0.3221249282360077,0.8014360070228577,-0.20102247608250312,0.7319942329966932,-0.15427881507976243,-0.3
15.514945800008718,520,10.294965744018555,0.3580837845802307,0.807973325252533,0.784116945059621,10.294965744018555,0.0,0.0,1.0,0.3580837845802307,0.807973325252533,-0.21588305494037896,0.7169942329966932,-0.28788126404865566,-0.29999999999999993
15.581594599992968,522,10.329564094543457,0.3917756676673889,0.7547500133514404,0.7691205879560518,10.329564094543457,0.0,0.0,1.0,0.3917756676673889,0.7547500133514404,-0.23087941204394824,0.7019942329966932,0.09815307705703058,-0.3
15.681633100000909,526,10.383955955505371,0.4377080202102661,0.6974299550056458,0.7548258047295866,10.383955955505371,0.0,0.0,1.0,0.4377080202102661,0.6974299550056458,-0.2451741952704134,0.6869942329966932,0.5236,-0.29999999999999993
15.748261600005208,528,10.41817569732666,0.4688642919063568,0.7688648700714111,0.7395327027122851,10.41817569732666,0.0,0.0,1.0,0.4688642919063568,0.7688648700714111,-0.2604672972877149,0.6719942329966931,0.5236,-0.3
15.814904600003501,530,10.447796821594238,0.5031177997589111,0.8874694108963013,0.7244064555840726,10.447796821594238,0.0,0.0,1.0,0.5031177997589111,0.8874694108963013,-0.2755935444159274,0.6569942329966931,0.04861641728519311,-0.3
15.881623699999182,532,10.473610877990723,0.5391193628311157,0.9514349699020386,0.7093758367164786,10.473610877990723,0.0,0.0,1.0,0.5391193628311157,0.9514349699020386,-0.29062416328352136,0.6419942329966931,-0.5236,-0.3
15.948335099994438,533,10.499518394470215,0.5737915635108948,0.9007341265678406,0.6943408526756015,10.499518394470215,0.0,0.0,1.0,0.5737915635108948,0.9007341265678406,-0.3056591473243985,0.6269942329966931,-0.5236,-0.3
16.04827820000355,536,10.544328689575195,0.6189746856689453,0.7339696288108826,0.6795827685284317,10.544328689575195,0.0,0.0,1.0,0.6189746856689453,0.7339696288108826,-0.3204172314715683,0.6119942329966931,-0.4696140132954698,-0.3
16.14837810001336,540,10.594644546508789,0.6554470062255859,0.5766375660896301,0.6648545706182336,10.594644546508789,0.0,0.0,1.0,0.6554470062255859,0.5766375660896301,-0.3351454293817664,0.5969942329966931,0.5236,-0.3
16.214972999994643,542,10.628896713256836,0.6766570806503296,0.5808357000350952,0.6496860860583054,10.628896713256836,0.0,0.0,1.0,0.6766570806503296,0.5808357000350952,-0.35031391394169464,0.5819942329966931,0.5236,-0.3
16.28160449999268,544,10.659979820251465,0.7006826400756836,0.6837209463119507,0.6345565648239964,10.659979820251465,0.0,0.0,1.0,0.7006826400756836,0.6837209463119507,-0.36544343517600364,0.566994232996693,0.5236,-0.3
16.348384200013243,546,10.687766075134277,0.7270353436470032,0.7840078473091125,0.6191374367348438,10.687766075134277,0.0,0.0,1.0,0.7270353436470032,0.7840078473091125,-0.3808625632651562,0.551994232996693,0.5236,-0.3
16.41494220000459,547,10.712172508239746,0.7552275061607361,0.8816589713096619,0.604440245645675,10.712172508239746,0.0,0.0,1.0,0.7552275061607361,0.8816589713096619,-0.395559754354325,0.566994232996693,0.5236,0.3
16.48164209999959,549,10.733713150024414,0.7856642603874207,0.9793084859848022,0.5931027855034351,10.733713150024414,0.0,0.0,1.0,0.7856642603874207,0.9793084859848022,-0.4068972144965649,0.551994232996693,0.4216110707271064,-0.3
16.581608900014544,551,10.760464668273926,0.8350467681884766,1.1170562505722046,0.5851040661592091,10.760464668273926,0.0,0.0,1.0,0.8350467681884766,1.1170562505722046,-0.41489593384079093,0.536994232996693,-0.5236,-0.3
16.681686800002353,552,10.781991004943848,0.8853205442428589,1.147770643234253,0.5755203413428399,10.781991004943848,0.0,0.0,1.0,0.8853205442428589,1.147770643234253,-0.4244796586571601,0.521994232996693,-0.5236,-0.3
16.748339200014016,553,10.79867172241211,0.9164195656776428,1.0553557872772217,0.5639603963234161,10.79867172241211,0.0,0.0,1.0,0.9164195656776428,1.0553557872772217,-0.4360396036765839,0.506994232996693,-0.5236,-0.3
16.81494829998701,554,10.817544937133789,0.9450503587722778,0.9655581116676331,0.5514005688165937,10.817544937133789,0.0,0.0,1.0,0.9450503587722778,0.9655581116676331,-0.4485994311834063,0.491994232996693,-0.5236,-0.3
16.881604700000025,556,10.838235855102539,0.9711323976516724,0.878380537033081,0.5385590772531468,10.838235855102539,0.0,0.0,1.0,0.9711323976516724,0.878380537033081,-0.4614409227468532,0.47699423299669297,-0.5235999999999998,-0.3
16.948313200002303,557,10.86038589477539,0.9946316480636597,0.7938205599784851,0.5249373137273863,10.86038589477539,0.0,0.0,1.0,0.9946316480636597,0.7938205599784851,-0.4750626862726137,0.46199423299669296,-0.5236,-0.3
17.01493949998985,559,10.883655548095703,1.0155551433563232,0.7118778824806213,0.5109966237685335,10.883655548095703,0.0,0.0,1.0,1.0155551433563232,0.7118778824806213,-0.4890033762314665,0.44699423299669294,-0.5236,-0.2999999999999999
17.08162949999678,560,10.90772819519043,1.033945918083191,0.6325528025627136,0.49688930193196124,10.90772819519043,0.0,0.0,1.0,1.033945918083191,0.6325528025627136,-0.5031106980680388,0.43199423299669293,-0.5236,-0.29999999999999993
17.148290599987376,562,10.932310104370117,1.049877643585205,0.5558473467826843,0.48250828302089643,10.932310104370117,0.0,0.0,1.0,1.049877643585205,0.5558473467826843,-0.5174917169791036,0.4169942329966929,-0.5236,-0.3
17.21503200000734,564,10.957138061523438,1.0634498596191406,0.48175814747810364,0.46790651070102246,10.957138061523438,0.0,0.0,1.0,1.0634498596191406,0.48175814747810364,-0.5320934892989775,0.4019942329966929,-0.5236,-0.3
17.281612199993106,565,10.981974601745605,1.0747843980789185,0.4102734923362732,0.4532795785504835,10.981974601745605,0.0,0.0,1.0,1.0747843980789185,0.4102734923362732,-0.5467204214495165,0.3869942329966929,-0.5236,-0.3
17.34833060001256,567,11.006598472595215,1.0840140581130981,0.3414204716682434,0.4385373476842122,11.006598472595215,0.0,0.0,1.0,1.0840140581130981,0.3414204716682434,-0.5614626523157877,0.3719942329966929,-0.5236,-0.3
17.414984200004255,569,11.030826568603516,1.091289758682251,0.2751868665218353,0.42378135127234956,11.030826568603516,0.0,0.0,1.0,1.091289758682251,0.2751868665218353,-0.5762186487276504,0.35699423299669286,-0.5236,-0.3
17.48172350000823,570,11.054496765136719,1.0967689752578735,0.2115708887577057,0.4089066440997585,11.054496765136719,0.0,0.0,1.0,1.0967689752578735,0.2115708887577057,-0.5910933559002415,0.3719942329966929,-0.5235999999999998,0.29999999999999993
17.548340500012273,572,11.07846736907959,1.1007322072982788,0.14795419573783875,0.3978099714418546,11.07846736907959,0.0,0.0,1.0,1.1007322072982788,0.14795419573783875,-0.6021900285581454,0.3869942329966929,-0.5236,0.3
17.61496760000591,574,11.103641510009766,1.103214144706726,0.08171966671943665,0.3932030247173053,11.103641510009766,0.0,0.0,1.0,1.103214144706726,0.08171966671943665,-0.6067969752826947,0.4019942329966929,-0.5236,0.29999999999999993
17.68162940000184,575,11.129923820495605,1.1040048599243164,0.012866794131696224,0.3934737252133216,11.129923820495605,0.0,0.0,1.0,1.1040048599243164,0.012866794131696224,-0.6065262747866784,0.4169942329966929,-0.5236,0.29999999999999993
17.748308999987785,577,11.157196044921875,1.1028931140899658,-0.05860375240445137,0.39733842578222345,11.157196044921875,0.0,0.0,1.0,1.1028931140899658,-0.05860375240445137,-0.6026615742177766,0.43199423299669293,-0.5236,0.3
17.814927800005535,579,11.185306549072266,1.0996695756912231,-0.13269281387329102,0.40419115238301173,11.185306549072266,0.0,0.0,1.0,1.0996695756912231,-0.13269281387329102,-0.5958088476169883,0.44699423299669294,-0.5236,0.29999999999999993
17.881628500006627,581,11.214072227478027,1.0941303968429565,-0.2094002068042755,0.413032373027304,11.214072227478027,0.0,0.0,1.0,1.0941303968429565,-0.2094002068042755,-0.586967626972696,0.46199423299669296,-0.5235999999999998,0.3
17.948341799987247,583,11.24327564239502,1.0860824584960938,-0.28872519731521606,0.42330455869474637,11.24327564239502,0.0,0.0,1.0,1.0860824584960938,-0.28872519731521606,-0.5766954413052536,0.47699423299669297,-0.5236,0.3
18.014974099991377,585,11.27267074584961,1.0753467082977295,-0.37066733837127686,0.4348220117104197,11.27267074584961,0.0,0.0,1.0,1.0753467082977295,-0.37066733837127686,-0.5651779882895803,0.491994232996693,-0.5236,0.3
18.081681699986802,587,11.301972389221191,1.0617618560791016,-0.4552435874938965,0.4471932414145431,11.301972389221191,0.0,0.0,1.0,1.0617618560791016,-0.4552435874938965,-0.5528067585854569,0.506994232996693,-0.5235999999999998,0.29999999999999993
18.148362700012513,589,11.330853462219238,1.0452016592025757,-0.5424227118492126,0.46018415015992614,11.330853462219238,0.0,0.0,1.0,1.0452016592025757,-0.5424227118492126,-0.5398158498400738,0.521994232996693,-0.5235999999999998,0.29999999999999993
18.21498029999202,591,11.358963012695312,1.0255639553070068,-0.6322190761566162,0.4736652523383326,11.358963012695312,0.0,0.0,1.0,1.0255639553070068,-0.6322190761566162,-0.5263347476616673,0.536994232996693,-0.5235999999999998,0.3
18.281643299997086,592,11.385918617248535,1.0027881860733032,-0.7246337532997131,0.487427043245367,11.385918617248535,0.0,0.0,1.0,1.0027881860733032,-0.7246337532997131,-0.512572956754633,0.551994232996693,-0.5235999999999998,0.3
18.34835670000757,594,11.411308288574219,0.9768593907356262,-0.8196651339530945,0.5016318185493586,11.411308288574219,0.0,0.0,1.0,0.9768593907356262,-0.8196651339530945,-0.49836818145064143,0.566994232996693,-0.5236,0.3
18.414991099998588,596,11.434693336486816,0.9478155374526978,-0.917316734790802,0.5161655311095498,11.434693336486816,0.0,0.0,1.0,0.9478155374526978,-0.917316734790802,-0.48383446889045023,0.5819942329966931,-0.5236,0.3
18.48165020000306,597,11.455619812011719,0.9157533645629883,-1.0175844430923462,0.5306456766320506,11.455619812011719,0.0,0.0,1.0,0.9157533645629883,-1.0175844430923462,-0.46935432336794936,0.5969942329966931,-0.5235999999999998,0.3
18.54830649998621,598,11.473624229431152,0.8808349967002869,-1.120471715927124,0.5452979610655987,11.473624229431152,0.0,0.0,1.0,0.8808349967002869,-1.120471715927124,-0.4547020389344013,0.6119942329966931,0.08965875552881432,0.3
18.614996199990856,599,11.489423751831055,0.8437618613243103,-1.1634249687194824,0.5599515115848923,11.489423751831055,0.0,0.0,1.0,0.8437618613243103,-1.1634249687194824,-0.4400484884151077,0.6269942329966931,0.5236,0.3
18.68171249999432,601,11.50716495513916,0.8064841032028198,-1.099564790725708,0.5748357090904337,11.50716495513916,0.0,0.0,1.0,0.8064841032028198,-1.099564790725708,-0.4251642909095663,0.6419942329966931,0.15506633511767254,0.3
18.74832690000767,602,11.528705596923828,0.7700819969177246,-1.028255820274353,0.5896286438572013,11.528705596923828,0.0,0.0,1.0,0.7700819969177246,-1.028255820274353,-0.41037135614279874,0.6569942329966931,-0.5236,0.3
18.815047300013248,603,11.550590515136719,0.7327409982681274,-1.0689976215362549,0.6043520137728101,11.550590515136719,0.0,0.0,1.0,0.7327409982681274,-1.0689976215362549,-0.3956479862271899,0.6719942329966931,0.06340875574035897,0.3
18.881745399994543,605,11.569781303405762,0.692814290523529,-1.1192305088043213,0.6195716376675044,11.569781303405762,0.0,0.0,1.0,0.692814290523529,-1.1192305088043213,-0.38042836233249555,0.6869942329966932,0.5236,0.3
18.948327699996298,606,11.59105110168457,0.6528409719467163,-1.0521767139434814,0.6344674913273332,11.59105110168457,0.0,0.0,1.0,0.6528409719467163,-1.0521767139434814,-0.36553250867266684,0.7019942329966932,0.33023594678595897,0.3
19.015011599985883,608,11.617115020751953,0.6145856976509094,-0.9535868763923645,0.6493879412042891,11.617115020751953,0.0,0.0,1.0,0.6145856976509094,-0.9535868763923645,-0.3506120587957109,0.7169942329966932,-0.5236,0.3
19.081660299998475,610,11.644746780395508,0.5762248635292053,-0.9775190353393555,0.6642455008681661,11.644746780395508,0.0,0.0,1.0,0.5762248635292053,-0.9775190353393555,-0.33575449913183386,0.7319942329966932,-0.14484446792381075,0.3
19.148411900008796,611,11.66882038116455,0.5343537926673889,-1.0577597618103027,0.679280738042326,11.66882038116455,0.0,0.0,1.0,0.5343537926673889,-1.0577597618103027,-0.320719261957674,0.7469942329966932,0.5236,0.2999999999999999
19.2149919999938,613,11.693657875061035,0.49179771542549133,-1.0102418661117554,0.6941488434889147,11.693657875061035,0.0,0.0,1.0,0.49179771542549133,-1.0102418661117554,-0.3058511565110853,0.7619942329966932,0.5236,0.3
19.281637800013414,615,11.724453926086426,0.45206236839294434,-0.8785580396652222,0.7090415303418176,11.724453926086426,0.0,0.0,1.0,0.45206236839294434,-0.8785580396652222,-0.2909584696581824,0.7769942329966932,-0.18458565743551222,0.29999999999999993
19.348400099988794,618,11.759294509887695,0.41441330313682556,-0.835963785648346,0.7240707183053994,11.759294509887695,0.0,0.0,1.0,0.41441330313682556,-0.835963785648346,-0.2759292816946006,0.7919942329966932,-0.21281225004660417,0.3
19.41498309999588,620,11.792852401733398,0.374306857585907,-0.8879594206809998,0.7391766873665587,11.792852401733398,0.0,0.0,1.0,0.374306857585907,-0.8879594206809998,-0.2608233126334413,0.8069942329966933,0.3081032941880784,0.3
19.48168870000518,622,11.826180458068848,0.3327263295650482,-0.8746113181114197,0.7541749992384242,11.826180458068848,0.0,0.0,1.0,0.3327263295650482,-0.8746113181114197,-0.24582500076157576,0.8219942329966933,0.4667782704604196,0.3
19.548384299996542,625,11.863956451416016,0.29375988245010376,-0.7692220211029053,0.7688780813848359,11.863956451416016,0.0,0.0,1.0,0.29375988245010376,-0.7692220211029053,-0.23112191861516407,0.8369942329966933,0.15814283738189017,0.3
19.61500019999221,628,11.90645694732666,0.25838524103164673,-0.6832123398780823,0.7842043875753958,11.90645694732666,0.0,0.0,1.0,0.25838524103164673,-0.6832123398780823,-0.2157956124246042,0.8519942329966933,0.06128981358342416,0.3
19.68165849999059,631,11.951045989990234,0.22401142120361328,-0.6524478793144226,0.7992165552767116,11.951045989990234,0.0,0.0,1.0,0.22401142120361328,-0.6524478793144226,-0.20078344472328835,0.8669942329966933,0.1638916621223956,0.3
19.74832859999151,634,11.997282028198242,0.19017261266708374,-0.6200625896453857,0.8142757143380226,11.997282028198242,0.0,0.0,1.0,0.19017261266708374,-0.6200625896453857,-0.1857242856619774,0.8819942329966933,0.25739812974075776,0.3
19.81499059998896,637,12.046125411987305,0.15836045145988464,-0.5585439205169678,0.8291360365422732,12.046125411987305,0.0,0.0,1.0,0.15836045145988464,-0.5585439205169678,-0.1708639634577268,0.8969942329966933,0.2716478756297895,0.29999999999999993
19.881755799986422,641,12.098148345947266,0.12992453575134277,-0.48009446263313293,0.844265088979238,12.098148345947266,0.0,0.0,1.0,0.12992453575134277,-0.48009446263313293,-0.15573491102076198,0.9119942329966934,0.24125824549361075,0.29999999999999993
19.94831000000704,645,12.153172492980957,0.10528601706027985,-0.402811199426651,0.8593442311645011,12.153172492980957,0.0,0.0,1.0,0.10528601706027985,-0.402811199426651,-0.1406557688354989,0.9269942329966934,0.20471823894306312,0.3
20.01496900001075,649,12.21074390411377,0.08425773680210114,-0.3345114588737488,0.8741949758455454,12.21074390411377,0.0,0.0,1.0,0.08425773680210114,-0.3345114588737488,-0.1258050241544546,0.9419942329966934,0.17565735638076646,0.3
20.08165320000262,653,12.270455360412598,0.06650538742542267,-0.2753051817417145,0.8891900894668849,12.270455360412598,0.0,0.0,1.0,0.06650538742542267,-0.2753051817417145,-0.11080991053311506,0.9569942329966934,0.1521727452024829,0.3
20.148391399998218,657,12.33200454711914,0.051737040281295776,-0.22345633804798126,0.9042711848343246,12.33200454711914,0.0,0.0,1.0,0.051737040281295776,-0.22345633804798126,-0.09572881516567544,0.9719942329966934,0.1300683238385756,0.3
20.214982800011057,661,12.395160675048828,0.039684560149908066,-0.17811426520347595,0.9193234711268052,12.395160675048828,0.0,0.0,1.0,0.039684560149908066,-0.17811426520347595,-0.08067652887319476,0.9869942329966934,0.10790069646109303,0.29999999999999993
20.281652900011977,666,12.45974349975586,0.03004932776093483,-0.13929392397403717,0.9344409118145518,12.45974349975586,0.0,0.0,1.0,0.03004932776093483,-0.13929392397403717,-0.0655590881854482,1.0,0.08652904840388206,0.3
20.348297099990305,671,12.525543212890625,0.022496432065963745,-0.10712288320064545,0.9491989453736259,12.525543212890625,0.0,0.0,1.0,0.022496432065963745,-0.10712288320064545,-0.050801054626374076,1.0,0.06750434213363019,0.29999999999999993
20.414955999993253,675,12.591955184936523,0.016698775812983513,-0.08145061135292053,0.9618092344551603,12.591955184936523,0.0,0.0,1.0,0.016698775812983513,-0.08145061135292053,-0.03819076554483969,1.0,0.05198275151007965,0.2359995291317161
20.48164220000035,680,12.658475875854492,0.012310783378779888,-0.06153608113527298,0.9712682054281432,12.658475875854492,0.0,0.0,1.0,0.012310783378779888,-0.06153608113527298,-0.028731794571856817,1.0,0.04000577740759934,0.17632859014295665
20.54840040000272,685,12.725062370300293,0.009009582921862602,-0.04620463401079178,0.9785475902112385,12.725062370300293,0.0,0.0,1.0,0.009009582921862602,-0.04620463401079178,-0.021452409788761506,1.0,0.03073322225989118,0.13101436520010964
20.61498610000126,690,12.791683197021484,0.006545088719576597,-0.03441477566957474,0.9838607403619128,12.791683197021484,0.0,0.0,1.0,0.006545088719576597,-0.03441477566957474,-0.016139259638087156,1.0,0.023446259033244193,0.09823066937244217
20.681692499987548,695,12.858325004577637,0.00472273537889123,-0.025384852662682533,0.98785765686432,12.858325004577637,0.0,0.0,1.0,0.00472273537889123,-0.025384852662682533,-0.012142343135679967,1.0,0.017660343787504258,0.07374140215082833
20.748355599993374,700,12.92497730255127,0.003389127552509308,-0.0185337346047163,0.991064986311943,12.92497730255127,0.0,0.0,1.0,0.003389127552509308,-0.0185337346047163,-0.008935013688057047,1.0,0.01309324873073999,0.05419278306545669
20.81496530000004,705,12.991636276245117,0.0024225446395576,-0.013408122584223747,0.9931590970225441,12.991636276245117,0.0,0.0,1.0,0.0024225446395576,-0.013408122584223747,-0.006840902977455876,1.0,0.009572187025822621,0.04145720916577805
20.88168449999648,710,13.058300018310547,0.0017273395787924528,-0.009630528278648853,0.9946855064191495,13.058300018310547,0.0,0.0,1.0,0.0017273395787924528,-0.009630528278648853,-0.0053144935808504545,1.0,0.006914599213793617,0.03219120495943743
20.94839380000485,715,13.12496566772461,0.0012300799135118723,-0.006882721092551947,0.9962302871582194,13.12496566772461,0.0,0.0,1.0,0.0012300799135118723,-0.006882721092551947,-0.003769712841780626,1.0,0.004947335707663378,0.02282870212219683
21.014959899999667,720,13.191630363464355,0.0008755471208132803,-0.0049057272262871265,0.9972418585313818,13.191630363464355,0.0,0.0,1.0,0.0008755471208132803,-0.0049057272262871265,-0.0027581414686181915,1.0,0.003524821171563884,0.01670004746501494
21.081695700006094,726,13.25829792022705,0.0006230511935427785,-0.0034936927258968353,0.9978782763887748,13.25829792022705,0.0,0.0,1.0,0.0006230511935427785,-0.0034936927258968353,-0.0021217236112252014,1.0,0.0025093481859268583,0.012845070751534356
21.148463199991966,731,13.324965476989746,0.0004432437417563051,-0.0024879963602870703,0.9984687123298767,13.324965476989746,0.0,0.0,1.0,0.0004432437417563051,-0.0024879963602870703,-0.001531287670123338,1.0,0.001787047701955152,0.009269870039789432
21.214957799995318,736,13.391633033752441,0.0003151869459543377,-0.0017719282768666744,0.9987779783553172,13.391633033752441,0.0,0.0,1.0,0.0003151869459543377,-0.0017719282768666744,-0.0012220216446827692,1.0,0.0012742327661620576,0.007397235843154966
21.28165779999108,742,13.458300590515137,0.00022399346926249564,-0.0012617133324965835,0.9991510713383565,13.458300590515137,0.0,0.0,1.0,0.00022399346926249564,-0.0012617133324965835,-0.0008489286616435443,1.0,0.000908713946468415,0.005138652013224099
21.34833609999623,747,13.524968147277832,0.00015908565546851605,-0.0008978871628642082,0.9993433860249552,13.524968147277832,0.0,0.0,1.0,0.00015908565546851605,-0.0008978871628642082,-0.0006566139750447952,1.0,0.0006479267366399671,0.003974449151261105
21.415057400008664,753,13.591635704040527,0.00011292274575680494,-0.0006384458392858505,0.9993021087196745,13.591635704040527,0.0,0.0,1.0,0.00011292274575680494,-0.0006384458392858505,-0.0006978912803254911,1.0,0.0004616718642446897,0.004224196386609461
21.481663999991724,759,13.658303260803223,8.012368198251352e-05,-0.0004535123298410326,0.9992254553784764,13.658303260803223,0.0,0.0,1.0,8.012368198251352e-05,-0.0004535123298410326,-0.0007745446215235985,1.0,0.0003284163149493424,0.00468810957899203
21.581974500004435,768,13.758304595947266,4.942115629091859e-05,-0.0002448850136715919,0.9996691872592796,13.758304595947266,0.0,0.0,1.0,4.942115629091859e-05,-0.0002448850136715919,-0.0003308127407204431,1.0,0.00014815203206661428,0.0020023419552906807
21.64833689999068,774,13.824971199035645,3.756760634132661e-05,-0.00016545661492273211,0.9997042900401122,13.824971199035645,0.0,0.0,1.0,3.756760634132661e-05,-0.00016545661492273211,-0.00029570995988781323,1.0,8.040286997268525e-05,0.0017898669875613005
21.71508460000041,780,13.89163875579834,2.8629967346205376e-05,-0.00012736402277369052,0.9994365298176558,13.89163875579834,0.0,0.0,1.0,2.8629967346205376e-05,-0.00012736402277369052,-0.0005634701823441501,1.0,6.328625434455783e-05,0.003410518870951947
21.781679600011557,787,13.958306312561035,2.1383975763455965e-05,-0.0001034157830872573,0.9998351236312193,13.958306312561035,0.0,0.0,1.0,2.1383975763455965e-05,-0.0001034157830872573,-0.00016487636878070866,1.0,6.012522489223484e-05,0.000997951027041796
21.848382900003344,793,14.02497386932373,1.5526784409303218e-05,-8.284712384920567e-05,0.999865682130226,14.02497386932373,0.0,0.0,1.0,1.5526784409303218e-05,-8.284712384920567e-05,-0.0001343178697740255,1.0,5.5723920538971244e-05,0.000812985039678296
21.915022700006375,800,14.091641426086426,1.0981270861520898e-05,-6.353888602461666e-05,1.0,14.091641426086426,0.0,0.0,1.0,1.0981270861520898e-05,-6.353888602461666e-05,0.0,0.9999999994178405,4.709271269983657e-05,-1.1643190396791787e-08
21.981638800003566,807,14.158308982849121,7.626118076586863e-06,-4.640271799871698e-05,1.0,14.158308982849121,0.0,0.0,1.0,7.626118076586863e-06,-4.640271799871698e-05,0.0,0.999999999090608,3.624634478236416e-05,-6.544648576409833e-09
22.048344500013627,815,14.224976539611816,5.2572186177712865e-06,-3.251282760174945e-05,1.0,14.224976539611816,0.0,0.0,1.0,5.2572186177712865e-06,-3.251282760174945e-05,0.0,0.999999998927391,2.580250362495533e-05,-3.2643392221029956e-09
22.115060699987225,822,14.291644096374512,3.6357789667817997e-06,-2.2171330783749e-05,1.0,14.291644096374512,0.0,0.0,1.0,3.6357789667817997e-06,-2.2171330783749e-05,0.0,1.0,1.7372670699525746e-05,0.0028767329151091914
22.18164560000878,830,14.358311653137207,2.5408983219676884e-06,-1.4975450540077873e-05,0.9997823017133793,14.358311653137207,0.0,0.0,1.0,2.5408983219676884e-06,-1.4975450540077873e-05,-0.00021769828662066004,0.9996332342101903,1.1294433745217839e-05,-0.007335315796192723
22.2483174999943,839,14.424966812133789,1.7984119722314063e-06,-1.0198281415796373e-05,0.9999540227894139,14.424966812133789,0.0,0.0,1.0,1.7984119722314063e-06,-1.0198281415796373e-05,-4.5977210586078954e-05,0.9846332342101903,7.211590524687242e-06,-0.3
22.315004700009013,848,14.491108894348145,1.2483351383707486e-06,-8.31656052469043e-06,0.9981057700710848,14.491108894348145,0.0,0.0,1.0,1.2483351383707486e-06,-8.31656052469043e-06,-0.001894229928915192,0.9696332342101903,6.650865319931099e-06,-0.3
22.381669099995634,857,14.556252479553223,7.065748377499403e-07,-8.31656052469043e-06,0.9929193278792161,14.556252479553223,0.0,0.0,1.0,7.065748377499403e-07,-8.31656052469043e-06,-0.007080672120783893,0.9546332342101903,8.794586693543117e-06,-0.3
22.448502399987774,867,14.620394706726074,1.7313114142325503e-07,-8.31656052469043e-06,0.9851188621489217,14.620394706726074,0.0,0.0,1.0,1.7313114142325503e-07,-8.31656052469043e-06,-0.014881137851078252,0.9396332342101903,1.070933050256439e-05,-0.3
22.515040400001453,878,14.683537483215332,-3.5199681747144496e-07,-8.31656052469043e-06,0.9756905215340054,14.683537483215332,0.0,0.0,1.0,3.5199681747144496e-07,-8.31656052469043e-06,-0.024309478465994627,0.9246332342101903,1.2382783205358841e-05,-0.3
22.581651399988914,889,14.74567985534668,-8.099925707938382e-07,-6.408301487681456e-06,0.9646643776790984,14.74567985534668,0.0,0.0,1.0,8.099925707938382e-07,-6.408301487681456e-06,-0.035335622320901594,0.9096332342101903,1.1343703160684431e-05,-0.3
22.648319900006754,902,14.806821823120117,-1.0851356364582898e-06,-4.50004199592513e-06,0.9529571162826457,14.806821823120117,0.0,0.0,1.0,1.0851356364582898e-06,-4.50004199592513e-06,-0.04704288371735432,0.8946332342101903,1.5516524607767856e-05,-0.3
22.71503190000658,918,14.866965293884277,-1.2867843679487123e-06,-2.186431174777681e-06,0.9401772799420496,14.866965293884277,0.0,0.0,1.0,1.2867843679487123e-06,-2.186431174777681e-06,-0.05982272005795042,0.8796332342101902,1.1916045747412229e-05,-0.3
22.781695000012405,937,14.926108360290527,-1.2867843679487123e-06,-0.0,0.9268149359904734,14.926108360290527,0.0,0.0,1.0,1.2867843679487123e-06,0.0,-0.07318506400952662,0.8646332342961882,7.057266949210107e-06,-0.2999999982800411
22.848331799992593,970,14.98425006866455,-1.2867843679487123e-06,-0.0,0.9132589901615814,14.98425006866455,0.0,0.0,1.0,1.2867843679487123e-06,0.0,-0.08674100983841859,0.8496332342961882,7.2680779794205576e-06,-0.3
