time,reference_index,v1,v2,delta_command,acceleration_command,solver_status,solver_success,solve_time
4.00003045797348e-07,0,0.3,-2.3541722768960706e-07,-6.056108174911257e-05,0.3,MIQP_OPTIMAL,1,0.013123699987772852
0.05017850000876933,5,0.3,-2.3541722768960703e-07,-6.034871578342335e-05,0.3,MIQP_OPTIMAL,1,0.011439699999755248
0.11473110000952147,10,0.3,-2.3541722768960703e-07,-5.770937607808803e-05,0.3,MIQP_OPTIMAL,1,0.011369300016667694
0.1813984999898821,14,0.3,-2.3541722768960703e-07,-4.985684445670586e-05,0.3,MIQP_OPTIMAL,1,0.010506999999051914
0.2482632999890484,19,0.3,-2.3541722768960703e-07,-3.831107953072936e-05,0.3,MIQP_OPTIMAL,1,0.011389799998141825
0.31475369998952374,22,0.3,-2.3541722768960703e-07,-2.7253220916964096e-05,0.3,MIQP_OPTIMAL,1,0.01034609999624081
0.3814143000054173,26,0.3,-2.3541722768960703e-07,-1.895591862916507e-05,0.3,MIQP_OPTIMAL,1,0.01029569999082014
0.44808040000498295,30,0.3,-2.3541722768960703e-07,-1.3336636325680064e-05,0.3,MIQP_OPTIMAL,1,0.009824100008700043
0.5147600999916904,33,0.3,-2.3541722768960703e-07,-9.625933417873346e-06,0.3,MIQP_OPTIMAL,1,0.010210800013737753
0.5815306000004057,37,0.3,-2.3541722768960703e-07,-7.1481780940760584e-06,0.3,MIQP_OPTIMAL,1,0.010202600009506568
0.6480938000022434,40,0.3,-2.3541722768960703e-07,-5.459852917626544e-06,0.3,MIQP_OPTIMAL,1,0.010235099995043129
0.7149367000092752,43,0.3,-2.3541722768960703e-07,-4.276888122047481e-06,0.3,MIQP_OPTIMAL,1,0.011307300010230392
0.7814125999866519,46,0.3,-2.3541722768960703e-07,-3.427759859847142e-06,0.3,MIQP_OPTIMAL,1,0.010864300013054162
0.8480898000125308,49,0.3,-2.3541722768960703e-07,-2.7969552182556096e-06,0.3,MIQP_OPTIMAL,1,0.012417699996149167
0.914872599998489,52,0.3,-2.3541722768960703e-07,-2.318426219608766e-06,0.3,MIQP_OPTIMAL,1,0.011399100010748953
0.9815318000037223,55,0.3,-2.3541722768960703e-07,-1.9529176076672015e-06,0.3,MIQP_OPTIMAL,1,0.011400699993828312
1.0482306999911088,58,0.3,-2.3541722768960703e-07,-1.6694997251290057e-06,0.3,MIQP_OPTIMAL,1,0.012105799978598952
1.1147541000100318,61,0.3,-2.3541722768960703e-07,-1.4347261686518516e-06,0.3,MIQP_OPTIMAL,1,0.010687000001780689
1.1814207000134047,64,0.3,-2.3541722768960703e-07,-1.2500541773949946e-06,0.3,MIQP_OPTIMAL,1,0.01170480001019314
1.248298699996667,67,0.3,-2.3541722768960703e-07,-1.0977078372066411e-06,0.3,MIQP_OPTIMAL,1,0.011153900006320328
1.314762599999085,70,0.3,-2.3541722768960703e-07,-9.709474486967581e-07,0.3,MIQP_OPTIMAL,1,0.01149130001431331
1.381500399991637,72,0.3,-2.3541722768960703e-07,-8.659431368333727e-07,0.3,MIQP_OPTIMAL,1,0.011092000000644475
1.4480720999999903,75,0.3,-2.3541722768960703e-07,-7.756650795999714e-07,0.3,MIQP_OPTIMAL,1,0.010422099992865697
1.5147858000127599,78,0.3,-2.3541722768960703e-07,-7.006548022953428e-07,0.3,MIQP_OPTIMAL,1,0.011425100004998967
1.5817207999934908,80,0.3,-2.3541722768960703e-07,-6.331489429985855e-07,0.3,MIQP_OPTIMAL,1,0.011452000006102026
1.648238699999638,83,0.3,-2.3541722768960703e-07,-5.761325561265008e-07,0.3,MIQP_OPTIMAL,1,0.010194000002229586
1.7147846999869216,86,0.3,-2.3541722768960703e-07,-5.267287748829466e-07,0.3,MIQP_OPTIMAL,1,0.009742300026118755
1.78151619998971,89,0.3,-2.3541722768960703e-07,-4.83274370935813e-07,0.3,MIQP_OPTIMAL,1,0.010574499989161268
1.8481592999887653,91,0.3,-2.3541722768960703e-07,-4.4500151871035516e-07,0.3,MIQP_OPTIMAL,1,0.009753200021805242
1.9151033000089228,94,0.3,-2.3541722768960703e-07,-4.1745335333968447e-07,0.3,MIQP_OPTIMAL,1,0.010898200009251013
1.9815446000138763,96,0.3,-2.3541722768960703e-07,-3.7884984612980145e-07,0.3,MIQP_OPTIMAL,1,0.010074299992993474
2.048166199994739,99,0.3,-2.3541722768960703e-07,-3.525088938413528e-07,0.3,MIQP_OPTIMAL,1,0.011251800024183467
2.1148548999917693,102,0.3,-2.3541722768960703e-07,-3.2869943776647714e-07,0.3,MIQP_OPTIMAL,1,0.010778399999253452
2.181467499991413,104,0.3,-2.3541722768960703e-07,-3.0709278896956096e-07,0.3,MIQP_OPTIMAL,1,0.010985500004608184
2.248405599995749,107,0.3,-2.3541722768960703e-07,-2.8861311133288236e-07,0.3,MIQP_OPTIMAL,1,0.010674599994672462
2.3150367999915034,109,0.3,-2.3541722768960703e-07,-2.7026582122090024e-07,0.3,MIQP_OPTIMAL,1,0.010987099987687543
2.3817831999913324,112,0.3,-2.3541722768960703e-07,-2.5363251173938684e-07,0.3,MIQP_OPTIMAL,1,0.010318899992853403
2.4483420999895316,114,0.3,-2.3541722768960703e-07,-2.387463024084731e-07,0.3,MIQP_OPTIMAL,1,0.011203500005649403
2.5151305999897886,117,0.3,-2.3541722768960703e-07,-2.2529151505827385e-07,0.3,MIQP_OPTIMAL,1,0.010325099981855601
2.5817903999995906,119,0.2999999900097236,-2.3541722768960703e-07,-2.1266076738631836e-07,0.2999999900097236,MIQP_OPTIMAL,1,0.01099800001247786
2.648485100013204,122,0.2999999819053672,-2.3541722768960703e-07,-2.0179018851727132e-07,0.2999999819053672,MIQP_OPTIMAL,1,0.01108669998939149
2.7151912999979686,125,0.29999996335883267,-2.3541722768960703e-07,-1.906101773057012e-07,0.29999996335883267,MIQP_OPTIMAL,1,0.010394800017820671
2.7816991999861784,127,0.3,-2.3541722768960703e-07,-1.8067374037435826e-07,0.3,MIQP_OPTIMAL,1,0.010780499986140057
2.848158999986481,130,0.3,-2.3541722768960703e-07,-1.71756155081141e-07,0.3,MIQP_OPTIMAL,1,0.01052829998661764
2.9149321999866515,132,0.3,-2.3541722768960703e-07,-1.6348331757515956e-07,0.3,MIQP_OPTIMAL,1,0.01365310000255704
3.0148400999896694,136,0.3,-2.3541722768960703e-07,-1.560483252788544e-07,0.3,MIQP_OPTIMAL,1,0.010371499985922128
3.0815104999928735,138,0.3,-2.3541722768960703e-07,-1.4879873331616798e-07,0.3,MIQP_OPTIMAL,1,0.01060390000930056
3.148164899990661,141,0.3,-2.3541722768960703e-07,-1.4201111836972815e-07,0.3,MIQP_OPTIMAL,1,0.010943300003418699
3.2148404000035953,143,0.3,-2.3541722768960703e-07,-1.357963196102691e-07,0.3,MIQP_OPTIMAL,1,0.012467200023820624
3.2815089999930933,146,0.3,-2.3541722768960703e-07,-1.2975706272521047e-07,0.3,MIQP_OPTIMAL,1,0.01056980001158081
3.3481816000130493,148,0.2999999971245619,-2.3541722768960703e-07,-1.2421922545022187e-07,0.2999999971245619,MIQP_OPTIMAL,1,0.010994599986588582
3.414854500006186,151,0.3,-2.3541722768960703e-07,-1.1910576409338366e-07,0.3,MIQP_OPTIMAL,1,0.014621400012401864
3.4814944000099786,153,0.2999999962726227,-2.3541722768960703e-07,-1.1428090635009283e-07,0.2999999962726227,MIQP_OPTIMAL,1,0.012929499993333593
3.5482518000062555,156,0.2999999818114257,-2.3541722768960703e-07,-1.0963645803032947e-07,0.2999999818114257,MIQP_OPTIMAL,1,0.011523099994519725
3.614929800009122,158,0.2999999848331158,-2.3541722768960703e-07,-1.0537264447366517e-07,0.2999999848331158,MIQP_OPTIMAL,1,0.011268500005826354
3.6815681000007316,161,0.2999999875376233,-2.3541722768960703e-07,-1.013033406285021e-07,0.2999999875376233,MIQP_OPTIMAL,1,0.012001399998553097
3.7482625000120606,163,0.2999999851960559,-2.3541722768960703e-07,-9.75196370332056e-08,0.2999999851960559,MIQP_OPTIMAL,1,0.012168999994173646
3.8149167000083253,166,0.29999999855421383,-2.3541722768960703e-07,-9.388085313162421e-08,0.29999999855421383,MIQP_OPTIMAL,1,0.011590300011448562
3.8814960999879986,168,0.29999999697796825,-2.3541722768960703e-07,-9.044464457611966e-08,0.29999999697796825,MIQP_OPTIMAL,1,0.013300100021297112
3.94817210000474,171,0.29999975349113545,-2.3541722768960703e-07,-8.727157475352263e-08,0.29999975349113545,MIQP_OPTIMAL,1,0.010226200014585629
4.0148332999960985,173,0.2999999972860919,-2.3541722768960703e-07,-8.419241739252188e-08,0.2999999972860919,MIQP_OPTIMAL,1,0.009817800018936396
4.081519800005481,176,0.29999998707182535,-2.3541722768960703e-07,-8.129978428268006e-08,0.29999998707182535,MIQP_OPTIMAL,1,0.010394299984909594
4.148190000007162,178,0.29999999029669516,-2.3541722768960703e-07,-7.854420540533182e-08,0.29999999029669516,MIQP_OPTIMAL,1,0.010615000006509945
4.214851600001566,181,0.2999999963709375,-2.3541722768960703e-07,-7.593930777178199e-08,0.2999999963709375,MIQP_OPTIMAL,1,0.011433800013037398
4.281493699993007,184,0.3,-2.3541722768960703e-07,-7.343698447794398e-08,0.3,MIQP_OPTIMAL,1,0.011216699989745393
4.348208000010345,186,0.3,-2.3541722768960703e-07,-7.107717574970784e-08,0.3,MIQP_OPTIMAL,1,0.010218399984296411
4.4148617000028025,189,0.3,-2.3541722768960703e-07,-6.881708979782903e-08,0.3,MIQP_OPTIMAL,1,0.01102030000765808
4.481516600004397,191,0.2912157961466276,-2.3541722768960703e-07,-6.676430298911736e-08,0.2912157961466276,MIQP_OPTIMAL,1,0.012025000003632158
4.5481795000087,194,0.21853119187225828,-2.3541722768960703e-07,-6.511287841535891e-08,0.21853119187225828,MIQP_OPTIMAL,1,0.010871300008147955
4.614859399996931,196,0.1674595619597596,-0.0016640996515909822,-0.000451877133656941,0.1674595619597596,MIQP_OPTIMAL,1,0.03401649999432266
4.714868300012313,200,-0.006115760561481524,-0.013473300165647151,-0.0036076723464343215,-0.006114745829473138,MIQP_OPTIMAL,1,0.02278430000296794
4.814871500013396,204,-0.30003753113718235,-0.04525628404944661,-0.01205660221839415,-0.3,MIQP_OPTIMAL,1,0.011344099999405444
4.881494900007965,206,-0.3001570599720181,-0.045590539774435605,-0.012307453398629178,-0.3,MIQP_OPTIMAL,1,0.011012200004188344
4.948185999994166,209,-0.29856104814047946,0.19622593195190136,0.05145847849234894,-0.3,MIQP_OPTIMAL,1,0.011739600013243034
5.014844499994069,211,-0.2986604173501351,1.139503665174495,0.29654654428161353,-0.3,MIQP_OPTIMAL,1,0.011577900004340336
5.081522499996936,213,-0.4003191629023358,1.866858151468964,0.4749569931531919,-0.3,MIQP_OPTIMAL,1,0.012693299999227747
5.148200199997518,215,-0.5240892371524348,1.2555886669934053,0.35386731824827805,-0.3,MIQP_OPTIMAL,1,0.011949300009291619
5.21482449999894,217,-0.5810579828072209,0.8634121843854541,0.27665449555075633,-0.3,MIQP_OPTIMAL,1,0.012538500013761222
5.281599100009771,219,-0.7154318098036574,0.9367653421806454,0.3217005386622152,-0.3,MIQP_OPTIMAL,1,0.021069200010970235
5.381549200013978,222,-1.142082233352667,1.374769810614104,0.48635298352519196,-0.3,MIQP_OPTIMAL,1,0.012712800002191216
5.448206600005506,224,-1.3586548138169847,1.316792990234667,0.5235400417732635,-0.29999999999999993,MIQP_OPTIMAL,1,0.017679299984592944
5.514854600012768,225,-1.1560391600680506,0.7305510598755927,0.4020766266554377,-0.29999999999999993,MIQP_OPTIMAL,1,0.013238499988801777
5.581522199994652,226,-0.5045552072478171,0.00910603996463096,0.13272987337729972,-0.3,MIQP_OPTIMAL,1,0.027060599997639656
5.681557600008091,228,0.7064492021383583,-0.7555032488521909,-0.3240995871345412,-0.3,MIQP_OPTIMAL,1,0.028068399988114834
5.781587800011039,229,0.7490932331039799,-0.7888760700281577,-0.3512789945599508,-0.3,MIQP_OPTIMAL,1,0.02435779999359511
5.881520499999169,231,-1.4378321404994638,0.7463168873778508,0.5235999999999998,-0.3,MIQP_OPTIMAL,1,0.01402349999989383
5.948267800005851,232,-1.408531266830813,0.6817184109840778,0.5236,-0.3,MIQP_OPTIMAL,1,0.015220000001136214
6.01490000000922,233,-1.1455571034712264,0.9841252124830994,0.5236,0.3,MIQP_OPTIMAL,1,0.013655599992489442
6.081562600011239,233,1.22867837694263,-0.8073830504874748,-0.5236,-0.3,MIQP_OPTIMAL,1,0.03358690001186915
6.181572800007416,234,1.2543752577097573,-0.7123084428389306,-0.5236,-0.3,MIQP_OPTIMAL,1,0.03752949999761768
6.281654899998102,235,1.0592689972687497,-0.9276279531612329,-0.5236,-0.3,MIQP_OPTIMAL,1,0.04644390000612475
6.381580399989616,237,-0.011661490370333732,-0.3818527682369715,-0.1020380664705196,-0.3,MIQP_OPTIMAL,1,0.04169709997950122
6.481650800007628,238,-1.0904025757543114,0.7625454152718151,0.5236,-0.2999999999999998,MIQP_OPTIMAL,1,0.01373589999275282
6.548380199994426,240,-1.0952033034908897,0.6769434338782725,0.5236,-0.3,MIQP_OPTIMAL,1,0.01646809998783283
6.648303499998292,241,-1.1629160166448769,0.44223250803960484,0.5236,-0.3,MIQP_OPTIMAL,1,0.013565300003392622
6.714886600006139,242,-0.8837890048045323,0.8097306099206355,0.5236,0.3,MIQP_OPTIMAL,1,0.011640600016107783
6.781623699993361,242,-0.9431936064659512,0.6882452392980142,0.5235999999999998,0.3,MIQP_OPTIMAL,1,0.01637910000863485
6.881604700000025,243,1.0354922531886877,-0.5046069290675482,-0.5236,-0.3,MIQP_OPTIMAL,1,0.011985099990852177
6.948357799992664,243,1.0246402165536521,-0.501053611995558,-0.5236,-0.2999999999999999,MIQP_OPTIMAL,1,0.01059190000523813
7.014948800002458,244,0.9427226219024563,-0.6134125158116268,-0.5236,-0.29999999999999993,MIQP_OPTIMAL,1,0.010577899985946715
7.081643999990774,244,0.8432407224977074,-0.7079387389340439,-0.5236,-0.3,MIQP_OPTIMAL,1,0.008691399998497218
7.148324200010393,245,0.7322204749965046,-0.7831425994811593,-0.5235999999999998,-0.29999999999999993,MIQP_OPTIMAL,1,0.011512900004163384
7.214959100005217,246,0.614377726637254,-0.8385488308139541,-0.5236,-0.3,MIQP_OPTIMAL,1,0.00833109999075532
7.281633700011298,247,0.49311482243316435,-0.8739019459073742,-0.5236,-0.3,MIQP_OPTIMAL,1,0.009503700013738126
7.348399899987271,248,0.37590622643130067,-0.8943982263045794,-0.5235999999999998,-0.3,MIQP_OPTIMAL,1,0.008931900025345385
7.4149398999870755,249,0.25946011373692224,-0.8952789854656465,-0.5236,-0.3,MIQP_OPTIMAL,1,0.011593900009756908
7.481618699996034,250,0.15135757684660747,-0.8853047004719075,-0.5236,-0.3,MIQP_OPTIMAL,1,0.010924200003501028
7.5483707000094,251,0.04934619998628963,-0.8607877442114276,-0.5235999999999998,-0.29999999999999993,MIQP_OPTIMAL,1,0.010496499977307394
7.614929400006076,252,-0.04408965370098508,-0.8255111319349565,-0.5236,-0.3,MIQP_OPTIMAL,1,0.013565999979618937
7.681586999999126,253,-0.12822880048271665,-0.7811070581698941,-0.5236,-0.3,MIQP_OPTIMAL,1,0.01148980000289157
7.7482630999875255,254,0.18393341926465345,-0.6769275808519106,-0.5236,0.09003489399024456,MIQP_OPTIMAL,1,0.009798399987630546
7.814951100008329,255,0.3316398444286291,-0.6496951812540951,-0.5236,0.3,MIQP_OPTIMAL,1,0.010055199993075803
7.881570099998498,256,0.27244896753373904,-0.6610607953263666,-0.5236,0.3,MIQP_OPTIMAL,1,0.010390300012659281
7.948270900000352,257,0.21051996886191532,-0.6797679523325693,-0.5235999999999998,0.3,MIQP_OPTIMAL,1,0.011908800021046773
8.015000699990196,259,0.14317928161995377,-0.703640516082213,-0.5236,0.3,MIQP_OPTIMAL,1,0.010305000003427267
8.081632299988996,260,0.06905242820415912,-0.7276871958193577,-0.5236,0.3,MIQP_OPTIMAL,1,0.010211800021352246
8.148412100010319,261,-0.012553402324579447,-0.7487337615009573,-0.5235999999999998,0.3,MIQP_OPTIMAL,1,0.0114393999974709
8.21493260000716,262,-0.10223026721104893,-0.7647746639638708,-0.5235999999999998,0.3,MIQP_OPTIMAL,1,0.007650799991097301
8.28180239998619,263,-0.19922142873710513,-0.7722504255030709,-0.5235999999999998,0.3,MIQP_OPTIMAL,1,0.013545499998144805
8.348240799998166,264,-0.3033923012667584,-0.7695984754186881,-0.5236,0.3,MIQP_OPTIMAL,1,0.008783800003584474
8.415065400011372,265,-0.4122254344627305,-0.753138092470551,-0.5236,0.29999999999999993,MIQP_OPTIMAL,1,0.007066699996357784
8.48154420001083,266,-0.5249967877148584,-0.7219479324483893,-0.5236,0.3,MIQP_OPTIMAL,1,0.009060400014277548
8.548277199995937,267,-0.6391102356161092,-0.673859555910224,-0.5236,0.3,MIQP_OPTIMAL,1,0.00866429999587126
8.614862199989147,267,-0.508556131062273,-0.5147540527642125,-0.39247327783543307,0.3,MIQP_OPTIMAL,1,0.00892659998498857
8.68155450001359,268,1.0048807399375301,-0.045344253693105706,0.5236,0.3,MIQP_OPTIMAL,1,0.007581499987281859
8.748251499986509,268,1.0468200682090865,-0.016922507008046414,0.5236,0.3,MIQP_OPTIMAL,1,0.01010149999638088
8.814862800005358,269,-0.5587897787106564,-0.5629889951122367,-0.3847486865751948,0.29999999999999993,MIQP_OPTIMAL,1,0.008457499992800876
8.881553499988513,269,-0.6146659497586832,-0.6006780079690967,-0.402303555699181,0.3,MIQP_OPTIMAL,1,0.008450099994661286
8.948224699997809,270,1.1760694287071751,0.07133245525100883,0.5236,0.3,MIQP_OPTIMAL,1,0.008440200006589293
9.014875499997288,270,1.219272736231384,0.10653423300117984,0.5236,0.3,MIQP_OPTIMAL,1,0.008346699993126094
9.08154139999533,271,-0.648459340908095,-0.6679523102647265,-0.39055997771698153,0.3,MIQP_OPTIMAL,1,0.008463800011668354
9.148231600003783,272,-0.5690694566500253,-0.6423849613847569,-0.34641407349133635,0.3,MIQP_OPTIMAL,1,0.009896100003970787
9.214951300004032,273,1.349812617492792,0.22828192015176216,0.5236,0.3,MIQP_OPTIMAL,1,0.010097799997311085
9.281639499997254,273,1.3925867056300942,0.2843919283153107,0.5236,0.3,MIQP_OPTIMAL,1,0.010283599985996261
9.34825149999233,274,-0.2913204011879935,-0.537920387120945,-0.2102428830404166,0.3,MIQP_OPTIMAL,1,0.012283499992918223
9.41496900000493,275,-0.02032636042227377,-0.3790739735490431,-0.0895096523022426,0.3,MIQP_OPTIMAL,1,0.012379799998598173
9.48160219998681,276,1.4313896357703146,0.6404135310702435,0.5236,0.22136641751355035,MIQP_OPTIMAL,1,0.015298299986170605
9.54833520000102,277,1.1254479818039396,1.1864253708572305,0.5236,-0.29999999999999993,MIQP_OPTIMAL,1,0.01571820001117885
9.614957499987213,279,1.2255238637886265,1.102052775417661,0.5236,0.08206941081546415,MIQP_OPTIMAL,1,0.02518600001349114
9.714949199988041,281,0.22074269662666415,-0.21295040382877647,-0.022130430474248054,0.3,MIQP_OPTIMAL,1,0.017751600011251867
9.815162699989742,283,-0.3945818305237291,-1.6743516249681711,-0.5235999999999997,0.3,MIQP_OPTIMAL,1,0.007073799992213026
9.881585299997823,285,-0.5495554074134682,-1.6683354935898773,-0.5235999999999998,0.3,MIQP_OPTIMAL,1,0.008264600008260459
9.948243099992396,287,0.175381956580233,-0.26488333694030697,-0.03405572205190461,0.3,MIQP_OPTIMAL,1,0.010199499985901639
10.014891300001182,288,0.9803251767330182,0.6333989109636613,0.3432322825195243,0.3,MIQP_OPTIMAL,1,0.006777600006898865
10.081573400006164,290,1.0961442599336177,0.8617763041640589,0.3973108113782291,0.29999999999999993,MIQP_OPTIMAL,1,0.0071013999986462295
10.14826320001157,292,0.8526784548468707,0.7779131006379724,0.3221290014738392,0.29999999999999993,MIQP_OPTIMAL,1,0.0066319000034127384
10.21491129999049,293,0.6373501449492813,0.6284623393303435,0.24044623781174465,0.3,MIQP_OPTIMAL,1,0.00722719999612309
10.281549600011203,295,0.5159919239554612,0.5241064572463645,0.18753240572671748,0.3,MIQP_OPTIMAL,1,0.006610700016608462
10.348219800012885,298,0.44786362557097936,0.46829128294715483,0.15745812295027353,0.29748958969748673,MIQP_OPTIMAL,1,0.007195499987574294
10.415036299993517,300,0.31235792154886516,0.4477031945276156,0.13651673256152708,0.20276489702250455,MIQP_OPTIMAL,1,0.006484799989266321
10.481542199995602,302,0.21454922376004798,0.4041254368435748,0.1160509350931626,0.13889541521258386,MIQP_OPTIMAL,1,0.006401499995263293
10.54826260000118,304,0.14555738755822104,0.3408637262091669,0.09438806258484828,0.09745098768822036,MIQP_OPTIMAL,1,0.006800900009693578
10.614891700010048,306,0.09834634195956905,0.27007347641598767,0.07310728474057514,0.070207608304204,MIQP_OPTIMAL,1,0.0062624000129289925
10.681559399992693,308,0.06715564813269298,0.20331361358007466,0.05423818417174741,0.05182763967904455,MIQP_OPTIMAL,1,0.006343199987895787
10.748282599990489,311,0.04700126403114664,0.14748059094202137,0.038964911245774565,0.03907477160762969,MIQP_OPTIMAL,1,0.007352199987508357
10.815017799992347,313,0.03272075339841784,0.10467161061327095,0.027448407090534508,0.02874337846016844,MIQP_OPTIMAL,1,0.008161400008248165
10.881547500001034,315,0.02307056345666347,0.07367016124617243,0.01921443782251093,0.021094426721063167,MIQP_OPTIMAL,1,0.0077735999948345125
10.948247399996035,317,0.017198852865514903,0.05196714316167462,0.013507447115910452,0.01621165461104941,MIQP_OPTIMAL,1,0.006309399992460385
11.01491719999467,319,0.014311771621913928,0.03693938682842885,0.00958510101113133,0.013812368995110888,MIQP_OPTIMAL,1,0.006848599994555116
11.081525899993721,322,0.008710196074340395,0.026504027238982496,0.0068515478664778594,0.008454404629691903,MIQP_OPTIMAL,1,0.006221800023922697
11.14822189998813,324,0.006690180143743841,0.019087024251488685,0.004927575182559753,0.006558388800864869,MIQP_OPTIMAL,1,0.006410600006347522
11.214898200007156,326,0.004682084792550398,0.013758904594905141,0.003547214628418554,0.004614151449912054,MIQP_OPTIMAL,1,0.006786200014175847
11.281545200006803,328,0.0028692223808255155,0.009887321855409734,0.002545926742890005,0.0028343931994989245,MIQP_OPTIMAL,1,0.0066485999850556254
11.348228899994865,331,0.002125809909057295,0.007066926492064569,0.0018187763504850707,0.0021080985323269413,MIQP_OPTIMAL,1,0.006764899997506291
11.414894399989862,333,0.001443801533602285,0.005024933748613383,0.0012926416581316724,0.0014348657279697862,MIQP_OPTIMAL,1,0.006203800003277138
11.481541299988749,335,0.0020344842165092407,0.0035570498105277127,0.0009154075766330575,0.002030003325907189,MIQP_OPTIMAL,1,0.006746900005964562
11.548246799997287,338,0.0007807890102025643,0.0025140982388413683,0.0006464502499114934,0.0007785479880070087,MIQP_OPTIMAL,1,0.006788600003346801
11.614916199992876,340,0.0012254125221618567,0.0017754972809167218,0.0004566734917262953,0.0012242920318727977,MIQP_OPTIMAL,1,0.0064876000105869025
11.68156050000107,342,0.0008663072771499007,0.0012560670270387664,0.000322992232364202,0.0008657456114986796,MIQP_OPTIMAL,1,0.006304500013357028
11.74821580000571,345,0.0013255067893477258,0.0008900704295842627,0.00022895003983639016,0.0013252244380719386,MIQP_OPTIMAL,1,0.0066584000014699996
11.8148984000145,347,0.0,0.000632232254008793,0.00016247926252735742,-1.4235220437157507e-07,MIQP_OPTIMAL,1,0.006441099976655096
11.88172060000943,350,0.0005634341798813309,0.0004492945326480449,0.00011551018703051621,0.000563362321650341,MIQP_OPTIMAL,1,0.006405299995094538
11.948251099995105,352,0.0005923444111065765,0.00031947708413898607,8.213672533821095e-05,0.0005923081195403287,MIQP_OPTIMAL,1,0.00696649999008514
12.01490979999653,354,8.494485394959999e-05,0.00022709156633318392,5.836434074730872e-05,8.492654019690394e-05,MIQP_OPTIMAL,1,0.00735910001094453
12.081597400014289,357,0.00021742914223727802,0.0001612439758005457,4.144474626928315e-05,0.000217419914423861,MIQP_OPTIMAL,1,0.006531699997140095
12.14824260000023,359,0.0002038520664035119,0.0001143993137467322,2.9403928719800174e-05,0.00020384742256151608,MIQP_OPTIMAL,1,0.0064830000046640635
12.214919199992437,362,0.0005425917835431236,8.109831843365794e-05,2.084944854154977e-05,0.0005425894490121423,MIQP_OPTIMAL,1,0.006318200001260266
12.281582900002832,364,0.0001634417924069689,5.7484328796800036e-05,1.4774724833621216e-05,0.0001634406192284273,MIQP_OPTIMAL,1,0.006717799988109618
12.348343099991325,367,0.0001607602063945024,4.073890120119862e-05,1.0470766194187094e-05,0.00016075961687473932,MIQP_OPTIMAL,1,0.006547799974214286
12.414927500009071,370,0.001265858780641072,4.0498666065918516e-05,1.0416132373719074e-05,0.0012658582942494403,MIQP_OPTIMAL,1,0.007801100000506267
12.481686299986904,372,0.00011987696151815755,5.5189524575481214e-05,1.4184253091347967e-05,0.0001198762988040756,MIQP_OPTIMAL,1,0.006401199992978945
12.548241599986795,375,0.0,5.411447808328268e-05,1.3907042442936729e-05,-5.218673218793666e-10,MIQP_OPTIMAL,1,0.0065854999993462116
12.61491780000506,377,0.0005441895089271905,3.325524454515316e-05,8.548594811545048e-06,0.0005441893439121478,MIQP_OPTIMAL,1,0.005932200001552701
12.681583800003864,380,0.0,2.2460525300058804e-05,5.772197935420339e-06,-5.938612949848093e-11,MIQP_OPTIMAL,1,0.006160699995234609
12.74829749998753,383,0.00031160295684923165,2.48279464918184e-05,6.381476746378556e-06,0.0003116028912024986,MIQP_OPTIMAL,1,0.006313399993814528
12.81504670000868,386,0.0,2.8357575118774645e-05,7.287698500649482e-06,-7.497806065390834e-11,MIQP_OPTIMAL,1,0.006080199993448332
12.881586900010007,388,0.0,3.188647131765947e-05,8.194600146109505e-06,-8.430854085657406e-11,MIQP_OPTIMAL,1,0.006237299996428192
12.94825379998656,391,4.419148953763222e-05,3.541526349086775e-05,9.101637846274394e-06,4.419139589873174e-05,MIQP_OPTIMAL,1,0.006473800021922216
13.014911400008714,394,0.0002849716778537823,3.8943589429877204e-05,1.0009365344280369e-05,0.00028497157488506774,MIQP_OPTIMAL,1,0.006124299980001524
13.081570400012424,397,0.0001013879328727733,4.247291669753471e-05,1.0915676767162447e-05,0.00010138782057308051,MIQP_OPTIMAL,1,0.007325899990973994
13.148243600007845,400,0.001171462425420102,4.599929260230059e-05,1.18268655642573e-05,0.0011714623037928523,MIQP_OPTIMAL,1,0.006215600005816668
13.214919299993198,403,0.0,3.517936559404631e-05,9.040850947871923e-06,-2.3671287258856043e-11,MIQP_OPTIMAL,1,0.0056847999803721905
13.281585699995048,406,0.00016912117355741982,2.3357092191136578e-05,6.002898178123856e-06,0.00016912119843880065,MIQP_OPTIMAL,1,0.006074300006730482
13.34826540001086,409,0.0,2.2054841478896047e-05,5.667940030351681e-06,2.3494235580440025e-11,MIQP_OPTIMAL,1,0.005999400018481538
13.414874500012957,412,0.0,2.075277300978299e-05,5.333317539173851e-06,2.2107188505788536e-11,MIQP_OPTIMAL,1,0.005662199982907623
13.481590899988078,415,0.0,1.945070245628984e-05,4.998694512323722e-06,2.072013921072132e-11,MIQP_OPTIMAL,1,0.005869399989023805
13.548261999996612,418,0.002371198759652623,1.8151162024973522e-05,4.6677254489302524e-06,0.0023711987789870625,MIQP_OPTIMAL,1,0.006676599994534627
13.614911799988477,422,0.0,1.6846567602443797e-05,4.329450065633496e-06,1.794604728183405e-11,MIQP_OPTIMAL,1,0.006673399999272078
13.681589099986013,425,0.0,1.554450121771082e-05,3.994828110122445e-06,1.655900242759828e-11,MIQP_OPTIMAL,1,0.005737799976486713
13.748242000001483,428,0.0,1.4242434832977846e-05,3.660206154610499e-06,1.517195757336251e-11,MIQP_OPTIMAL,1,0.006078099977457896
13.814928100007819,432,0.0,1.294036636386479e-05,3.3255836634266294e-06,1.3784910498711022e-11,MIQP_OPTIMAL,1,0.006160399992950261
13.88154659999418,435,0.0,1.1638297894751726e-05,2.990961172242013e-06,1.2397863424059529e-11,MIQP_OPTIMAL,1,0.006057799997506663
13.948355600005016,439,0.00020791297880923878,1.0336445696961562e-05,2.656519662515789e-06,0.00020791298982016752,MIQP_OPTIMAL,1,0.007182700006524101
14.014915100007784,443,9.530778756686928e-06,9.390077675555095e-06,2.413189282279844e-06,9.530788759596175e-06,MIQP_OPTIMAL,1,0.005805299995699897
14.081546000001254,446,6.155646783862139e-05,7.732155971565068e-06,1.9871335365441633e-06,6.15564760753763e-05,MIQP_OPTIMAL,1,0.00646580001921393
14.148256399988895,450,0.002128594052555425,-0.002119603644620898,-0.0005447238431221594,0.0021285917946160947,MIQP_OPTIMAL,1,0.01415219999034889
14.214906000008341,454,0.014032154280548553,-0.009759346677205205,-0.002510974812048753,0.01403302985417363,MIQP_OPTIMAL,1,0.03535690001444891
14.314936500013573,460,-0.26012911581209974,-0.01988105081201242,-0.005155357910087014,-0.2601153400661305,MIQP_OPTIMAL,1,0.014948800002457574
14.381623399996897,464,-0.3000507428342055,-0.025644065093102037,-0.006763979199012653,-0.3,MIQP_OPTIMAL,1,0.013992099993629381
14.448224599997047,468,-0.2996613001984815,0.08742708674353276,0.022449479838410936,-0.3,MIQP_OPTIMAL,1,0.015912100003333762
14.514893299987307,472,-0.299671270561806,0.23248974786203938,0.061228073691490394,-0.3,MIQP_OPTIMAL,1,0.02066379997995682
14.581594299990684,476,-0.3068544801810649,0.5801484072008471,0.15584642018288097,-0.3,MIQP_OPTIMAL,1,0.018514399998821318
14.648318599996855,480,-0.34283471752105016,0.9345777207336262,0.2554710081177158,-0.3,MIQP_OPTIMAL,1,0.019332399999257177
14.714910899987444,484,-0.4257794615390152,1.1397256733089491,0.3209892274798088,-0.3,MIQP_OPTIMAL,1,0.012803399993572384
14.781578099995386,488,-0.5362915308785553,1.1657268110230241,0.3467106250069792,-0.3,MIQP_OPTIMAL,1,0.010999599995557219
14.848339799995301,492,-0.6494096070769696,1.1089430335753698,0.3563580129917711,-0.3,MIQP_OPTIMAL,1,0.015265699999872595
14.914947399985977,495,-0.7326975464974957,0.9728853365438694,0.34749517399732893,-0.3,MIQP_OPTIMAL,1,0.01235949998954311
14.981631800008472,499,-0.7449956525227306,0.7433236236441547,0.3090575762955058,-0.3,MIQP_OPTIMAL,1,0.011831499985419214
15.048374600009993,502,-0.6682596451841004,0.4589700595335847,0.2412980098900443,-0.29999999999999993,MIQP_OPTIMAL,1,0.013353999995160848
15.114928800001508,505,-0.4912674007786279,0.13959917703757488,0.13872997960149114,-0.29999999999999993,MIQP_OPTIMAL,1,0.012111599993659183
15.181611900014104,507,-0.312540831531741,-0.09818242881875174,0.04590627266041602,-0.3,MIQP_OPTIMAL,1,0.01264689999516122
15.248297399986768,510,-0.2525642504017227,-0.1684827225153453,0.016838920798899124,-0.3,MIQP_OPTIMAL,1,0.012579500005813316
15.314932999986922,513,-0.38593504317761435,-0.02611561671908523,0.09108326852294389,-0.3,MIQP_OPTIMAL,1,0.011311000009300187
15.381571700010682,515,-0.5850723711932702,0.17662960470354716,0.20369232585398658,-0.29999999999999993,MIQP_OPTIMAL,1,0.011765700008254498
15.448249300010502,517,0.06895153651264939,-0.4843949290292607,-0.15427881507976243,-0.3,MIQP_OPTIMAL,1,0.012821199983591214
15.514945800008718,520,0.305137164107077,-0.7066639121489043,-0.28788126404865566,-0.29999999999999993,MIQP_OPTIMAL,1,0.019357799988938496
15.581594599992968,522,-0.37392422645869666,-0.0403113580072037,0.09815307705703058,-0.3,MIQP_OPTIMAL,1,0.021652900002663955
15.681633100000909,526,-1.0526539052071873,0.789185508200467,0.5236,-0.29999999999999993,MIQP_OPTIMAL,1,0.01231209997786209
15.748261600005208,528,-1.0706334992210387,0.6751780829151658,0.5236,-0.3,MIQP_OPTIMAL,1,0.011685300007229671
15.814904600003501,530,-0.26652636026475723,-0.1698588343234141,0.04861641728519311,-0.3,MIQP_OPTIMAL,1,0.019546299998182803
15.881623699999182,532,0.7472653741909051,-0.9011968420162227,-0.5236,-0.3,MIQP_OPTIMAL,1,0.018049699981929734
15.948335099994438,533,0.663508514110696,-0.908493552459348,-0.5236,-0.3,MIQP_OPTIMAL,1,0.02247729999362491
16.04827820000355,536,0.3888157029941507,-0.8788955285727699,-0.4696140132954698,-0.3,MIQP_OPTIMAL,1,0.02490429999306798
16.14837810001336,540,-0.7935938882882753,0.669964574249116,0.5236,-0.3,MIQP_OPTIMAL,1,0.01244249998126179
16.214972999994643,542,-0.7718436688847441,0.629215147921039,0.5236,-0.3,MIQP_OPTIMAL,1,0.01680599999963306
16.28160449999268,544,-0.8048391123296198,0.5128110941043694,0.5236,-0.3,MIQP_OPTIMAL,1,0.010846099990885705
16.348384200013243,546,-0.8215023231174279,0.39893463859439515,0.5236,-0.3,MIQP_OPTIMAL,1,0.01273889999720268
16.41494220000459,547,-0.44381053352161487,0.7543540124625765,0.5236,0.3,MIQP_OPTIMAL,1,0.014261700009228662
16.48164209999959,549,-0.6778341145098851,0.09391272087811882,0.4216110707271064,-0.3,MIQP_OPTIMAL,1,0.03535510000074282
16.581608900014544,551,0.5611097426475627,-0.6074130545205372,-0.5236,-0.3,MIQP_OPTIMAL,1,0.03039970001555048
16.681686800002353,552,0.556735189785684,-0.5796469480544082,-0.5236,-0.3,MIQP_OPTIMAL,1,0.009968900005333126
16.748339200014016,553,0.47514569389452693,-0.6139787451784796,-0.5236,-0.3,MIQP_OPTIMAL,1,0.019811500009382144
16.81494829998701,554,0.3923161730524629,-0.6362265087324424,-0.5236,-0.3,MIQP_OPTIMAL,1,0.011609199980739504
16.881604700000025,556,0.3112530036663669,-0.6479141790443969,-0.5235999999999998,-0.3,MIQP_OPTIMAL,1,0.015067000000271946
16.948313200002303,557,0.2322356916137402,-0.6490917440262789,-0.5236,-0.3,MIQP_OPTIMAL,1,0.011940500000491738
17.01493949998985,559,0.1571544817893076,-0.6413824263685745,-0.5236,-0.2999999999999999,MIQP_OPTIMAL,1,0.01168100000359118
17.08162949999678,560,0.08696993102538624,-0.6260818333993041,-0.5236,-0.29999999999999993,MIQP_OPTIMAL,1,0.008377499994821846
17.148290599987376,562,0.02205759247545216,-0.6040536064136617,-0.5236,-0.3,MIQP_OPTIMAL,1,0.014266700018197298
17.21503200000734,564,-0.037147014166085755,-0.5764280885258756,-0.5236,-0.3,MIQP_OPTIMAL,1,0.014662400004453957
17.281612199993106,565,-0.09028446407036421,-0.5445720507282216,-0.5236,-0.3,MIQP_OPTIMAL,1,0.012085700000170618
17.34833060001256,567,-0.13741603999802746,-0.5092664790427766,-0.5236,-0.3,MIQP_OPTIMAL,1,0.01037869998253882
17.414984200004255,569,-0.17858049590281008,-0.4715718375099821,-0.5236,-0.3,MIQP_OPTIMAL,1,0.008125899999868125
17.48172350000823,570,0.3725853091593704,-0.30608909504797965,-0.5235999999999998,0.29999999999999993,MIQP_OPTIMAL,1,0.010896599997067824
17.548340500012273,572,0.3494106800887927,-0.30928519725283293,-0.5236,0.3,MIQP_OPTIMAL,1,0.008211599983042106
17.61496760000591,574,0.3275065277459912,-0.32358179641480583,-0.5236,0.29999999999999993,MIQP_OPTIMAL,1,0.008808299986412749
17.68162940000184,575,0.3044747388034777,-0.3458249441440192,-0.5236,0.29999999999999993,MIQP_OPTIMAL,1,0.007085599994752556
17.748308999987785,577,0.2786004284974314,-0.37353197063823657,-0.5236,0.3,MIQP_OPTIMAL,1,0.0073336999921593815
17.814927800005535,579,0.248555862521955,-0.4053485505470956,-0.5236,0.29999999999999993,MIQP_OPTIMAL,1,0.007187699986388907
17.881628500006627,581,0.213391388955331,-0.4390655507277468,-0.5235999999999998,0.3,MIQP_OPTIMAL,1,0.007349499996053055
17.948341799987247,583,0.17243812284422777,-0.4730773032903533,-0.5236,0.3,MIQP_OPTIMAL,1,0.007498799997847527
18.014974099991377,585,0.1251029165216734,-0.5062792530041793,-0.5236,0.3,MIQP_OPTIMAL,1,0.007968299993081018
18.081681699986802,587,0.0711201456047102,-0.5370327649677398,-0.5235999999999998,0.29999999999999993,MIQP_OPTIMAL,1,0.008369899995159358
18.148362700012513,589,0.01043473282530978,-0.5638435420173369,-0.5235999999999998,0.29999999999999993,MIQP_OPTIMAL,1,0.007136200001696125
18.21498029999202,591,-0.056866998750640364,-0.5853009768535742,-0.5235999999999998,0.3,MIQP_OPTIMAL,1,0.008704900013981387
18.281643299997086,592,-0.13031427938356138,-0.5997813240456912,-0.5235999999999998,0.3,MIQP_OPTIMAL,1,0.009083200013265014
18.34835670000757,594,-0.20968535088822657,-0.6062287783868738,-0.5236,0.3,MIQP_OPTIMAL,1,0.00845709998975508
18.414991099998588,596,-0.2941505526840215,-0.6030803788415657,-0.5236,0.3,MIQP_OPTIMAL,1,0.00855179998325184
18.48165020000306,597,-0.38198647035469563,-0.5884815030361917,-0.5235999999999998,0.3,MIQP_OPTIMAL,1,0.008108000009087846
18.54830649998621,598,0.22444568566976345,-0.22471059244413205,0.08965875552881432,0.3,MIQP_OPTIMAL,1,0.008908299991162494
18.614996199990856,599,0.7670306224317375,0.004242550123527199,0.5236,0.3,MIQP_OPTIMAL,1,0.007621700002346188
18.68171249999432,601,0.31564584556990993,-0.17586994402176367,0.15506633511767254,0.3,MIQP_OPTIMAL,1,0.008057600003667176
18.74832690000767,602,-0.5152471487164313,-0.6609401501037827,-0.5236,0.3,MIQP_OPTIMAL,1,0.009831800009123981
18.815047300013248,603,0.22355187239662494,-0.21953540621514453,0.06340875574035897,0.3,MIQP_OPTIMAL,1,0.007737699983408675
18.881745399994543,605,0.9081025142113691,0.10699814441246627,0.5236,0.3,MIQP_OPTIMAL,1,0.007748400006676093
18.948327699996298,606,0.6157284129198858,0.005993442349144689,0.33023594678595897,0.3,MIQP_OPTIMAL,1,0.008824599994113669
19.015011599985883,608,-0.6000214204096683,-0.7937119090547283,-0.5236,0.3,MIQP_OPTIMAL,1,0.007712599996011704
19.081660299998475,610,-0.04017477397246479,-0.3889228812512375,-0.14484446792381075,0.3,MIQP_OPTIMAL,1,0.008697399985976517
19.148411900008796,611,1.0514607301402632,0.2480130244149819,0.5236,0.2999999999999999,MIQP_OPTIMAL,1,0.007592399982968345
19.2149919999938,613,1.0773092224079996,0.3220431203661335,0.5236,0.3,MIQP_OPTIMAL,1,0.00982610002392903
19.281637800013414,615,-0.0899769347600663,-0.4643022471510196,-0.18458565743551222,0.29999999999999993,MIQP_OPTIMAL,1,0.010082099994178861
19.348400099988794,618,-0.12622276640663527,-0.5184059482433361,-0.21281225004660417,0.3,MIQP_OPTIMAL,1,0.008640899992315099
19.41498309999588,620,0.7146242630023625,0.19454511544944955,0.3081032941880784,0.3,MIQP_OPTIMAL,1,0.009323200007202104
19.48168870000518,622,1.048785032087059,0.48557736423305686,0.4667782704604196,0.3,MIQP_OPTIMAL,1,0.007713800005149096
19.548384299996542,625,0.47088201208241887,0.055071063185209684,0.15814283738189017,0.3,MIQP_OPTIMAL,1,0.007839400001103058
19.61500019999221,628,0.3254263259859519,-0.07542679246282341,0.06128981358342416,0.3,MIQP_OPTIMAL,1,0.007651099993381649
19.68165849999059,631,0.4880732872953197,0.14465197163520188,0.1638916621223956,0.3,MIQP_OPTIMAL,1,0.008394500007852912
19.74832859999151,634,0.6390009271994419,0.37868028351894634,0.25739812974075776,0.3,MIQP_OPTIMAL,1,0.0069469000154640526
19.81499059998896,637,0.6494479596555645,0.4731557793259813,0.2716478756297895,0.29999999999999993,MIQP_OPTIMAL,1,0.00964810000732541
19.881755799986422,641,0.5814034932693268,0.4669709438300213,0.24125824549361075,0.29999999999999993,MIQP_OPTIMAL,1,0.006971399998292327
19.94831000000704,645,0.5099495681220202,0.4314589705945526,0.20471823894306312,0.3,MIQP_OPTIMAL,1,0.008316099992953241
20.01496900001075,649,0.456702088014263,0.4001960482599758,0.17565735638076646,0.3,MIQP_OPTIMAL,1,0.0068586000124923885
20.08165320000262,653,0.4169961453175255,0.37261912836135347,0.1521727452024829,0.3,MIQP_OPTIMAL,1,0.007008899992797524
20.148391399998218,657,0.3847931497154402,0.33946622084400185,0.1300683238385756,0.3,MIQP_OPTIMAL,1,0.007140700006857514
20.214982800011057,661,0.3583799853323314,0.2975055861093618,0.10790069646109303,0.29999999999999993,MIQP_OPTIMAL,1,0.0068137999915052205
20.281652900011977,666,0.3380222296002638,0.25026837347099856,0.08652904840388206,0.3,MIQP_OPTIMAL,1,0.007763000001432374
20.348297099990305,671,0.32362488046823795,0.2036119477041863,0.06750434213363019,0.29999999999999993,MIQP_OPTIMAL,1,0.006501099996967241
20.414955999993253,675,0.2504561270063213,0.1674799833544351,0.05198275151007965,0.2359995291317161,MIQP_OPTIMAL,1,0.007195199985289946
20.48164220000035,680,0.18503119977706872,0.1358173259141745,0.04000577740759934,0.17632859014295665,MIQP_OPTIMAL,1,0.0062504000088665634
20.54840040000272,685,0.13616553996713865,0.10837948558166303,0.03073322225989118,0.13101436520010964,MIQP_OPTIMAL,1,0.006811900006141514
20.61498610000126,690,0.10121179774032266,0.08489884032292515,0.023446259033244193,0.09823066937244217,MIQP_OPTIMAL,1,0.006339200015645474
20.681692499987548,695,0.07542000064448949,0.06517577737891737,0.017660343787504258,0.07374140215082833,MIQP_OPTIMAL,1,0.006821999995736405
20.748355599993374,700,0.05511094843168432,0.049032339947396315,0.01309324873073999,0.05419278306545669,MIQP_OPTIMAL,1,0.006377000012435019
20.81496530000004,705,0.04194609099723628,0.0361814962250999,0.009572187025822621,0.04145720916577805,MIQP_OPTIMAL,1,0.006828100013080984
20.88168449999648,710,0.03244608513228576,0.026310027247140762,0.006914599213793617,0.03219120495943743,MIQP_OPTIMAL,1,0.007039999996777624
20.94839380000485,715,0.022959663639750976,0.018948716179837632,0.004947335707663378,0.02282870212219683,MIQP_OPTIMAL,1,0.006339700019452721
21.014959899999667,720,0.016766761382258074,0.013558118008741888,0.003524821171563884,0.01670004746501494,MIQP_OPTIMAL,1,0.006779199989978224
21.081695700006094,726,0.012878961247431733,0.009678001996571197,0.0025093481859268583,0.012845070751534356,MIQP_OPTIMAL,1,0.006070700008422136
21.148463199991966,731,0.009287089194230474,0.006909346146875463,0.001787047701955152,0.009269870039789432,MIQP_OPTIMAL,1,0.006583800015505403
21.214957799995318,736,0.007405988436716817,0.0049330279626399395,0.0012742327661620576,0.007397235843154966,MIQP_OPTIMAL,1,0.005786699999589473
21.28165779999108,742,0.005143101712062623,0.0035234678111611727,0.000908713946468415,0.005138652013224099,MIQP_OPTIMAL,1,0.005803300009574741
21.34833609999623,747,0.003976708319336016,0.0025143085433328495,0.0006479267366399671,0.003974449151261105,MIQP_OPTIMAL,1,0.007431900012306869
21.415057400008664,753,0.0042253408550100655,0.001791236242503987,0.0004616718642446897,0.004224196386609461,MIQP_OPTIMAL,1,0.005992300022626296
21.481663999991724,759,0.00468868775249326,0.0012738161980951894,0.0003284163149493424,0.00468810957899203,MIQP_OPTIMAL,1,0.01244259998202324
21.581974500004435,768,0.0020024829739401103,0.0005756114088216102,0.00014815203206661428,0.0020023419552906807,MIQP_OPTIMAL,1,0.008966499997768551
21.64833689999068,774,0.0017899186972628414,0.0003123791786212246,8.040286997268525e-05,0.0017898669875613005,MIQP_OPTIMAL,1,0.0067294999898876995
21.71508460000041,780,0.003410550172235687,0.0002455451772292948,6.328625434455783e-05,0.003410518870951947,MIQP_OPTIMAL,1,0.00795329999527894
21.781679600011557,787,0.000997975208546583,0.00023377638812431832,6.012522489223484e-05,0.000997951027041796,MIQP_OPTIMAL,1,0.008196600014343858
21.848382900003344,793,0.0008130029958504553,0.00021670495321228527,5.5723920538971244e-05,0.000812985039678296,MIQP_OPTIMAL,1,0.008757499977946281
21.915022700006375,800,0.0,0.0001832451138679894,4.709271269983657e-05,-1.1643190396791787e-08,MIQP_OPTIMAL,1,0.006467900006100535
21.981638800003566,807,0.0,0.00014104019895859246,3.624634478236416e-05,-6.544648576409833e-09,MIQP_OPTIMAL,1,0.006277000007685274
22.048344500013627,815,0.0,0.00010040157880646657,2.580250362495533e-05,-3.2643392221029956e-09,MIQP_OPTIMAL,1,0.005924600001890212
22.115060699987225,822,0.0028767344131792167,6.753599885797494e-05,1.7372670699525746e-05,0.0028767329151091914,MIQP_OPTIMAL,1,0.005717099993489683
22.18164560000878,830,-0.0073353151375092135,4.403914472478288e-05,1.1294433745217839e-05,-0.007335315796192723,MIQP_OPTIMAL,1,0.006919699982972816
22.2483174999943,839,-0.2999999996982472,3.111833376413731e-05,7.211590524687242e-06,-0.3,MIQP_OPTIMAL,1,0.00759910000488162
22.315004700009013,848,-0.2999999997752101,2.827667277487742e-05,6.650865319931099e-06,-0.3,MIQP_OPTIMAL,1,0.006604499998502433
22.381669099995634,857,-0.2999999997090353,3.623366217178153e-05,8.794586693543117e-06,-0.3,MIQP_OPTIMAL,1,0.006904700014274567
22.448502399987774,867,-0.2999999996532877,4.293686261315176e-05,1.070933050256439e-05,-0.3,MIQP_OPTIMAL,1,0.00857710000127554
22.515040400001453,878,-0.299999999608132,4.836647680786985e-05,1.2382783205358841e-05,-0.3,MIQP_OPTIMAL,1,0.008813099993858486
22.581651399988914,889,-0.2999999997305943,4.300135171362105e-05,1.1343703160684431e-05,-0.3,MIQP_OPTIMAL,1,0.006855300016468391
22.648319900006754,902,-0.3,5.6185758323143745e-05,1.5516524607767856e-05,-0.3,MIQP_OPTIMAL,1,0.007403900002827868
22.71503190000658,918,-0.3,4.164681719646133e-05,1.1916045747412229e-05,-0.3,MIQP_OPTIMAL,1,0.01020980000612326
22.781695000012405,937,-0.2999999982800411,2.3592420794741486e-05,7.057266949210107e-06,-0.2999999982800411,MIQP_OPTIMAL,1,0.009798200015211478
22.848331799992593,970,-0.3,2.3592420794741486e-05,7.2680779794205576e-06,-0.3,MIQP_OPTIMAL,1,0.009803199995076284
