t,solve_time,solver_success,solver_status,number_of_config_obstacles,active_obstacles,active_edges,binary_variables,total_binary_variables
5.00003807246685e-07,0.006298399996012449,1,MIQP_OPTIMAL,100,1,4,120,480
0.0733020999468863,0.005183700006455183,1,MIQP_OPTIMAL,100,1,4,120,480
0.17325150000397116,0.0058935999404639006,1,MIQP_OPTIMAL,100,1,4,120,480
0.27329839998856187,0.004941100021824241,1,MIQP_OPTIMAL,100,1,4,120,480
0.3742801999906078,0.005302299978211522,1,MIQP_OPTIMAL,100,1,4,120,480
0.47335169999860227,0.005613000015728176,1,MIQP_OPTIMAL,100,1,4,120,480
0.5733921999344602,0.005345900077372789,1,MIQP_OPTIMAL,100,1,4,120,480
0.6735233999788761,0.005364299984648824,1,MIQP_OPTIMAL,100,1,4,120,480
0.7735668999375775,0.007244699983857572,1,MIQP_OPTIMAL,100,1,4,120,480
0.8734879000112414,0.005357900052331388,1,MIQP_OPTIMAL,100,1,4,120,480
0.9734334000386298,0.00600520009174943,1,MIQP_OPTIMAL,100,1,4,120,480
1.073590400046669,0.0065620000241324306,1,MIQP_OPTIMAL,100,2,8,240,480
1.173384299967438,0.006336500053294003,1,MIQP_OPTIMAL,100,2,8,240,480
1.2734194999793544,0.010208799969404936,1,MIQP_OPTIMAL,100,2,8,240,480
1.3735970000270754,0.007464399910531938,1,MIQP_OPTIMAL,100,2,8,240,480
1.506809400045313,0.0058614000445231795,1,MIQP_OPTIMAL,100,2,8,240,480
1.607741600018926,0.0066998000256717205,1,MIQP_OPTIMAL,100,2,8,240,480
1.7403092000167817,0.009570299996994436,1,MIQP_OPTIMAL,100,2,8,240,480
1.8806602000258863,0.006375099997967482,1,MIQP_OPTIMAL,100,2,8,240,480
1.9743995999451727,0.005284400074742734,1,MIQP_OPTIMAL,100,2,8,240,480
2.0734514000359923,0.005850400077179074,1,MIQP_OPTIMAL,100,2,8,240,480
2.173318399931304,0.006960100028663874,1,MIQP_OPTIMAL,100,3,12,360,480
2.273275699932128,0.005823300103656948,1,MIQP_OPTIMAL,100,3,12,360,480
2.3739254999672994,0.0056316000409424305,1,MIQP_OPTIMAL,100,3,12,360,480
2.4732985999435186,0.006056600017473102,1,MIQP_OPTIMAL,100,3,12,360,480
2.574041199986823,0.005411799997091293,1,MIQP_OPTIMAL,100,3,12,360,480
2.673683200031519,0.004954600008204579,1,MIQP_OPTIMAL,100,3,12,360,480
2.7733305000001565,0.00886579998768866,1,MIQP_OPTIMAL,100,3,12,360,480
2.8734089999925345,0.017579699982888997,1,MIQP_OPTIMAL,100,3,12,360,480
2.9732931000180542,0.017513499944470823,1,MIQP_OPTIMAL,100,3,12,360,480
3.1065960000269115,0.017609799979254603,1,MIQP_OPTIMAL,100,3,12,360,480
3.2066807999508455,0.01630390004720539,1,MIQP_OPTIMAL,100,3,12,360,480
3.306526300031692,0.02159130002837628,1,MIQP_OPTIMAL,100,3,12,360,480
3.4067661999724805,0.021900500054471195,1,MIQP_OPTIMAL,100,3,12,360,480
3.5069303000345826,0.03982810000889003,1,MIQP_OPTIMAL,100,4,16,480,480
3.6734786999877542,0.03529909998178482,1,MIQP_OPTIMAL,100,4,16,480,480
3.8067684000125155,0.01882210001349449,1,MIQP_OPTIMAL,100,4,16,480,480
3.906785099999979,0.01890230004210025,1,MIQP_OPTIMAL,100,4,16,480,480
4.006806300021708,0.01963290001731366,1,MIQP_OPTIMAL,100,4,16,480,480
4.106736399931833,0.01830540003720671,1,MIQP_OPTIMAL,100,4,16,480,480
4.2073848999571055,0.02577379997819662,1,MIQP_OPTIMAL,100,4,16,480,480
4.340571200009435,0.023079700069501996,1,MIQP_OPTIMAL,100,4,16,480,480
4.4399476000107825,0.05610230006277561,1,MIQP_OPTIMAL,100,4,16,480,480
4.5733703000005335,0.06761389994062483,1,MIQP_OPTIMAL,100,3,12,360,480
4.740120399976149,0.1050686000380665,1,MIQP_OPTIMAL,100,3,12,360,480
4.940902599948458,0.04629979992751032,1,MIQP_OPTIMAL,100,3,12,360,480
5.0736678999383,0.029347999952733517,1,MIQP_OPTIMAL,100,3,12,360,480
5.208041399950162,0.02415890002157539,1,MIQP_OPTIMAL,100,3,12,360,480
5.339889899943955,0.018726499984040856,1,MIQP_OPTIMAL,100,3,12,360,480
5.473326600040309,0.018169099930673838,1,MIQP_OPTIMAL,100,3,12,360,480
5.5738177000312135,0.01929789991118014,1,MIQP_OPTIMAL,100,3,12,360,480
5.673494699993171,0.03487390000373125,1,MIQP_OPTIMAL,100,3,12,360,480
5.806650400045328,0.019205800024792552,1,MIQP_OPTIMAL,100,2,8,240,480
5.906638399930671,0.03964159998577088,1,MIQP_OPTIMAL,100,2,8,240,480
6.04011449997779,0.05227540002670139,1,MIQP_OPTIMAL,100,3,12,360,480
6.173395799938589,0.07476210000459105,1,MIQP_OPTIMAL,100,3,12,360,480
6.340639299945906,0.10286350001115352,1,MIQP_OPTIMAL,100,3,12,360,480
6.54117620002944,0.10990809998475015,1,MIQP_OPTIMAL,100,3,12,360,480
6.773465899983421,0.08945410000160336,1,MIQP_OPTIMAL,100,4,16,480,480
6.940135200042278,0.0545008999761194,1,MIQP_OPTIMAL,100,4,16,480,480
7.073811399983242,0.06971900002099574,1,MIQP_OPTIMAL,100,4,16,480,480
7.24011909996625,0.012305299984291196,1,MIQP_OPTIMAL,100,3,12,360,480
7.340030099963769,0.014995800098404288,1,MIQP_OPTIMAL,100,4,16,480,480
7.440173399983905,0.014400899992324412,1,MIQP_OPTIMAL,100,4,16,480,480
7.540191299980506,0.012992599979043007,1,MIQP_OPTIMAL,100,4,16,480,480
7.640260300016962,0.012682900065556169,1,MIQP_OPTIMAL,100,4,16,480,480
7.740924300043844,0.013232700061053038,1,MIQP_OPTIMAL,100,4,16,480,480
7.840378999942914,0.013550600036978722,1,MIQP_OPTIMAL,100,4,16,480,480
7.939914799993858,0.013212200021371245,1,MIQP_OPTIMAL,100,4,16,480,480
8.040149500011466,0.013683299999684095,1,MIQP_OPTIMAL,100,4,16,480,480
8.14024670002982,0.012920700013637543,1,MIQP_OPTIMAL,100,4,16,480,480
8.239896000013687,0.012629400007426739,1,MIQP_OPTIMAL,100,3,12,360,480
8.339888699934818,0.011555399978533387,1,MIQP_OPTIMAL,100,3,12,360,480
8.439936500042677,0.010533799999393523,1,MIQP_OPTIMAL,100,3,12,360,480
8.540192099986598,0.016627400065772235,1,MIQP_OPTIMAL,100,4,16,480,480
8.639897899935022,0.014307300094515085,1,MIQP_OPTIMAL,100,4,16,480,480
8.740194399957545,0.013520700042136014,1,MIQP_OPTIMAL,100,4,16,480,480
8.840028499951586,0.015590599970892072,1,MIQP_OPTIMAL,100,4,16,480,480
8.940210000029765,0.02336899994406849,1,MIQP_OPTIMAL,100,3,12,360,480
9.04013280000072,0.02250409999396652,1,MIQP_OPTIMAL,100,3,12,360,480
9.140154000022449,0.020203900057822466,1,MIQP_OPTIMAL,100,3,12,360,480
9.240115799941123,0.029074199963361025,1,MIQP_OPTIMAL,100,3,12,360,480
9.373327199951746,0.021487400052137673,1,MIQP_OPTIMAL,100,3,12,360,480
9.473745699971914,0.02208009990863502,1,MIQP_OPTIMAL,100,3,12,360,480
9.573533999966457,0.050431699957698584,1,MIQP_OPTIMAL,100,4,16,480,480
9.706895899958909,0.06443359993863851,1,MIQP_OPTIMAL,100,4,16,480,480
9.840073799947277,0.07182929990813136,1,MIQP_OPTIMAL,100,3,12,360,480
10.006802199990489,0.044920300017111,1,MIQP_OPTIMAL,100,3,12,360,480
10.140246100025252,0.014928899938240647,1,MIQP_OPTIMAL,100,3,12,360,480
10.239967399975285,0.01787689991760999,1,MIQP_OPTIMAL,100,3,12,360,480
10.340041899937205,0.016145500005222857,1,MIQP_OPTIMAL,100,2,8,240,480
10.440693799988367,0.013477900065481663,1,MIQP_OPTIMAL,100,2,8,240,480
10.540043400018476,0.013120900024659932,1,MIQP_OPTIMAL,100,2,8,240,480
10.640251699951477,0.013098100083880126,1,MIQP_OPTIMAL,100,2,8,240,480
10.740271699964069,0.01183209998998791,1,MIQP_OPTIMAL,100,2,8,240,480
10.840009200037457,0.02654130000155419,1,MIQP_OPTIMAL,100,3,12,360,480
10.940239500021562,0.013686200021766126,1,MIQP_OPTIMAL,100,3,12,360,480
11.040391499991529,0.014422600041143596,1,MIQP_OPTIMAL,100,3,12,360,480
11.140286499983631,0.013552299933508039,1,MIQP_OPTIMAL,100,3,12,360,480
11.240044199978001,0.013222199981100857,1,MIQP_OPTIMAL,100,3,12,360,480
11.340941800037399,0.012010099948383868,1,MIQP_OPTIMAL,100,3,12,360,480
11.440160600002855,0.01387519994750619,1,MIQP_OPTIMAL,100,3,12,360,480
11.540063799940981,0.013398900046013296,1,MIQP_OPTIMAL,100,3,12,360,480
11.640175299951807,0.014808699954301119,1,MIQP_OPTIMAL,100,3,12,360,480
11.740040799952112,0.015033300034701824,1,MIQP_OPTIMAL,100,3,12,360,480
11.839956699986942,0.014559000032022595,1,MIQP_OPTIMAL,100,3,12,360,480
11.94017580000218,0.014629499986767769,1,MIQP_OPTIMAL,100,3,12,360,480
12.039985100040212,0.013191900099627674,1,MIQP_OPTIMAL,100,3,12,360,480
12.140106600010768,0.013963099918328226,1,MIQP_OPTIMAL,100,3,12,360,480
12.240056799957529,0.01448580005671829,1,MIQP_OPTIMAL,100,3,12,360,480
12.340237600030378,0.04121039994060993,1,MIQP_OPTIMAL,100,3,12,360,480
12.473700899980031,0.02914579992648214,1,MIQP_OPTIMAL,100,3,12,360,480
12.60680249996949,0.0339129000203684,1,MIQP_OPTIMAL,100,3,12,360,480
12.740159600041807,0.04502610000781715,1,MIQP_OPTIMAL,100,3,12,360,480
12.873516699997708,0.04203730006702244,1,MIQP_OPTIMAL,100,3,12,360,480
13.006864399998449,0.05958990007638931,1,MIQP_OPTIMAL,100,4,16,480,480
13.173427299945615,0.07235439994838089,1,MIQP_OPTIMAL,100,3,12,360,480
13.340077599976212,0.04526929999701679,1,MIQP_OPTIMAL,100,3,12,360,480
13.473662400036119,0.04485209996346384,1,MIQP_OPTIMAL,100,3,12,360,480
13.606755599961616,0.07338640000671148,1,MIQP_OPTIMAL,100,2,8,240,480
13.773927300004289,0.05217190005350858,1,MIQP_OPTIMAL,100,2,8,240,480
13.906598099973053,0.059269499965012074,1,MIQP_OPTIMAL,100,2,8,240,480
14.04013560002204,0.07828259991947562,1,MIQP_OPTIMAL,100,3,12,360,480
14.240361799951643,0.01628539990633726,1,MIQP_OPTIMAL,100,2,8,240,480
14.340052900020964,0.018788499990478158,1,MIQP_OPTIMAL,100,2,8,240,480
14.43998779996764,0.010324100032448769,1,MIQP_OPTIMAL,100,2,8,240,480
14.540087300003506,0.018842299934476614,1,MIQP_OPTIMAL,100,2,8,240,480
14.640067799948156,0.016651000012643635,1,MIQP_OPTIMAL,100,2,8,240,480
14.739983699982986,0.01464119995944202,1,MIQP_OPTIMAL,100,2,8,240,480
14.840021800016984,0.010441099992021918,1,MIQP_OPTIMAL,100,2,8,240,480
14.940183299942873,0.01173409994225949,1,MIQP_OPTIMAL,100,2,8,240,480
15.040597000042908,0.00951340002939105,1,MIQP_OPTIMAL,100,2,8,240,480
15.140222999965772,0.01925640006083995,1,MIQP_OPTIMAL,100,2,8,240,480
15.24023410002701,0.018273900030180812,1,MIQP_OPTIMAL,100,2,8,240,480
15.340172199998051,0.015352300019003451,1,MIQP_OPTIMAL,100,2,8,240,480
15.4400583000388,0.01662210002541542,1,MIQP_OPTIMAL,100,2,8,240,480
15.540291899931617,0.020175599958747625,1,MIQP_OPTIMAL,100,2,8,240,480
15.640246800030582,0.05550819996278733,1,MIQP_OPTIMAL,100,3,12,360,480
15.773719699936919,0.014939300017431378,1,MIQP_OPTIMAL,100,4,16,480,480
15.873377999989316,0.041915299952961504,1,MIQP_OPTIMAL,100,4,16,480,480
16.006709999986924,0.02454729995224625,1,MIQP_OPTIMAL,100,4,16,480,480
16.106837400002405,0.026893700007349253,1,MIQP_OPTIMAL,100,4,16,480,480
16.206755099934526,0.02835459995549172,1,MIQP_OPTIMAL,100,4,16,480,480
16.306680800043978,0.026516499929130077,1,MIQP_OPTIMAL,100,4,16,480,480
16.406829899991862,0.030333600006997585,1,MIQP_OPTIMAL,100,4,16,480,480
16.540393900009803,0.021576000028289855,1,MIQP_OPTIMAL,100,4,16,480,480
16.640193399973214,0.02351309999357909,1,MIQP_OPTIMAL,100,4,16,480,480
16.73997250001412,0.01765489997342229,1,MIQP_OPTIMAL,100,4,16,480,480
16.840252300025895,0.02475159999448806,1,MIQP_OPTIMAL,100,3,12,360,480
16.973359199939296,0.0563612999394536,1,MIQP_OPTIMAL,100,3,12,360,480
17.141330100013874,0.08132430003024638,1,MIQP_OPTIMAL,100,4,16,480,480
17.306705700000748,0.08685389999300241,1,MIQP_OPTIMAL,100,4,16,480,480
17.473636999959126,0.11267040006350726,1,MIQP_OPTIMAL,100,4,16,480,480
17.673325499985367,0.12428990006446838,1,MIQP_OPTIMAL,100,4,16,480,480
17.873772999970242,0.050154399941675365,1,MIQP_OPTIMAL,100,4,16,480,480
18.006859299959615,0.019668000051751733,1,MIQP_OPTIMAL,100,4,16,480,480
18.14048719999846,0.017382799996994436,1,MIQP_OPTIMAL,100,4,16,480,480
18.240427699987777,0.014502900070510805,1,MIQP_OPTIMAL,100,4,16,480,480
18.34017760003917,0.013910299981944263,1,MIQP_OPTIMAL,100,4,16,480,480
18.440234899986535,0.022053400054574013,1,MIQP_OPTIMAL,100,4,16,480,480
18.54014429997187,0.014471700065769255,1,MIQP_OPTIMAL,100,4,16,480,480
18.640011899988167,0.013073900016024709,1,MIQP_OPTIMAL,100,4,16,480,480
18.74018680001609,0.022887500002980232,1,MIQP_OPTIMAL,100,4,16,480,480
18.840184399974532,0.021426600054837763,1,MIQP_OPTIMAL,100,4,16,480,480
18.94023249996826,0.04536180000286549,1,MIQP_OPTIMAL,100,4,16,480,480
19.07424170000013,0.017150299972854555,1,MIQP_OPTIMAL,100,4,16,480,480
19.173533499939367,0.01798070000950247,1,MIQP_OPTIMAL,100,4,16,480,480
19.273546200012788,0.01780310005415231,1,MIQP_OPTIMAL,100,4,16,480,480
19.373621299979277,0.018061200040392578,1,MIQP_OPTIMAL,100,4,16,480,480
19.4739341000095,0.016321200062520802,1,MIQP_OPTIMAL,100,4,16,480,480
19.57334520004224,0.016704399953596294,1,MIQP_OPTIMAL,100,4,16,480,480
19.67382559995167,0.022898799972608685,1,MIQP_OPTIMAL,100,4,16,480,480
19.774133499944583,0.017316399957053363,1,MIQP_OPTIMAL,100,4,16,480,480
19.873489000019617,0.018568199942819774,1,MIQP_OPTIMAL,100,4,16,480,480
19.973634799942374,0.018652400001883507,1,MIQP_OPTIMAL,100,4,16,480,480
20.074085199972615,0.019962499965913594,1,MIQP_OPTIMAL,100,4,16,480,480
20.173554399982095,0.01825470000039786,1,MIQP_OPTIMAL,100,4,16,480,480
20.273553299950436,0.017844900023192167,1,MIQP_OPTIMAL,100,4,16,480,480
20.373591599985957,0.016633199993520975,1,MIQP_OPTIMAL,100,4,16,480,480
20.47381819994189,0.0371943999780342,1,MIQP_OPTIMAL,100,4,16,480,480
20.60682819993235,0.022637100075371563,1,MIQP_OPTIMAL,100,4,16,480,480
20.7069763999898,0.01672600000165403,1,MIQP_OPTIMAL,100,4,16,480,480
20.806885199970566,0.03660490002948791,1,MIQP_OPTIMAL,100,4,16,480,480
20.940270000020973,0.01838530006352812,1,MIQP_OPTIMAL,100,4,16,480,480
21.07363160001114,0.014132500044070184,1,MIQP_OPTIMAL,100,4,16,480,480
21.173730400041677,0.011762999929487705,1,MIQP_OPTIMAL,100,4,16,480,480
21.273610900039785,0.012703099986538291,1,MIQP_OPTIMAL,100,4,16,480,480
21.37380249996204,0.013530399999581277,1,MIQP_OPTIMAL,100,4,16,480,480
21.473347699968144,0.012573300045914948,1,MIQP_OPTIMAL,100,4,16,480,480
21.573596199974418,0.013745100004598498,1,MIQP_OPTIMAL,100,4,16,480,480
21.67361009994056,0.01739870000164956,1,MIQP_OPTIMAL,100,4,16,480,480
21.773588599986397,0.018986399983987212,1,MIQP_OPTIMAL,100,4,16,480,480
21.906989800045267,0.016797299962490797,1,MIQP_OPTIMAL,100,4,16,480,480
22.006853200029582,0.027408100082539022,1,MIQP_OPTIMAL,100,4,16,480,480
22.106927799992263,0.039011199958622456,1,MIQP_OPTIMAL,100,4,16,480,480
22.240313899936154,0.01767400000244379,1,MIQP_OPTIMAL,100,4,16,480,480
22.340585300000384,0.020960000110790133,1,MIQP_OPTIMAL,100,4,16,480,480
22.44033999997191,0.026270999922417104,1,MIQP_OPTIMAL,100,4,16,480,480
22.540319700026885,0.03398479998577386,1,MIQP_OPTIMAL,100,4,16,480,480
22.640212600002997,0.04308610002044588,1,MIQP_OPTIMAL,100,4,16,480,480
22.773711399990134,0.03020240005571395,1,MIQP_OPTIMAL,100,4,16,480,480
22.873723099939525,0.03509649995248765,1,MIQP_OPTIMAL,100,4,16,480,480
22.973470899974927,0.04049959999974817,1,MIQP_OPTIMAL,100,4,16,480,480
23.10693549993448,0.05519289989024401,1,MIQP_OPTIMAL,100,4,16,480,480
23.240223199944012,0.04567190003581345,1,MIQP_OPTIMAL,100,4,16,480,480
23.373700399999507,0.052591699990443885,1,MIQP_OPTIMAL,100,4,16,480,480
23.507897299947217,0.02451350004412234,1,MIQP_OPTIMAL,100,4,16,480,480
23.60673240001779,0.022210099967196584,1,MIQP_OPTIMAL,100,4,16,480,480
23.706995100015774,0.024037000024691224,1,MIQP_OPTIMAL,100,4,16,480,480
23.806973399943672,0.06755860010161996,1,MIQP_OPTIMAL,100,4,16,480,480
23.97370780003257,0.018844799953512847,1,MIQP_OPTIMAL,100,4,16,480,480
24.0738343000412,0.02055000001564622,1,MIQP_OPTIMAL,100,4,16,480,480
24.17370459996164,0.024038700037635863,1,MIQP_OPTIMAL,100,4,16,480,480
24.27361130004283,0.025522900046780705,1,MIQP_OPTIMAL,100,4,16,480,480
24.37357840000186,0.022017900017090142,1,MIQP_OPTIMAL,100,4,16,480,480
24.473639899981208,0.021680800011381507,1,MIQP_OPTIMAL,100,4,16,480,480
24.573700599954464,0.019442199962213635,1,MIQP_OPTIMAL,100,4,16,480,480
24.67404890002217,0.020965599920600653,1,MIQP_OPTIMAL,100,4,16,480,480
24.77367589995265,0.01602229999843985,1,MIQP_OPTIMAL,100,4,16,480,480
24.873865199973807,0.013671200023964047,1,MIQP_OPTIMAL,100,4,16,480,480
24.973888600012287,0.015058699995279312,1,MIQP_OPTIMAL,100,4,16,480,480
25.073928399942815,0.0191941000521183,1,MIQP_OPTIMAL,100,4,16,480,480
25.173719299957156,0.020023399963974953,1,MIQP_OPTIMAL,100,4,16,480,480
25.27372739999555,0.06984010001178831,1,MIQP_OPTIMAL,100,4,16,480,480
25.440246299956925,0.03080829989630729,1,MIQP_OPTIMAL,100,4,16,480,480
25.540136000025086,0.027723899926058948,1,MIQP_OPTIMAL,100,4,16,480,480
25.673568499973044,0.026071099913679063,1,MIQP_OPTIMAL,100,4,16,480,480
25.77365959994495,0.023528299992904067,1,MIQP_OPTIMAL,100,4,16,480,480
25.873813400045037,0.023272800026461482,1,MIQP_OPTIMAL,100,4,16,480,480
25.973492500022985,0.017605399945750833,1,MIQP_OPTIMAL,100,4,16,480,480
26.07347189995926,0.07790630008094013,1,MIQP_OPTIMAL,100,4,16,480,480
26.24035149998963,0.07293739996384829,1,MIQP_OPTIMAL,100,4,16,480,480
26.406944699934684,0.0819709999486804,1,MIQP_OPTIMAL,100,4,16,480,480
26.573638699948788,0.08092950005084276,1,MIQP_OPTIMAL,100,4,16,480,480
26.740120199974626,0.06844409997574985,1,MIQP_OPTIMAL,100,3,12,360,480
26.90689390001353,0.04566930001601577,1,MIQP_OPTIMAL,100,2,8,240,480
27.040413800044917,0.038231999962590635,1,MIQP_OPTIMAL,100,2,8,240,480
27.17369319999125,0.014537899987772107,1,MIQP_OPTIMAL,100,2,8,240,480
27.27368859993294,0.018101300112903118,1,MIQP_OPTIMAL,100,2,8,240,480
27.373491700040177,0.013658899930305779,1,MIQP_OPTIMAL,100,2,8,240,480
27.47366250003688,0.016657000058330595,1,MIQP_OPTIMAL,100,2,8,240,480
27.573668899945915,0.05327869998291135,1,MIQP_OPTIMAL,100,2,8,240,480
27.70699610002339,0.07131739996839315,1,MIQP_OPTIMAL,100,2,8,240,480
27.873924299958162,0.061760100070387125,1,MIQP_OPTIMAL,100,2,8,240,480
28.04063549998682,0.0269566000206396,1,MIQP_OPTIMAL,100,2,8,240,480
28.173596699954942,0.01025559997651726,1,MIQP_OPTIMAL,100,2,8,240,480
28.27367649995722,0.009627000079490244,1,MIQP_OPTIMAL,100,2,8,240,480
28.373766400036402,0.010050400043837726,1,MIQP_OPTIMAL,100,2,8,240,480
28.473665999947116,0.011492099962197244,1,MIQP_OPTIMAL,100,2,8,240,480
28.573792099952698,0.010312700062058866,1,MIQP_OPTIMAL,100,2,8,240,480
28.67375970003195,0.01227509998716414,1,MIQP_OPTIMAL,100,2,8,240,480
28.773725699982606,0.011152299935929477,1,MIQP_OPTIMAL,100,2,8,240,480
28.873836899991147,0.01880319998599589,1,MIQP_OPTIMAL,100,4,16,480,480
28.97398210002575,0.013544299989007413,1,MIQP_OPTIMAL,100,4,16,480,480
29.07368629996199,0.02559760003350675,1,MIQP_OPTIMAL,100,4,16,480,480
29.173823199933395,0.025058100000023842,1,MIQP_OPTIMAL,100,4,16,480,480
29.273685000021942,0.024888899992220104,1,MIQP_OPTIMAL,100,4,16,480,480
29.373568100039847,0.02258730004541576,1,MIQP_OPTIMAL,100,4,16,480,480
29.473609999986365,0.028366300044581294,1,MIQP_OPTIMAL,100,4,16,480,480
29.573588800034486,0.02446860005147755,1,MIQP_OPTIMAL,100,4,16,480,480
29.67404529999476,0.07657919998746365,1,MIQP_OPTIMAL,100,4,16,480,480
29.840287699946202,0.07905830000527203,1,MIQP_OPTIMAL,100,4,16,480,480
30.006926800007932,0.06044319993816316,1,MIQP_OPTIMAL,100,4,16,480,480
30.140336700016633,0.06553020002320409,1,MIQP_OPTIMAL,100,4,16,480,480
30.273709899978712,0.02538150001782924,1,MIQP_OPTIMAL,100,4,16,480,480
30.373588099959306,0.019632100011222064,1,MIQP_OPTIMAL,100,4,16,480,480
30.47349809994921,0.02565540000796318,1,MIQP_OPTIMAL,100,4,16,480,480
30.573562199948356,0.059854499995708466,1,MIQP_OPTIMAL,100,4,16,480,480
30.740459499997087,0.05495569994673133,1,MIQP_OPTIMAL,100,4,16,480,480
30.873879799968563,0.013455500011332333,1,MIQP_OPTIMAL,100,2,8,240,480
30.973864799947478,0.01435529999434948,1,MIQP_OPTIMAL,100,2,8,240,480
31.106929100002162,0.03310460003558546,1,MIQP_OPTIMAL,100,2,8,240,480
31.240268199937418,0.01991429994814098,1,MIQP_OPTIMAL,100,2,8,240,480
31.340268600033596,0.02178409998305142,1,MIQP_OPTIMAL,100,2,8,240,480
31.440160700003617,0.0534269999479875,1,MIQP_OPTIMAL,100,3,12,360,480
31.57377739995718,0.055622899904847145,1,MIQP_OPTIMAL,100,3,12,360,480
31.740250800037757,0.057836599997244775,1,MIQP_OPTIMAL,100,3,12,360,480
31.873683999991044,0.06574779993388802,1,MIQP_OPTIMAL,100,3,12,360,480
32.04036240000278,0.037123799906112254,1,MIQP_OPTIMAL,100,2,8,240,480
32.17375459999312,0.02758859994355589,1,MIQP_OPTIMAL,100,2,8,240,480
32.27369009994436,0.013655999908223748,1,MIQP_OPTIMAL,100,2,8,240,480
32.37402109999675,0.013728400110267103,1,MIQP_OPTIMAL,100,2,8,240,480
32.47378220001701,0.014900800073519349,1,MIQP_OPTIMAL,100,2,8,240,480
32.574461700045504,0.013089300016872585,1,MIQP_OPTIMAL,100,2,8,240,480
32.67371230002027,0.012824399978853762,1,MIQP_OPTIMAL,100,2,8,240,480
32.77377199998591,0.032035799929872155,1,MIQP_OPTIMAL,100,2,8,240,480
32.90711759997066,0.011616500094532967,1,MIQP_OPTIMAL,100,2,8,240,480
33.00717310002074,0.009912299923598766,1,MIQP_OPTIMAL,100,2,8,240,480
33.10708500002511,0.011209399905055761,1,MIQP_OPTIMAL,100,2,8,240,480
33.20712569996249,0.010098000057041645,1,MIQP_OPTIMAL,100,2,8,240,480
33.30690149997827,0.009263999992981553,1,MIQP_OPTIMAL,100,2,8,240,480
33.40711529995315,0.010511700063943863,1,MIQP_OPTIMAL,100,2,8,240,480
33.506818099995144,0.010753000038675964,1,MIQP_OPTIMAL,100,2,8,240,480
33.607050999999046,0.01392280007712543,1,MIQP_OPTIMAL,100,2,8,240,480
33.707075999933295,0.013121099909767509,1,MIQP_OPTIMAL,100,2,8,240,480
33.80704179999884,0.012534499983303249,1,MIQP_OPTIMAL,100,2,8,240,480
33.907071199966595,0.015859499922953546,1,MIQP_OPTIMAL,100,2,8,240,480
34.007116799941286,0.023608699906617403,1,MIQP_OPTIMAL,100,2,8,240,480
34.10690330003854,0.021538299974054098,1,MIQP_OPTIMAL,100,1,4,120,480
34.24015980004333,0.04663529992103577,1,MIQP_OPTIMAL,100,2,8,240,480
34.37387450004462,0.03743110003415495,1,MIQP_OPTIMAL,100,2,8,240,480
34.507078299997374,0.0820360000943765,1,MIQP_OPTIMAL,100,3,12,360,480
34.67459179996513,0.07295539998449385,1,MIQP_OPTIMAL,100,3,12,360,480
34.84029009996448,0.01889210008084774,1,MIQP_OPTIMAL,100,3,12,360,480
34.94033909996506,0.018059999914839864,1,MIQP_OPTIMAL,100,3,12,360,480
35.07362869998906,0.017680999939329922,1,MIQP_OPTIMAL,100,3,12,360,480
35.17377540003508,0.021599899977445602,1,MIQP_OPTIMAL,100,3,12,360,480
35.274233800009824,0.013566700043156743,1,MIQP_OPTIMAL,100,2,8,240,480
35.37376630003564,0.01320689998101443,1,MIQP_OPTIMAL,100,2,8,240,480
35.47383929998614,0.013146000099368393,1,MIQP_OPTIMAL,100,2,8,240,480
35.573793199961074,0.013771899975836277,1,MIQP_OPTIMAL,100,2,8,240,480
35.67360400001053,0.015619600075297058,1,MIQP_OPTIMAL,100,2,8,240,480
35.7737027000403,0.014064399991184473,1,MIQP_OPTIMAL,100,2,8,240,480
35.87373019999359,0.012815500027500093,1,MIQP_OPTIMAL,100,2,8,240,480
35.97380259993952,0.012845300021581352,1,MIQP_OPTIMAL,100,2,8,240,480
36.07351200003177,0.0133594999788329,1,MIQP_OPTIMAL,100,2,8,240,480
36.17372630001046,0.016985700000077486,1,MIQP_OPTIMAL,100,2,8,240,480
36.27392790000886,0.014522099983878434,1,MIQP_OPTIMAL,100,2,8,240,480
36.37364929995965,0.014738700003363192,1,MIQP_OPTIMAL,100,2,8,240,480
36.473850399954244,0.013177199987694621,1,MIQP_OPTIMAL,100,2,8,240,480
36.573571800021455,0.014905199990607798,1,MIQP_OPTIMAL,100,2,8,240,480
36.67374669993296,0.011532000033184886,1,MIQP_OPTIMAL,100,2,8,240,480
36.773729800013825,0.011370199965313077,1,MIQP_OPTIMAL,100,2,8,240,480
36.87354850000702,0.011040300014428794,1,MIQP_OPTIMAL,100,2,8,240,480
36.97361849993467,0.011005899985320866,1,MIQP_OPTIMAL,100,2,8,240,480
37.07353349996265,0.011885300045832992,1,MIQP_OPTIMAL,100,2,8,240,480
37.17362020001747,0.03562960005365312,1,MIQP_OPTIMAL,100,3,12,360,480
37.30691649997607,0.015305599896237254,1,MIQP_OPTIMAL,100,3,12,360,480
37.40694429993164,0.015176399960182607,1,MIQP_OPTIMAL,100,3,12,360,480
37.50710789998993,0.020395200001075864,1,MIQP_OPTIMAL,100,3,12,360,480
37.607031899970025,0.016252400004304945,1,MIQP_OPTIMAL,100,3,12,360,480
37.707167899934575,0.026488999952562153,1,MIQP_OPTIMAL,100,2,8,240,480
37.84024389996193,0.041925499914214015,1,MIQP_OPTIMAL,100,3,12,360,480
37.97391319996677,0.05131660006009042,1,MIQP_OPTIMAL,100,4,16,480,480
38.10694149998017,0.06565660005435348,1,MIQP_OPTIMAL,100,4,16,480,480
38.273865499999374,0.02026089990977198,1,MIQP_OPTIMAL,100,4,16,480,480
38.37353290000465,0.02170969999860972,1,MIQP_OPTIMAL,100,4,16,480,480
38.47377559996676,0.02136660006362945,1,MIQP_OPTIMAL,100,4,16,480,480
38.573719699983485,0.022266400046646595,1,MIQP_OPTIMAL,100,4,16,480,480
38.673766599968076,0.023610300035215914,1,MIQP_OPTIMAL,100,4,16,480,480
38.7738128999481,0.025097900070250034,1,MIQP_OPTIMAL,100,4,16,480,480
38.873703700024635,0.020680999965406954,1,MIQP_OPTIMAL,100,4,16,480,480
38.97388740000315,0.024151199962943792,1,MIQP_OPTIMAL,100,4,16,480,480
39.07362080004532,0.019764799973927438,1,MIQP_OPTIMAL,100,4,16,480,480
39.17379849997815,0.022012799978256226,1,MIQP_OPTIMAL,100,4,16,480,480
39.273727699997835,0.0388517000246793,1,MIQP_OPTIMAL,100,4,16,480,480
39.40704510000069,0.046617800020612776,1,MIQP_OPTIMAL,100,4,16,480,480
39.540329699986614,0.06788360001519322,1,MIQP_OPTIMAL,100,4,16,480,480
39.707026900025085,0.04568410001229495,1,MIQP_OPTIMAL,100,4,16,480,480
39.840809499961324,0.07356879999861121,1,MIQP_OPTIMAL,100,4,16,480,480
40.00702869996894,0.07110519998241216,1,MIQP_OPTIMAL,100,4,16,480,480
40.1737980999751,0.13113610004074872,1,MIQP_OPTIMAL,100,4,16,480,480
40.3735619999934,0.0711463000625372,1,MIQP_OPTIMAL,100,3,12,360,480
40.540461399941705,0.03653729998040944,1,MIQP_OPTIMAL,100,2,8,240,480
40.673846399993636,0.0113625000230968,1,MIQP_OPTIMAL,100,1,4,120,480
40.7736969999969,0.012121899984776974,1,MIQP_OPTIMAL,100,1,4,120,480
40.87376400001813,0.01281129999551922,1,MIQP_OPTIMAL,100,1,4,120,480
40.974108599941246,0.03153290005866438,1,MIQP_OPTIMAL,100,2,8,240,480
41.10718129994348,0.01598809997085482,1,MIQP_OPTIMAL,100,2,8,240,480
41.20706309995148,0.05544879997614771,1,MIQP_OPTIMAL,100,3,12,360,480
41.3403862999985,0.020559099968522787,1,MIQP_OPTIMAL,100,3,12,360,480
41.4402218000032,0.020905000041238964,1,MIQP_OPTIMAL,100,3,12,360,480
41.54027869994752,0.02103720000013709,1,MIQP_OPTIMAL,100,3,12,360,480
41.67383260000497,0.017901299986988306,1,MIQP_OPTIMAL,100,3,12,360,480
41.77382350002881,0.01961070008110255,1,MIQP_OPTIMAL,100,3,12,360,480
41.87384629994631,0.020432100049220026,1,MIQP_OPTIMAL,100,3,12,360,480
41.973749199998565,0.02796360000502318,1,MIQP_OPTIMAL,100,3,12,360,480
42.107078499975614,0.021357699995860457,1,MIQP_OPTIMAL,100,3,12,360,480
42.20690799993463,0.0749923000112176,1,MIQP_OPTIMAL,100,4,16,480,480
42.37386679998599,0.055153600056655705,1,MIQP_OPTIMAL,100,4,16,480,480
42.50728060002439,0.028916999930515885,1,MIQP_OPTIMAL,100,4,16,480,480
42.64048830000684,0.04722499998752028,1,MIQP_OPTIMAL,100,4,16,480,480
42.773702900041826,0.0597202000208199,1,MIQP_OPTIMAL,100,4,16,480,480
42.90695109998342,0.01482939999550581,1,MIQP_OPTIMAL,100,4,16,480,480
43.007206900045276,0.01720729994121939,1,MIQP_OPTIMAL,100,4,16,480,480
43.10685109999031,0.019796899985522032,1,MIQP_OPTIMAL,100,3,12,360,480
43.20689369994216,0.042966100038029253,1,MIQP_OPTIMAL,100,3,12,360,480
43.34040720004123,0.04399170004762709,1,MIQP_OPTIMAL,100,3,12,360,480
43.473789699957706,0.040901799919083714,1,MIQP_OPTIMAL,100,3,12,360,480
43.60702340002172,0.05011940002441406,1,MIQP_OPTIMAL,100,3,12,360,480
43.74044349999167,0.06385469995439053,1,MIQP_OPTIMAL,100,4,16,480,480
43.907203900045715,0.060253099887631834,1,MIQP_OPTIMAL,100,4,16,480,480
44.07386550004594,0.043657599948346615,1,MIQP_OPTIMAL,100,3,12,360,480
44.206960599985905,0.07830319995991886,1,MIQP_OPTIMAL,100,4,16,480,480
44.37379680003505,0.028097700094804168,1,MIQP_OPTIMAL,100,4,16,480,480
44.50697410001885,0.09938909998163581,1,MIQP_OPTIMAL,100,4,16,480,480
44.67375349998474,0.018613900057971478,1,MIQP_OPTIMAL,100,4,16,480,480
44.77376030001324,0.014490899979136884,1,MIQP_OPTIMAL,100,4,16,480,480
44.87403559999075,0.015218300046399236,1,MIQP_OPTIMAL,100,4,16,480,480
44.973713199957274,0.014728000038303435,1,MIQP_OPTIMAL,100,4,16,480,480
45.07384920003824,0.02326290006749332,1,MIQP_OPTIMAL,100,4,16,480,480
45.17395640001632,0.05447849992197007,1,MIQP_OPTIMAL,100,4,16,480,480
45.30703809997067,0.04089200007729232,1,MIQP_OPTIMAL,100,3,12,360,480
45.44051069999114,0.03876210004091263,1,MIQP_OPTIMAL,100,3,12,360,480
45.57386699994095,0.060024100006558,1,MIQP_OPTIMAL,100,3,12,360,480
45.74078059999738,0.05446409992873669,1,MIQP_OPTIMAL,100,3,12,360,480
45.873701600008644,0.04761110001709312,1,MIQP_OPTIMAL,100,3,12,360,480
46.00726039998699,0.046001599985174835,1,MIQP_OPTIMAL,100,3,12,360,480
46.17387289996259,0.04047719994559884,1,MIQP_OPTIMAL,100,3,12,360,480
46.30693550000433,0.045920199947431684,1,MIQP_OPTIMAL,100,3,12,360,480
46.44064010004513,0.054597700014710426,1,MIQP_OPTIMAL,100,4,16,480,480
46.60756899998523,0.016606600023806095,1,MIQP_OPTIMAL,100,4,16,480,480
46.70771500002593,0.013163900002837181,1,MIQP_OPTIMAL,100,4,16,480,480
46.80737239995506,0.013677199953235686,1,MIQP_OPTIMAL,100,4,16,480,480
46.907234200043604,0.01548000006005168,1,MIQP_OPTIMAL,100,4,16,480,480
47.00733970000874,0.015366500010713935,1,MIQP_OPTIMAL,100,3,12,360,480
47.10762150003575,0.011423900024965405,1,MIQP_OPTIMAL,100,3,12,360,480
47.20805479993578,0.013341399957425892,1,MIQP_OPTIMAL,100,3,12,360,480
47.307350900024176,0.022312000044621527,1,MIQP_OPTIMAL,100,3,12,360,480
47.407330099958926,0.029656699975021183,1,MIQP_OPTIMAL,100,3,12,360,480
47.54076450003777,0.012347799958661199,1,MIQP_OPTIMAL,100,3,12,360,480
47.64074539998546,0.016392000019550323,1,MIQP_OPTIMAL,100,3,12,360,480
47.74066909996327,0.011973400018177927,1,MIQP_OPTIMAL,100,3,12,360,480
47.84071469993796,0.01050309999845922,1,MIQP_OPTIMAL,100,3,12,360,480
47.940497800009325,0.011168200056999922,1,MIQP_OPTIMAL,100,3,12,360,480
48.04077419999521,0.01014620007481426,1,MIQP_OPTIMAL,100,2,8,240,480
48.14137970004231,0.016968099982477725,1,MIQP_OPTIMAL,100,2,8,240,480
48.27487129997462,0.015033799922093749,1,MIQP_OPTIMAL,100,2,8,240,480
48.37419100000989,0.016914799925871193,1,MIQP_OPTIMAL,100,2,8,240,480
48.47469870001078,0.015806800103746355,1,MIQP_OPTIMAL,100,2,8,240,480
48.57399289996829,0.011019599973224103,1,MIQP_OPTIMAL,100,1,4,120,480
48.673904399969615,0.02771340007893741,1,MIQP_OPTIMAL,100,2,8,240,480
48.807274500024505,0.009791999938897789,1,MIQP_OPTIMAL,100,2,8,240,480
48.90735729993321,0.013532100012525916,1,MIQP_OPTIMAL,100,2,8,240,480
49.00714699993841,0.013968999963253736,1,MIQP_OPTIMAL,100,2,8,240,480
49.10724050004501,0.013742199982516468,1,MIQP_OPTIMAL,100,2,8,240,480
49.207415899960324,0.014591299928724766,1,MIQP_OPTIMAL,100,2,8,240,480
49.307418999960646,0.013201600057072937,1,MIQP_OPTIMAL,100,2,8,240,480
49.40719389996957,0.010117999976500869,1,MIQP_OPTIMAL,100,1,4,120,480
49.50711789994966,0.00952079996932298,1,MIQP_OPTIMAL,100,1,4,120,480
49.60959849995561,0.008963300031609833,1,MIQP_OPTIMAL,100,1,4,120,480
49.707303300034255,0.010204100050032139,1,MIQP_OPTIMAL,100,1,4,120,480
49.80727560003288,0.009200200089253485,1,MIQP_OPTIMAL,100,1,4,120,480
49.907182900002226,0.00921239994931966,1,MIQP_OPTIMAL,100,1,4,120,480
50.00725559995044,0.009164499933831394,1,MIQP_OPTIMAL,100,1,4,120,480
50.1071571999928,0.00856649992056191,1,MIQP_OPTIMAL,100,1,4,120,480
50.20724060002249,0.00899030000437051,1,MIQP_OPTIMAL,100,1,4,120,480
50.30826950003393,0.006731800036504865,1,MIQP_OPTIMAL,100,1,4,120,480
50.40741809993051,0.007438600063323975,1,MIQP_OPTIMAL,100,1,4,120,480
50.507243199972436,0.007358000031672418,1,MIQP_OPTIMAL,100,1,4,120,480
50.608027299982496,0.009536899975501001,1,MIQP_OPTIMAL,100,1,4,120,480
50.707348600029945,0.008109800051897764,1,MIQP_OPTIMAL,100,1,4,120,480
50.80721180001274,0.007128600031137466,1,MIQP_OPTIMAL,100,1,4,120,480
50.90738520002924,0.007637699949555099,1,MIQP_OPTIMAL,100,1,4,120,480
51.0071882000193,0.007603100035339594,1,MIQP_OPTIMAL,100,1,4,120,480
51.10737129999325,0.00820070004556328,1,MIQP_OPTIMAL,100,1,4,120,480
51.207419999991544,0.008247199933975935,1,MIQP_OPTIMAL,100,1,4,120,480
51.30737950000912,0.0073729000287130475,1,MIQP_OPTIMAL,100,1,4,120,480
51.40724720002618,0.007262200000695884,1,MIQP_OPTIMAL,100,1,4,120,480
51.50736009993125,0.009186799987219274,1,MIQP_OPTIMAL,100,1,4,120,480
51.607156199985184,0.008020699955523014,1,MIQP_OPTIMAL,100,1,4,120,480
51.7074601999484,0.007621700060553849,1,MIQP_OPTIMAL,100,1,4,120,480
51.80719209997915,0.007690600003115833,1,MIQP_OPTIMAL,100,1,4,120,480
51.90772709995508,0.007883099955506623,1,MIQP_OPTIMAL,100,1,4,120,480
52.007378899957985,0.0074362000450491905,1,MIQP_OPTIMAL,100,1,4,120,480
52.107142099994235,0.0074230000609532,1,MIQP_OPTIMAL,100,1,4,120,480
52.20750799996313,0.007443399983458221,1,MIQP_OPTIMAL,100,1,4,120,480
52.307187199941836,0.008801499963738024,1,MIQP_OPTIMAL,100,1,4,120,480
52.4073187999893,0.007314500049687922,1,MIQP_OPTIMAL,100,1,4,120,480
52.50716299994383,0.007580999983474612,1,MIQP_OPTIMAL,100,1,4,120,480
52.607217699987814,0.00810430001001805,1,MIQP_OPTIMAL,100,1,4,120,480
52.708382199984044,0.008566199918277562,1,MIQP_OPTIMAL,100,1,4,120,480
