time,reference_index,X_ref,Y_ref,psi_ref,vx_ref,delta_ref,ax_ref
5.00003807246685e-07,0,9.536742950899678e-09,0.0,0.0,9.936024165825452e-07,0.0,1.0
0.0733020999468863,3,0.0006666774861514568,0.0,0.0,0.7517763481579061,0.0,0.0
0.17325150000397116,7,0.0033333550672978163,0.0,0.0,0.7517763481579061,0.0,0.0
0.27329839998856187,9,0.008000031113624573,0.0,0.0,0.7517763481579061,0.0,0.0
0.3742801999906078,12,0.014666711911559105,0.0,0.0,0.7517763481579061,0.0,0.0
0.47335169999860227,15,0.023333394899964333,0.0,0.0,0.7517763481579061,0.0,0.0
0.5733921999344602,17,0.03400009498000145,0.0,0.0,0.7517763481579061,0.0,0.0
0.6735233999788761,20,0.04666680097579956,0.0,0.0,0.7517763481579061,0.0,0.0
0.7735668999375775,22,0.06133349612355232,0.0,0.0,0.7517763481579061,0.0,0.0
0.8734879000112414,25,0.07800021767616272,0.0,0.0,0.7517763481579061,0.0,0.0
0.9734334000386298,27,0.09666695445775986,0.0,0.0,0.7517763481579061,0.0,0.0
1.073590400046669,29,0.11733367294073105,0.0,0.0,0.7517763481579061,0.0,0.0
1.173384299967438,32,0.14000040292739868,0.0,0.0,0.7517763481579061,0.0,0.0
1.2734194999793544,34,0.16466712951660156,0.0,0.0,0.7517763481579061,0.0,0.0
1.3735970000270754,37,0.1913338452577591,0.0,0.0,0.7517763481579061,0.0,0.0
1.506809400045313,40,0.2293340116739273,0.0,0.0,0.7517763481579061,0.0,0.0
1.607741600018926,42,0.2600008249282837,0.0,0.0,0.7517763481579061,0.0,0.0
1.7403092000167817,45,0.3033342957496643,0.0,0.0,0.7517763481579061,0.0,0.0
1.8806602000258863,49,0.34933435916900635,0.0,0.0,0.7517763481579061,0.0,0.0
1.9743995999451727,51,0.3860011696815491,0.0,0.0,0.7517763481579061,0.0,0.0
2.0734514000359923,54,0.42466795444488525,0.0,0.0,0.7517763481579061,0.0,0.0
2.173318399931304,57,0.46533477306365967,0.0,0.0,0.7517763481579061,0.0,0.0
2.273275699932128,60,0.5080015063285828,0.0,0.0,0.7517763481579061,0.0,0.0
2.3739254999672994,63,0.5526683330535889,0.0,0.0,0.7517763481579061,0.0,0.0
2.4732985999435186,66,0.5993351340293884,0.0,0.0,0.7517763481579061,0.0,0.0
2.574041199986823,70,0.6480019092559814,0.0,0.0,0.7517763481579061,0.0,0.0
2.673683200031519,73,0.6986687779426575,0.0,0.0,0.7517763481579061,0.0,0.0
2.7733305000001565,77,0.7513172626495361,0.0,0.0,0.7517763481579061,0.0,0.0
2.8734089999925345,82,0.805867612361908,0.0,0.0,0.7517763481579061,0.0,0.0
2.9732931000180542,87,0.8621929883956909,0.0,0.0,0.7517763481579061,0.0,0.0
3.1065960000269115,94,0.9393168687820435,0.0,0.0,0.7517763481579061,0.0,0.0
3.2066807999508455,100,0.9988102316856384,0.0,0.0,0.7517763481579061,0.0,0.0
3.306526300031692,106,1.0597272280488093,0.0001928532838534356,0.009189825777107193,0.7517763481579061,0.07138131369164835,0.0
3.4067661999724805,112,1.122004560143853,0.0014129662360243033,0.03137928055617823,0.7517763481579061,0.10578599712405624,0.0
3.5069303000345826,118,1.1854897630904173,0.004273328600452942,0.05894472966177652,0.7517763481579061,0.11264738990700153,0.0
3.6734786999877542,128,1.2926460313873223,0.013008748664556305,0.10174873728055665,0.7517763481579061,0.08523399589974516,0.0
3.8067684000125155,136,1.3793981467682783,0.022939726282627696,0.12370902288694939,0.7517763481579061,0.04151917372508765,0.0
3.906785099999979,142,1.4452705324098427,0.03137278317251334,0.12913032300513844,0.7517763481579061,-0.0007875399418234294,0.0
4.006806300021708,148,1.5119244836647736,0.039879438886159115,0.12252603110307861,0.7517763481579061,-0.05127173769506162,0.0
4.106736399931833,154,1.5794514077532609,0.047552137483282145,0.101197140731731,0.7517763481579061,-0.11107066358792547,0.0
4.2073848999571055,161,1.6479440462280692,0.053272659864824594,0.06213107697993493,0.7517763481579061,-0.18094789345574971,0.0
4.340571200009435,170,1.740867920768888,0.05536498850985093,-0.023646759030719222,0.7517763481579061,-0.28501512837540416,0.0
4.4399476000107825,178,1.8113702356164916,0.05058957464862771,-0.11522569629071117,0.7517763481579061,-0.3544120620834749,0.0
4.5733703000005335,188,1.9045438570010422,0.03293813094583916,-0.26108802018637917,0.7517763481579061,-0.3792283136733009,0.0
4.740120399976149,202,2.0137029269311344,-0.005794310972444403,-0.4067833891821741,0.7517763481579061,-0.2499624504471052,0.0
4.940902599948458,216,2.11890461597723,-0.06064205596647541,-0.56876775703573,0.7517763481579061,-0.41453198384810125,0.0
5.0736678999383,223,2.1604198850655987,-0.08991527298904992,-0.6613310719587631,0.7517763481579061,-0.4568584939568169,0.0
5.208041399950162,227,2.182242024263986,-0.10788010415668382,-0.7160578940637036,0.7517763481579061,-0.46497511680182935,0.0
5.339889899943955,231,2.2033240436933164,-0.1272826522333681,-0.7716602760058857,0.7517763481579061,-0.4582184223797598,0.0
5.473326600040309,235,2.2250418370640492,-0.1496741056183921,-0.8297432672384767,0.7517763481579061,-0.4310341039434739,0.0
5.5738177000312135,239,2.2433672398442064,-0.17069637834083062,-0.8769867456495692,0.7517763481579061,-0.3877104138178201,0.0
5.673494699993171,243,2.260539467676363,-0.19223429783291193,-0.9171973466452197,0.7517763481579061,-0.3277660029361924,0.0
5.806650400045328,249,2.2851465831409836,-0.22603964732519682,-0.9623735190682521,0.7517763481579061,-0.20944551808592968,0.0
5.906638399930671,255,2.306862192935176,-0.2580792365450918,-0.9846517884394795,0.7517763481579061,-0.08276495487397494,0.0
6.04011449997779,265,2.343500063529069,-0.3134200453475825,-0.9784346461318558,0.7517763481579061,0.1228970299836,0.0
6.173395799938589,281,2.4104687669437688,-0.4040032873811029,-0.8784496811417909,0.7517763481579061,0.2710786320358732,0.0
6.340639299945906,298,2.489362393341958,-0.4893485321562416,-0.787225697149852,0.7517763481579061,0.0594500410001703,0.0
6.54117620002944,310,2.5476136400806886,-0.5477182253149954,-0.7884953046868431,0.7517763481579061,-0.02091800467682378,0.0
6.773465899983421,323,2.6125789222945346,-0.6136703418153939,-0.7976772959372388,0.7517763481579061,-0.025945473488852767,0.0
6.940135200042278,332,2.6580745280946236,-0.6605765857817819,-0.803237927575316,0.7517763481579061,-0.016340896556919417,0.0
7.073811399983242,340,2.6961884057804775,-0.700177454206897,-0.8053329237593855,0.7517763481579061,-0.0026184686510546105,0.0
7.24011909996625,350,2.744703279692149,-0.750608471435964,-0.8032407714635423,0.7517763481579061,0.018241552136371405,0.0
7.340030099963769,356,2.773663980738469,-0.7805129772151446,-0.7992874486021637,0.7517763481579061,0.030458453063521344,0.0
7.440173399983905,362,2.8035624944386672,-0.8110785768637735,-0.793274120368996,0.7517763481579061,0.04151898851827105,0.0
7.540191299980506,368,2.8343682296476587,-0.8421360285154966,-0.7854186187724667,0.7517763481579061,0.05029751778168541,0.0
7.640260300016962,375,2.8659418186392265,-0.8734262404870041,-0.7761906001268831,0.7517763481579061,0.05578127557807737,0.0
7.740924300043844,381,2.8990751983686978,-0.9056258241075359,-0.76596736571685,0.7517763481579061,0.057168392801129654,0.0
7.840378999942914,388,2.9327421857961453,-0.937679193047294,-0.7558664636553941,0.7517763481579061,0.05367689410505303,0.0
7.939914799993858,394,2.9677958554638497,-0.9704078921052194,-0.7466028972080907,0.7517763481579061,0.04464454095419873,0.0
8.040149500011466,400,3.0022009276301094,-1.0020088760514263,-0.7399378224747436,0.7517763481579061,0.01546084623824269,0.0
8.14024670002982,406,3.0302534411731994,-1.0277969368369624,-0.7508872654272104,0.7517763481579061,-0.14961383230348704,0.0
8.239896000013687,410,3.0535273758080885,-1.0500193345070186,-0.7755867465330445,0.7517763481579061,-0.23242035651314813,0.0
8.339888699934818,413,3.073420149788403,-1.0700774748886404,-0.8040408852240446,0.7517763481579061,-0.26938750428537106,0.0
8.439936500042677,417,3.0917097082640366,-1.089615572658307,-0.8335351149527964,0.7517763481579061,-0.27961862267573645,0.0
8.540192099986598,420,3.109142484481199,-1.1093980251388933,-0.8625731479312796,0.7517763481579061,-0.2698218054079205,0.0
8.639897899935022,424,3.125384978148653,-1.1288796357195159,-0.8886931456211273,0.7517763481579061,-0.24585014315445985,0.0
8.740194399957545,427,3.142747316674761,-1.150831236312707,-0.9138367076980601,0.7517763481579061,-0.2061690208410786,0.0
8.840028499951586,432,3.1656440874629586,-1.1813786475201318,-0.9396905315178357,0.7517763481579061,-0.135507769007155,0.0
8.940210000029765,438,3.1944312615425825,-1.221579649559943,-0.9554209394332971,0.7517763481579061,-0.02526213933833687,0.0
9.04013280000072,445,3.228655737057367,-1.2697204056868283,-0.9445006321663734,0.7517763481579061,0.12168982131893522,0.0
9.140154000022449,454,3.26922045011562,-1.3230848503248738,-0.8892833943720412,0.7517763481579061,0.2944860656280683,0.0
9.240115799941123,463,3.3182342461552974,-1.3773918993612446,-0.7744687378707973,0.7517763481579061,0.4639830596469653,0.0
9.373327199951746,475,3.395892168468043,-1.438282275768145,-0.5447621239915179,0.7517763481579061,0.5236,0.0
9.473745699971914,483,3.4584024401287934,-1.4688868641747743,-0.3678857873852866,0.7517763481579061,0.5236,0.0
9.573533999966457,491,3.519585338440473,-1.487446162015985,-0.22572940914645517,0.7517763481579061,0.47092100528403613,0.0
9.706895899958909,500,3.600807788520577,-1.5000712585434017,-0.09275815529053019,0.7517763481579061,0.31231580237273915,0.0
9.840073799947277,509,3.681642406041305,-1.502341909216297,0.04859212985699758,0.7517763481579061,0.5021794182616536,0.0
10.006802199990489,519,3.775540706919908,-1.4874677326228243,0.26794441149477605,0.7517763481579061,0.5236,0.0
10.140246100025252,527,3.8466583316541563,-1.4613887673691974,0.42991746435908285,0.7517763481579061,0.45654896309705517,0.0
10.239967399975285,533,3.8982556637938166,-1.4344415463563787,0.528983237571435,0.7517763481579061,0.3655402789358439,0.0
10.340041899937205,539,3.9495539003661464,-1.4015593232887047,0.6064826390883697,0.7517763481579061,0.2673463987668772,0.0
10.440693799988367,545,3.9993575499833973,-1.3648236657984447,0.6605190879925578,0.7517763481579061,0.17645430497093265,0.0
10.540043400018476,550,4.048983163283881,-1.3247734284144943,0.694158412236088,0.7517763481579061,0.09498456350683396,0.0
10.640251699951477,556,4.099094487222382,-1.2822999889764173,0.7089878313218869,0.7517763481579061,0.022252295994601656,0.0
10.740271699964069,562,4.150145746240861,-1.2385143575371163,0.7060428971642378,0.7517763481579061,-0.04316804121441333,0.0
10.840009200037457,568,4.2025936764097285,-1.1945539270189205,0.6865408881376215,0.7517763481579061,-0.10168635947054472,0.0
10.940239500021562,574,4.256762090941634,-1.1515953223512136,0.6521808617642503,0.7517763481579061,-0.1504839916150722,0.0
11.040391499991529,580,4.3130299739571205,-1.1105686786479363,0.6062167082621857,0.7517763481579061,-0.18213422066487045,0.0
11.140286499983631,586,4.371583519544125,-1.0721632029196222,0.5550094572970107,0.7517763481579061,-0.18323950598942135,0.0
11.240044199978001,593,4.432282300946451,-1.0364976257226384,0.5095359406139804,0.7517763481579061,-0.13625648523845285,0.0
11.340941800037399,599,4.494534397823533,-1.0028855235846592,0.4858988379954337,0.7517763481579061,-0.0234570546161906,0.0
11.440160600002855,606,4.557513886745188,-0.9698808020519452,0.47803741893614143,0.7517763481579061,-0.044306414110186466,0.0
11.540063799940981,613,4.621202887526616,-0.9374584532140233,0.46309751558916246,0.7517763481579061,-0.059670197076763964,0.0
11.640175299951807,619,4.685712798783684,-0.9059230195126358,0.4462512547548899,0.7517763481579061,-0.05883489581285229,0.0
11.740040799952112,625,4.751009376937097,-0.8753118011052029,0.43098213440376265,0.7517763481579061,-0.04899452030919116,0.0
11.839956699986942,631,4.816966858075619,-0.8454840103179008,0.4191045561965823,0.7517763481579061,-0.03495559139431384,0.0
11.94017580000218,637,4.883441004390313,-0.816203850651271,0.41144907365506284,0.7517763481579061,-0.019035585394388817,0.0
12.039985100040212,643,4.95028397237957,-0.7871878168904125,0.4084445857436948,0.7517763481579061,-0.001963384445691919,0.0
12.140106600010768,649,5.017342177741666,-0.7581204589033504,0.4104637147103503,0.7517763481579061,0.016437209411077562,0.0
12.240056799957529,655,5.084449604899051,-0.7286539285907923,0.4180011089710011,0.7517763481579061,0.03685941843674327,0.0
12.340237600030378,661,5.151420937393765,-0.6983961577985334,0.43180707380530575,0.7517763481579061,0.06026992744138048,0.0
12.473700899980031,670,5.240025153478203,-0.6560724082814648,0.46176808485904147,0.7517763481579061,0.0974507986451466,0.0
12.60680249996949,679,5.327009027653702,-0.6104467466191119,0.5071037021594026,0.7517763481579061,0.13870774435683572,0.0
12.740159600041807,688,5.410310473291877,-0.5610235498001802,0.5654369797792873,0.7517763481579061,0.1619932905744208,0.0
12.873516699997708,698,5.486872699448861,-0.5093966437215717,0.6181276006068896,0.7517763481579061,0.11118280458069102,0.0
13.006864399998449,708,5.55709443756602,-0.4581613746094103,0.6362837034286757,0.7517763481579061,0.003030562112129637,0.0
13.173427299945615,720,5.639668818985054,-0.39775694689754265,0.6226685758726835,0.7517763481579061,-0.05908004940900602,0.0
13.340077599976212,733,5.715418250509477,-0.3444938819517774,0.6061823689236353,0.7517763481579061,-0.0030203310365891686,0.0
13.473662400036119,743,5.768155201715181,-0.30748719587326695,0.6251523559459109,0.7517763481579061,0.17567810015699076,0.0
13.606755599961616,752,5.810903564422448,-0.274910291770378,0.6846931830884437,0.7517763481579061,0.3727499673785747,0.0
13.773927300004289,762,5.854238096284694,-0.23567960508589325,0.7917791637204188,0.7517763481579061,0.47948431502866046,0.0
13.906598099973053,768,5.880739733728952,-0.20659618179414652,0.8709001138909248,0.7517763481579061,0.4660649717823046,0.0
14.04013560002204,773,5.8993686783097585,-0.18316499370842781,0.9269695215284733,0.7517763481579061,0.42887534145418976,0.0
14.240361799951643,777,5.915260284017899,-0.16092391428076994,0.9729368289817226,0.7517763481579061,0.3870259271366822,0.0
14.340052900020964,778,5.919194585304965,-0.15507750604999995,0.9839268171799749,0.7517763481579061,0.37604239866680045,0.0
14.43998779996764,779,5.923113266186743,-0.14911524329277195,0.9947010959948491,0.7517763481579061,0.3650394252996145,0.0
14.540087300003506,781,5.930386714588524,-0.13766473442565064,1.0142183080539586,0.7517763481579061,0.34473504057692206,0.0
14.640067799948156,782,5.936253730160585,-0.12806185344481963,1.0295077869898224,0.7517763481579061,0.32874542516480076,0.0
14.739983699982986,784,5.943338189972473,-0.11603557230292101,1.0474580900158532,0.7517763481579061,0.3101912360836782,0.0
14.840021800016984,786,5.9512051829063495,-0.10208591433217326,1.0667375066725473,0.7517763481579061,0.2909736883226751,0.0
14.940183299942873,789,5.9594817953378625,-0.0867185540359177,1.0863606983971632,0.7517763481579061,0.2727201701580337,0.0
15.040597000042908,791,5.967853472638606,-0.07043259374405152,1.105643059931941,0.7517763481579061,0.2566619715391638,0.0
15.140222999965772,793,5.975917597559193,-0.0540034380526411,1.1238246527403446,0.7517763481579061,0.24383547399054892,0.0
15.24023410002701,795,5.983018874379362,-0.03888021637576273,1.1396647864844753,0.7517763481579061,0.23507288199486603,0.0
15.340172199998051,797,5.989956451855681,-0.023483700530088587,1.1551635618427551,0.7517763481579061,0.2291243631264487,0.0
15.4400583000388,799,5.996705191540803,-0.007869328988725225,1.1704670314031764,0.7517763481579061,0.22628512185123573,0.0
15.540291899931617,801,6.003238173898139,0.007901993548054466,1.1856174493056189,0.7517763481579061,0.21934538061877934,0.0
15.640246800030582,803,6.008961106680238,0.022301423876538606,1.198621452981158,0.7517763481579061,0.2064427608376965,0.0
15.773719699936919,805,6.015701018237897,0.039943927866484215,1.2134091338538477,0.7517763481579061,0.19062573303859787,0.0
15.873377999989316,807,6.021693052919297,0.05630751428900641,1.2259879226977637,0.7517763481579061,0.17673565061611377,0.0
16.006709999986924,810,6.029907936634563,0.07980541441194071,1.2423518266440945,0.7517763481579061,0.15916410420151766,0.0
16.106837400002405,812,6.0361628799412,0.09851553164992628,1.254204703024134,0.7517763481579061,0.14751619074026542,0.0
16.206755099934526,814,6.042088034534068,0.11694863160324886,1.2650123933858133,0.7517763481579061,0.13826873313023613,0.0
16.306680800043978,817,6.049450810173182,0.14082570640235637,1.2780534626223972,0.7517763481579061,0.12931801170857113,0.0
16.406829899991862,819,6.05570726501575,0.16199578312573426,1.2889659957688653,0.7517763481579061,0.12391609861554906,0.0
16.540393900009803,823,6.064999144032697,0.1951180519107555,1.3052741815584101,0.7517763481579061,0.1196032971698027,0.0
16.640193399973214,825,6.071327194846217,0.21890364550437794,1.3167273247054565,0.7517763481579061,0.11896061194805273,0.0
16.73997250001412,827,6.077264488517503,0.24233124136711798,1.3279997288096814,0.7517763481579061,0.12006968289396279,0.0
16.840252300025895,830,6.083036617158035,0.2662286712350445,1.3396418983772447,0.7517763481579061,0.12260842659276265,0.0
16.973359199939296,832,6.089111189680199,0.29282091773606417,1.352925151928278,0.7517763481579061,0.12689270044911435,0.0
17.141330100013874,835,6.095396327660907,0.32224021315261914,1.3681940326590467,0.7517763481579061,0.13318051758448562,0.0
17.306705700000748,837,6.099382225739527,0.34220823555688207,1.37900870456498,0.7517763481579061,0.13831595231553545,0.0
17.473636999959126,839,6.104535030840109,0.36991502776244867,1.3947121968332252,0.7517763481579061,0.14648671687006543,0.0
17.673325499985367,844,6.113567171744342,0.4262438904909681,1.4296362819921957,0.7517763481579061,0.16669117870491193,0.0
17.873772999970242,851,6.122204856905362,0.500942884091341,1.4837413235993517,0.7517763481579061,0.20095412569147963,0.0
18.006859299959615,856,6.12582043071205,0.558090063798437,1.532739081823965,0.7517763481579061,0.2332071144642724,0.0
18.14048719999846,861,6.126412200470196,0.6149098185853185,1.589486664108456,0.7517763481579061,0.27043573810288263,0.0
18.240427699987777,864,6.12480448326796,0.6540585496446578,1.6340694953121981,0.7517763481579061,0.2986965118093994,0.0
18.34017760003917,868,6.121422595522756,0.6928858408823659,1.6831123237167918,0.7517763481579061,0.32803321029598437,0.0
18.440234899986535,871,6.1161388546373106,0.730675431966114,1.7360480038072952,0.7517763481579061,0.3566817135749792,0.0
18.54014429997187,875,6.1090070159354095,0.7672649083964423,1.7922284599636682,0.7517763481579061,0.38282587532723283,0.0
18.640011899988167,878,6.100923188503374,0.7992265026938924,1.8453665504391548,0.7517763481579061,0.4024955543615967,0.0
18.74018680001609,882,6.088290166725249,0.8387419134788416,1.9158300410091373,0.7517763481579061,0.41951041799930877,0.0
18.840184399974532,887,6.069043197624107,0.8856323962695267,2.004557309870105,0.7517763481579061,0.4226565056669508,0.0
18.94023249996826,893,6.040415696262111,0.9397783416598997,2.1082259055234007,0.7517763481579061,0.3909845356011158,0.0
19.07424170000013,902,5.987374054265258,1.0165187811347374,2.236820205276635,0.7517763481579061,0.33711563259651844,0.0
19.173533499939367,909,5.93796443368702,1.072326056635235,2.3605101118403193,0.7517763481579061,0.45712737989388147,0.0
19.273546200012788,917,5.87979656343266,1.121697619554424,2.518785405832845,0.7517763481579061,0.5095704477608486,0.0
19.373621299979277,924,5.813926512701625,1.161134027967037,2.6835168558038913,0.7517763481579061,0.4862151968922196,0.0
19.4739341000095,932,5.743846007729785,1.1895002580719076,2.8256637717681174,0.7517763481579061,0.40675024325166376,0.0
19.57334520004224,939,5.67173925466825,1.2086056414793127,2.9337708862620984,0.7517763481579061,0.304499898126433,0.0
19.67382559995167,945,5.598676354973483,1.220990364816514,3.008394989001914,0.7517763481579061,0.203037934677626,0.0
19.774133499944583,952,5.524888070937574,1.2290075088225587,3.0538707624590393,0.7517763481579061,0.1110256614446379,0.0
19.873489000019617,958,5.45062569256492,1.2346385241911175,3.07394776909627,0.7517763481579061,0.029118091902150728,0.0
19.973634799942374,965,5.375960538778848,1.2396529510920897,3.071554079418422,0.7517763481579061,-0.04424556948050941,0.0
20.074085199972615,971,5.301099829043513,1.245638858397191,3.048972248897694,0.7517763481579061,-0.10797981783629286,0.0
20.173554399982095,978,5.226370931228679,1.2539687498482102,3.009757571585373,0.7517763481579061,-0.1549520723912256,0.0
20.273553299950436,985,5.152208809981219,1.2656200162969347,2.9609815199846983,0.7517763481579061,-0.16886225533526736,0.0
20.373591599985957,992,5.078938801822,1.2807858284330411,2.9162348259146236,0.7517763481579061,-0.12414112632750302,0.0
20.47381819994189,999,5.006330307812792,1.2984191330651988,2.896896298515681,0.7517763481579061,0.0074723517458214535,0.0
20.60682819993235,1009,4.909032356314605,1.3216597008586017,2.9237192453233773,0.7517763481579061,0.10922544388515192,0.0
20.7069763999898,1016,4.835345209270111,1.3366304137946794,2.9593618124061503,0.7517763481579061,0.12703996086562674,0.0
20.806885199970566,1023,4.761251463869342,1.3488845440171868,2.9953746836444157,0.7517763481579061,0.11464543622744042,0.0
20.940270000020973,1032,4.662133252118965,1.3614618625825452,3.0326460516424913,0.7517763481579061,0.07354284477687634,0.0
21.07363160001114,1041,4.562770319344207,1.3712323442912644,3.050988776903334,0.7517763481579061,0.019359990377058475,0.0
21.173730400041677,1048,4.488115687001492,1.3779670530655088,3.05000736434955,0.7517763481579061,-0.0270300389463735,0.0
21.273610900039785,1055,4.413419156540254,1.3853081776323681,3.034663466749155,0.7517763481579061,-0.07925899425120665,0.0
21.37380249996204,1062,4.338823541628195,1.3944068486706938,3.002853263280229,0.7517763481579061,-0.13886182017559445,0.0
21.473347699968144,1069,4.264606173628744,1.4065754195865627,2.95211160092502,0.7517763481579061,-0.20527413609073664,0.0
21.573596199974418,1077,4.19121616496747,1.4232374332974032,2.8809337677823463,0.7517763481579061,-0.2704087611305883,0.0
21.67361009994056,1085,4.119557810977852,1.4457030642235562,2.792568207324191,0.7517763481579061,-0.3096686921161338,0.0
21.773588599986397,1093,4.0506030981962144,1.4744654216269641,2.702136258923443,0.7517763481579061,-0.2771857146099545,0.0
21.906989800045267,1105,3.9628143439166714,1.5205188658023312,2.6258612235601535,0.7517763481579061,-0.12573068197207088,0.0
22.006853200029582,1114,3.8987445682495734,1.5582061093054738,2.5955603504486406,0.7517763481579061,-0.09169046744458513,0.0
22.106927799992263,1124,3.835776740182534,1.597645726232721,2.5675828022289258,0.7517763481579061,-0.11152387199506048,0.0
22.240313899936154,1138,3.75423429836508,1.6537053656373164,2.501849858522326,0.7517763481579061,-0.2482738217409045,0.0
22.340585300000384,1150,3.6965729526960143,1.7007198743922816,2.40601054806196,0.7517763481579061,-0.3816113440353412,0.0
22.44033999997191,1162,3.6443930652496723,1.7541353628370986,2.281724490386243,0.7517763481579061,-0.40313454225060763,0.0
22.540319700026885,1173,3.599232372839901,1.8131907463065937,2.1700896163714045,0.7517763481579061,-0.32640161878361024,0.0
22.640212600002997,1183,3.560277822426725,1.876018162450345,2.085548128557773,0.7517763481579061,-0.25074968650014756,0.0
22.773711399990134,1195,3.5158118024960108,1.9636367440667462,1.9977778202347485,0.7517763481579061,-0.2146688045977915,0.0
22.873723099939525,1204,3.487518181254562,2.0315811985139134,1.9299935162085962,0.7517763481579061,-0.2665497756126179,0.0
22.973470899974927,1212,3.4645287237813664,2.101368416509356,1.8475724847772665,0.7517763481579061,-0.28179021492887457,0.0
23.10693549993448,1223,3.442712193438981,2.196959239497882,1.7462117053466135,0.7517763481579061,-0.23255895446567823,0.0
23.240223199944012,1232,3.4296074361249085,2.294218031808995,1.6668581818098442,0.7517763481579061,-0.1798722675531865,0.0
23.373700399999507,1242,3.423327696742066,2.3923230595845855,1.6049135070464955,0.7517763481579061,-0.1444627641796039,0.0
23.507897299947217,1250,3.4225638135440457,2.4907983893316077,1.5534127461499876,0.7517763481579061,-0.1254025779042321,0.0
23.60673240001779,1257,3.4251623979852996,2.564743556517621,1.5181063551313168,0.7517763481579061,-0.1200534145554398,0.0
23.706995100015774,1263,3.430356384121644,2.6386948044562386,1.4832592566551317,0.7517763481579061,-0.12177343759471235,0.0
23.806973399943672,1270,3.4381681730398346,2.7124691768507136,1.4468538209772093,0.7517763481579061,-0.13056817167546295,0.0
23.97370780003257,1282,3.457584213532802,2.8346715707642964,1.3771631776242015,0.7517763481579061,-0.15951347010465455,0.0
24.0738343000412,1290,3.4736370803972414,2.9071855332584398,1.32787416191436,0.7517763481579061,-0.1772291545140419,0.0
24.17370459996164,1298,3.4933770363978804,2.978768409016662,1.2756653187352178,0.7517763481579061,-0.17522146922812037,0.0
24.27361130004283,1306,3.5166751970283996,3.0492324327218308,1.2286054340882926,0.7517763481579061,-0.14999235521903992,0.0
24.37357840000186,1314,3.543058117734391,3.118588055046643,1.1862097271581429,0.7517763481579061,-0.14512706855907054,0.0
24.473639899981208,1322,3.572368682576181,3.1867663656098038,1.142635605036418,0.7517763481579061,-0.15707402443650453,0.0
24.573700599954464,1330,3.6047976058852664,3.2535362712200477,1.0936625216236875,0.7517763481579061,-0.18041104017114887,0.0
24.67404890002217,1339,3.640715858120765,3.3185403853914504,1.0369461515710163,0.7517763481579061,-0.20721378783215894,0.0
24.77367589995265,1348,3.680521602496808,3.3812829094708783,0.9729588429695564,0.7517763481579061,-0.22655283335908136,0.0
24.873865199973807,1357,3.7243922754990066,3.4412594500021196,0.9054243394080422,0.7517763481579061,-0.22968678077864457,0.0
24.973888600012287,1366,3.772160024953572,3.4981290146192316,0.8395554245848129,0.7517763481579061,-0.21668521081133119,0.0
25.073928399942815,1375,3.8233897908738474,3.551821537135367,0.7791218137642774,0.7517763481579061,-0.19573602499634055,0.0
25.173719299957156,1383,3.877575761239058,3.602454308983717,0.7249682649210242,0.7517763481579061,-0.17661010119574516,0.0
25.27372739999555,1391,3.9342932462466575,3.6502150345266617,0.6753126483807198,0.7517763481579061,-0.16654183189085606,0.0
25.440246299956925,1404,4.033847737481493,3.723430964646659,0.5892085400013962,0.7517763481579061,-0.2153171972398242,0.0
25.540136000025086,1412,4.096892005570023,3.762567006902045,0.5200853848181838,0.7517763481579061,-0.24639037555521012,0.0
25.673568499973044,1422,4.185010886470071,3.8075606698990967,0.4254678187307863,0.7517763481579061,-0.2281437455718715,0.0
25.77365959994495,1429,4.25350398562682,3.8359998738471677,0.36330099641183955,0.7517763481579061,-0.1952999723944528,0.0
25.873813400045037,1436,4.323474395204947,3.860484127376001,0.31163729911823007,0.7517763481579061,-0.1594706664430372,0.0
25.973492500022985,1443,4.39452992029175,3.881694864569759,0.2703209588259869,0.7517763481579061,-0.12590858173378214,0.0
26.07347189995926,1449,4.46634164716799,3.900302105952243,0.23825407362124626,0.7517763481579061,-0.09631903132870731,0.0
26.24035149998963,1461,4.587048877779153,3.9271042163581553,0.20197104822793888,0.7517763481579061,-0.05623208967972354,0.0
26.406944699934684,1472,4.707579069445295,3.950412613288381,0.18229707182649768,0.7517763481579061,-0.028432496180605785,0.0
26.573638699948788,1483,4.824207980991208,3.971260606864087,0.17217994314393298,0.7517763481579061,-0.01952239732804436,0.0
26.740120199974626,1493,4.929369373362885,3.989023403192466,0.16107331221585328,0.7517763481579061,-0.03976886111377413,0.0
26.90689390001353,1501,5.011957591046815,4.001731175607093,0.14217099002194128,0.7517763481579061,-0.07769899763893767,0.0
27.040413800044917,1506,5.057103603419022,4.007850862001197,0.12685246262634198,0.7517763481579061,-0.09457392286840881,0.0
27.17369319999125,1508,5.082457103060515,4.0109614126787125,0.11698869343226757,0.7517763481579061,-0.1035487068589975,0.0
27.27368859993294,1509,5.091827644439132,4.012045529769245,0.11312157766315573,0.7517763481579061,-0.10678106387127005,0.0
27.373491700040177,1511,5.108339392613166,4.013859878007014,0.10600950346300544,0.7517763481579061,-0.11234449351557015,0.0
27.47366250003688,1513,5.130864060793605,4.0161457792042095,0.09576492313960602,0.7517763481579061,-0.11963226983598316,0.0
27.573668899945915,1516,5.1572309752795595,4.018505118636168,0.08296401413462352,0.7517763481579061,-0.12751530814556983,0.0
27.70699610002339,1520,5.198954224526054,4.021529760547335,0.06122242862262154,0.7517763481579061,-0.1378992116150288,0.0
27.873924299958162,1526,5.255385811897622,4.024106388894392,0.029764859926476178,0.7517763481579061,-0.14498470950638628,0.0
28.04063549998682,1532,5.3143209223048355,4.024874131608059,-0.0032792328751497677,0.7517763481579061,-0.13874264087434102,0.0
28.173596699954942,1537,5.3585491563174354,4.02421607111564,-0.026008844651912784,0.7517763481579061,-0.12233980519536053,0.0
28.27367649995722,1541,5.390094983445782,4.023172073028813,-0.04005664971159948,0.7517763481579061,-0.10450979660227455,0.0
28.373766400036402,1545,5.42339301481104,4.021625025718518,-0.05214474069766527,0.7517763481579061,-0.08116663020822873,0.0
28.473665999947116,1549,5.459829204352062,4.019537604067634,-0.061683686843303484,0.7517763481579061,-0.05265069044329439,0.0
28.573792099952698,1553,5.499081742115768,4.016985481668193,-0.06733940530171066,0.7517763481579061,-0.021810310767573778,0.0
28.67375970003195,1558,5.54283015968655,4.013993012943346,-0.06838928870634797,0.7517763481579061,0.00861593389363588,0.0
28.773725699982606,1563,5.5899532370978084,4.010842133056753,-0.06438868034424933,0.7517763481579061,0.0333869959046453,0.0
28.873836899991147,1568,5.639663060998834,4.007828985656391,-0.0561971906053892,0.7517763481579061,0.04947359867219149,0.0
28.97398210002575,1573,5.692037354812339,4.005165176506684,-0.04522071563220224,0.7517763481579061,0.05660858748936243,0.0
29.07368629996199,1579,5.746220296496673,4.003039964463849,-0.03321740623280078,0.7517763481579061,0.0560426948338757,0.0
29.173823199933395,1583,5.800057111953739,4.001558271483822,-0.022027541627833658,0.7517763481579061,0.05002430851850525,0.0
29.273685000021942,1588,5.849943010622791,4.000688221659128,-0.01313527639587874,0.7517763481579061,0.041161413394821066,0.0
29.373568100039847,1592,5.896166098873126,4.000238769277282,-0.00664044108249101,0.7517763481579061,0.03080912634026473,0.0
29.473609999986365,1595,5.9363859684477855,4.0000571706339,-0.0026184648502878263,0.7517763481579061,0.02025401319526712,0.0
29.573588800034486,1598,5.970586218307456,4.000006493154082,-0.0006052791860067256,0.7517763481579061,0.00997622759229633,0.0
29.67404529999476,1600,5.9973279485294,4.000000096291412,-2.303069938037466e-05,0.7517763481579061,0.000940489660662896,0.0
29.840287699946202,1602,6.0250906944274725,4.0,0.0,0.7517763481579061,0.0,0.0
30.006926800007932,1605,6.058328151702882,3.999999999999999,0.0,0.7517763481579061,0.0,0.0
30.140336700016633,1608,6.102209568023706,4.0,0.0,0.7517763481579061,0.0,0.0
30.273709899978712,1613,6.162955760955831,4.000000000000001,0.0,0.7517763481579061,0.0,0.0
30.373588099959306,1617,6.21730089187623,3.9999999999999996,0.0,0.7517763481579061,0.0,0.0
30.47349809994921,1621,6.271788597106934,4.000000000000001,0.0,0.7517763481579061,0.0,0.0
30.573562199948356,1625,6.325684070587158,4.0,0.0,0.7517763481579061,0.0,0.0
30.740459499997087,1631,6.421840190887447,3.9999999999999996,0.0,0.7517763481579061,0.0,0.0
30.873879799968563,1637,6.508302688598632,4.0,0.0,0.7517763481579061,0.0,0.0
30.973864799947478,1641,6.57871437072754,4.0,0.0,0.7517763481579061,0.0,0.0
31.106929100002162,1648,6.676782131195069,4.0,0.0,0.7517763481579061,0.0,0.0
31.240268199937418,1654,6.776299476623535,3.9999999999999996,0.0,0.7517763481579061,0.0,0.0
31.340268600033596,1658,6.849833965301514,3.9999999999999996,0.0,0.7517763481579061,0.0,0.0
31.440160700003617,1663,6.920959949493409,4.0,0.0,0.7517763481579061,0.0,0.0
31.57377739995718,1668,7.011061191558837,4.0,0.0,0.7517763481579061,0.0,0.0
31.740250800037757,1675,7.111948490142825,4.0,0.0,0.7517763481579061,0.0,0.0
31.873683999991044,1679,7.177741527557372,4.0,0.0,0.7517763481579061,0.0,0.0
32.04036240000278,1683,7.236900329589843,4.0,0.0,0.7517763481579061,0.0,0.0
32.17375459999312,1685,7.264588356018065,4.0,0.0,0.7517763481579061,0.0,0.0
32.27369009994436,1685,7.273550033569334,4.0,0.0,0.7517763481579061,0.0,0.0
32.37402109999675,1685,7.273659706115721,4.0,0.0,0.7517763481579061,0.0,0.0
32.47378220001701,1686,7.282107353210447,4.0,0.0,0.7517763481579061,0.0,0.0
32.574461700045504,1687,7.300269603729247,4.0,0.0,0.7517763481579061,0.0,0.0
32.67371230002027,1689,7.32674741744995,4.0,0.0,0.7517763481579061,0.0,0.0
32.77377199998591,1691,7.360053062438967,4.0,0.0,0.7517763481579061,0.0,0.0
32.90711759997066,1694,7.413013935089111,4.0,0.0,0.7517763481579061,0.0,0.0
33.00717310002074,1697,7.457121372222899,4.0,0.0,0.7517763481579061,0.0,0.0
33.10708500002511,1700,7.503439146933231,4.000000310922554,6.184007752108094e-05,0.7517763481579061,0.0020969605941353565,0.0
33.20712569996249,1704,7.553028642957421,4.000060448127533,0.003219006830244121,0.7517763481579061,0.029212334494484193,0.0
33.30690149997827,1707,7.607929283117072,4.000451900225121,0.011856739330835045,0.7517763481579061,0.05027000753044865,0.0
33.40711529995315,1711,7.6625052549582255,4.0014189968090434,0.023956516320147156,0.7517763481579061,0.0622191532560407,0.0
33.506818099995144,1715,7.721164115443466,4.003258538412121,0.03884859950072716,0.7517763481579061,0.06690295918088897,0.0
33.607050999999046,1718,7.780722262095765,4.006035172997511,0.05429499893111332,0.7517763481579061,0.06530583060481869,0.0
33.707075999933295,1722,7.836556832900211,4.009457718650817,0.06797732683072234,0.7517763481579061,0.05984520600799796,0.0
33.80704179999884,1725,7.8929111558780205,4.013651500391401,0.08029257903516399,0.7517763481579061,0.05183842462495783,0.0
33.907071199966595,1728,7.942562829125842,4.0178848507928375,0.08954576073296484,0.7517763481579061,0.04346553219953709,0.0
34.007116799941286,1731,7.985304914311632,4.021870044061913,0.09615211003218829,0.7517763481579061,0.03560877656464661,0.0
34.10690330003854,1733,8.022085902998011,4.025504304724373,0.10077611996343704,0.7517763481579061,0.028505572835858167,0.0
34.24015980004333,1735,8.059661104713264,4.029377205806862,0.10440427093127684,0.7517763481579061,0.020976131137704645,0.0
34.37387450004462,1737,8.086007487586077,4.032165077780612,0.10627685508207865,0.7517763481579061,0.015549469150893185,0.0
34.507078299997374,1739,8.124690571647118,4.0363289791403645,0.10803420860961811,0.7517763481579061,0.0073694514238009465,0.0
34.67459179996513,1743,8.194667340061615,4.043940322121498,0.10794509254181049,0.7517763481579061,-0.008195225571737724,0.0
34.84029009996448,1748,8.284504643808821,4.053428721656135,0.10126541093652101,0.7517763481579061,-0.0301603110878873,0.0
34.94033909996506,1752,8.341629596104179,4.059006629688047,0.0928170790168643,0.7517763481579061,-0.04580234577791422,0.0
35.07362869998906,1756,8.409930648071661,4.064883414555026,0.07785554649577563,0.7517763481579061,-0.06694340444299551,0.0
35.17377540003508,1759,8.456482302035887,4.068205168483524,0.06421438232005516,0.7517763481579061,-0.08334165045507284,0.0
35.274233800009824,1762,8.509005685058186,4.071103853792277,0.04505825202163755,0.7517763481579061,-0.10423225147658938,0.0
35.37376630003564,1766,8.570165223843166,4.0730297072922985,0.016853107093820527,0.7517763481579061,-0.13246242467243421,0.0
35.47383929998614,1770,8.638329652652592,4.072860353261573,-0.02335343080122707,0.7517763481579061,-0.16953565810173732,0.0
35.573793199961074,1775,8.711060694898055,4.069240157522233,-0.07838025378447236,0.7517763481579061,-0.2151941378688073,0.0
35.67360400001053,1781,8.786029297744362,4.060748330017076,-0.15010948680762695,0.7517763481579061,-0.2639146755163873,0.0
35.7737027000403,1787,8.86127508980939,4.046069336279662,-0.2369295929104348,0.7517763481579061,-0.29774625510897973,0.0
35.87373019999359,1794,8.934983743788862,4.024657940507156,-0.3276364715018297,0.7517763481579061,-0.2794319223273766,0.0
35.97380259993952,1801,9.006271011845083,3.9973743270711317,-0.39744802133648266,0.7517763481579061,-0.1785787533008637,0.0
36.07351200003177,1808,9.075390453012297,3.9659571563152127,-0.45875184952966536,0.7517763481579061,-0.2354567326525322,0.0
36.17372630001046,1815,9.14189891605984,3.9297764555633337,-0.5425266803575597,0.7517763481579061,-0.3250281653828247,0.0
36.27392790000886,1824,9.204225956816911,3.8872808474752976,-0.6617353111558407,0.7517763481579061,-0.45070888207346743,0.0
36.37364929995965,1834,9.25962704463715,3.836654459911145,-0.8264612175044858,0.7517763481579061,-0.5236,0.0
36.473850399954244,1845,9.304435555487947,3.7781799622747334,-1.0028405369393338,0.7517763481579061,-0.4873260559553585,0.0
36.573571800021455,1858,9.340144988547802,3.714773263814819,-1.0892781260964344,0.7517763481579061,-0.03821472598632579,0.0
36.67374669993296,1871,9.376532721923402,3.6485149423588754,-1.0256469512509712,0.7517763481579061,0.3876146341686456,0.0
36.773729800013825,1883,9.421402086145823,3.584681676592377,-0.8905820135169862,0.7517763481579061,0.39249961299638947,0.0
36.87354850000702,1894,9.471978368438528,3.52830983506016,-0.8001323607898744,0.7517763481579061,0.17756784441266377,0.0
36.97361849993467,1905,9.524305070633542,3.475843746884989,-0.7764747050932548,0.7517763481579061,0.1264675132221323,0.0
37.07353349996265,1916,9.578720439302549,3.425275865469979,-0.7139005913007974,0.7517763481579061,0.2700836449381226,0.0
37.17362020001747,1927,9.636453046001648,3.3792131844725857,-0.6344012567505777,0.7517763481579061,0.24270427834296998,0.0
37.30691649997607,1941,9.717457003672333,3.3237541175851604,-0.582378173395653,0.7517763481579061,-0.0020453699335776453,0.0
37.40694429993164,1952,9.779289130130275,3.2819674253872555,-0.6178125533145158,0.7517763481579061,-0.23561658415325223,0.0
37.50710789998993,1963,9.839018644066993,3.235276407466826,-0.7184348894187944,0.7517763481579061,-0.40315151309341885,0.0
37.607031899970025,1974,9.89258707604459,3.181605055767735,-0.8572623748919838,0.7517763481579061,-0.45732729235359093,0.0
37.707167899934575,1983,9.937429579378735,3.1217836762142666,-0.9953520436394232,0.7517763481579061,-0.41681775789694503,0.0
37.84024389996193,1995,9.984191180756088,3.036139939846711,-1.1374640643027145,0.7517763481579061,-0.28986388245722633,0.0
37.97391319996677,2007,10.020233191219916,2.9464204690825793,-1.2458645922630114,0.7517763481579061,-0.3468816556919496,0.0
38.10694149998017,2017,10.04416373080271,2.8536539565502856,-1.3925755426943731,0.7517763481579061,-0.37479334143921145,0.0
38.273865499999374,2030,10.055440766417638,2.734466444572791,-1.5511534507194438,0.7517763481579061,-0.269138248125877,0.0
38.37353290000465,2037,10.054329759259865,2.6621307574928617,-1.6172414452832233,0.7517763481579061,-0.19308752750851044,0.0
38.47377559996676,2044,10.049200266120144,2.589589728395898,-1.6622693922308647,0.7517763481579061,-0.12411149950510901,0.0
38.573719699983485,2051,10.041455966349535,2.5169534085819953,-1.6888311357444057,0.7517763481579061,-0.06386503776390265,0.0
38.673766599968076,2058,10.03235558182125,2.4442601690613888,-1.6992968771074117,0.7517763481579061,-0.010754590416616812,0.0
38.7738128999481,2064,10.023001352408796,2.3714182150699603,-1.6954621876795022,0.7517763481579061,0.03682718032340309,0.0
38.873703700024635,2071,10.014385927488306,2.2983419367081446,-1.678797575363635,0.7517763481579061,0.07843900823510361,0.0
38.97388740000315,2078,10.007389806049922,2.2249563229768308,-1.6514144132339614,0.7517763481579061,0.10961108606161046,0.0
39.07362080004532,2085,10.002666266055622,2.1512882168249527,-1.6176783593685813,0.7517763481579061,0.119629841268159,0.0
39.17379849997815,2092,10.000421451408798,2.0774448269394044,-1.5861910400683763,0.7517763481579061,0.09068647639306862,0.0
39.273727699997835,2100,10.00000035683307,2.003510310899788,-1.5709028246413044,0.7517763481579061,0.0054201485673409724,0.0
39.40704510000069,2109,10.000000000000004,1.904852867126465,-1.5707963267948966,0.7517763481579061,0.0,0.0
39.540329699986614,2119,10.000000000000004,1.806637287139891,-1.5707963267948966,0.7517763481579061,0.0,0.0
39.707026900025085,2131,9.999999999999996,1.6863529682159473,-1.5707963267948966,0.7517763481579061,0.0,0.0
39.840809499961324,2140,10.0,1.5952880382537828,-1.5707963267948966,0.7517763481579061,0.0,0.0
40.00702869996894,2151,9.999999999999998,1.4935051202773868,-1.5707963267948966,0.7517763481579061,0.0,0.0
40.1737980999751,2159,10.0,1.412985801696775,-1.5707963267948966,0.7517763481579061,0.0,0.0
40.3735619999934,2165,10.0,1.351910829544067,-1.5707963267948966,0.7517763481579061,0.0,0.0
40.540461399941705,2167,10.0,1.3329290151596072,-1.5707963267948966,0.7517763481579061,0.0,0.0
40.673846399993636,2166,10.0,1.3379436731338508,-1.5707963267948966,0.7517763481579061,0.0,0.0
40.7736969999969,2165,10.0,1.3503227233886714,-1.5707963267948966,0.7517763481579061,0.0,0.0
40.87376400001813,2164,10.0,1.355777740478515,-1.5707963267948966,0.7517763481579061,0.0,0.0
40.974108599941246,2165,10.0,1.3530660867691036,-1.5707963267948966,0.7517763481579061,0.0,0.0
41.10718129994348,2166,10.0,1.3381088972091681,-1.5707963267948966,0.7517763481579061,0.0,0.0
41.20706309995148,2168,10.0,1.3196362257003778,-1.5707963267948966,0.7517763481579061,0.0,0.0
41.3403862999985,2171,10.000000000000002,1.2869836091993778,-1.5707963267948966,0.7517763481579061,0.0,0.0
41.4402218000032,2174,10.0,1.2578966617584213,-1.5707963267948966,0.7517763481579061,0.0,0.0
41.54027869994752,2177,10.0,1.226054906845091,-1.5707963267948966,0.7517763481579061,0.0,0.0
41.67383260000497,2182,10.0,1.1803358793260303,-1.5707963267948966,0.7517763481579061,0.0,0.0
41.77382350002881,2186,10.0,1.1448712348937993,-1.5707963267948966,0.7517763481579061,0.0,0.0
41.87384629994631,2189,10.0,1.1093158721923817,-1.5707963267948966,0.7517763481579061,0.0,0.0
41.973749199998565,2193,10.0,1.0742794275283818,-1.5707963267948966,0.7517763481579061,0.0,0.0
42.107078499975614,2197,10.0,1.0285645723342882,-1.5707963267948966,0.7517763481579061,0.0,0.0
42.20690799993463,2200,10.0,0.9953677058218175,-1.5707963267948966,0.7517763481579061,0.0,0.0
42.37386679998599,2206,9.999999999999996,0.940093457698824,-1.5707963267948966,0.7517763481579061,0.0,0.0
42.50728060002439,2211,10.0,0.8947492241855978,-1.5707963267948966,0.7517763481579061,0.0,0.0
42.64048830000684,2215,9.999999999999996,0.8479953408244707,-1.5707963267948966,0.7517763481579061,0.0,0.0
42.773702900041826,2220,10.000000000000004,0.8008661270141632,-1.5707963267948966,0.7517763481579061,0.0,0.0
42.90695109998342,2225,10.0,0.7546353936197001,-1.5707963267948966,0.7517763481579061,0.0,0.0
43.007206900045276,2228,10.000000000000002,0.7211408615113913,-1.5707963267948966,0.7517763481579061,0.0,0.0
43.10685109999031,2231,9.999999999999996,0.6894482970239247,-1.5707963267948966,0.7517763481579061,0.0,0.0
43.20689369994216,2234,9.999999999999996,0.6604871749876505,-1.5707963267948966,0.7517763481579061,0.0,0.0
43.34040720004123,2237,9.999999999999998,0.628144741058486,-1.5707963267948966,0.7517763481579061,0.0,0.0
43.473789699957706,2240,10.0,0.6039081215858475,-1.5707963267948966,0.7517763481579061,0.0,0.0
43.60702340002172,2242,10.000000000000002,0.5762125849724942,-1.5707963267948966,0.7517763481579061,0.0,0.0
43.74044349999167,2246,10.000000000000002,0.5367686748505685,-1.5707963267948966,0.7517763481579061,0.0,0.0
43.907203900045715,2253,10.0,0.47005137801179697,-1.5707963267948966,0.7517763481579061,0.0,0.0
44.07386550004594,2261,9.999999999999998,0.38716566562660754,-1.5707963267948966,0.7517763481579061,0.0,0.0
44.206960599985905,2269,10.0,0.3143937587738043,-1.5707963267948966,0.7517763481579061,0.0,0.0
44.37379680003505,2278,10.0,0.22267191112041546,-1.5707963267948966,0.7517763481579061,0.0,0.0
44.50697410001885,2285,10.0,0.1510878652334226,-1.5707963267948966,0.7517763481579061,0.0,0.0
44.67375349998474,2294,10.0,0.06343909353017876,-1.5707963267948966,0.7517763481579061,0.0,0.0
44.77376030001324,2299,10.0,0.013840172439815016,-1.5707963267948966,0.7517763481579061,0.0,0.0
44.87403559999075,2304,9.999999999999998,-0.036738604307360714,-1.5707963267948966,0.7517763481579061,0.0,0.0
44.973713199957274,2309,10.000000000000004,-0.08793442696323246,-1.5707963267948966,0.7517763481579061,0.0,0.0
45.07384920003824,2314,9.999999999999998,-0.13894614577312905,-1.5707963267948966,0.7517763481579061,0.0,0.0
45.17395640001632,2319,10.000000000000004,-0.19003921747207667,-1.5707963267948966,0.7517763481579061,0.0,0.0
45.30703809997067,2326,9.999999999999998,-0.25831106305131846,-1.5707963267948966,0.7517763481579061,0.0,0.0
45.44051069999114,2333,9.999999999999998,-0.3255981504917156,-1.5707963267948966,0.7517763481579061,0.0,0.0
45.57386699994095,2339,10.0,-0.3897484838962571,-1.5707963267948966,0.7517763481579061,0.0,0.0
45.74078059999738,2347,10.000000000000004,-0.47028324007980477,-1.5707963267948966,0.7517763481579061,0.0,0.0
45.873701600008644,2354,10.0,-0.5375068783760064,-1.5707963267948966,0.7517763481579061,0.0,0.0
46.00726039998699,2361,9.999999999999998,-0.6061225533486101,-1.5707963267948966,0.7517763481579061,0.0,0.0
46.17387289996259,2369,10.0,-0.6905281543731683,-1.5707963267948966,0.7517763481579061,0.0,0.0
46.30693550000433,2376,10.0,-0.7554177045822155,-1.5707963267948966,0.7517763481579061,0.0,0.0
46.44064010004513,2382,10.0,-0.8196220993994902,-1.5707963267948966,0.7517763481579061,0.0,0.0
46.60756899998523,2389,10.0,-0.8941947817802423,-1.5707963267948966,0.7517763481579061,0.0,0.0
46.70771500002593,2393,10.0,-0.934536039829255,-1.5707963267948966,0.7517763481579061,0.0,0.0
46.80737239995506,2398,10.0,-0.9769086837768534,-1.5707963267948966,0.7517763481579061,0.0,0.0
46.907234200043604,2402,10.000006434502493,-1.020530276819271,-1.5698924451928167,0.7517763481579061,0.021866253186638308,0.0
47.00733970000874,2406,10.000159243850382,-1.061828381583046,-1.5634049056174695,0.7517763481579061,0.05677156366229696,0.0
47.10762150003575,2410,10.00062976033689,-1.1003217223927566,-1.5530931712012301,0.7517763481579061,0.07947695297143552,0.0
47.20805479993578,2414,10.001552413051444,-1.1386502293253853,-1.5400710279211407,0.7517763481579061,0.09337619677726357,0.0
47.307350900024176,2417,10.002881875899488,-1.1741420165639391,-1.5266650866618166,0.7517763481579061,0.09903899088588469,0.0
47.407330099958926,2421,10.004724478934296,-1.2102081458113945,-1.5126964125958737,0.7517763481579061,0.09822931864236902,0.0
47.54076450003777,2426,10.008164860393789,-1.2610262082246126,-1.4941604386808187,0.7517763481579061,0.0865669834917738,0.0
47.64074539998546,2430,10.011458609775598,-1.3006405033587118,-1.4819653006223967,0.7517763481579061,0.06994780478392681,0.0
47.74066909996327,2435,10.015327587287029,-1.3417329918497103,-1.4725170530528433,0.7517763481579061,0.046838618496065625,0.0
47.84071469993796,2439,10.01957480980425,-1.3834935596012854,-1.4671140263005733,0.7517763481579061,0.018547827517713483,0.0
47.940497800009325,2443,10.023912837814446,-1.424909660137096,-1.4665946063643545,0.7517763481579061,-0.012822309039887084,0.0
48.04077419999521,2447,10.027963771826045,-1.464329233866734,-1.4709888461343898,0.7517763481579061,-0.044294512144197475,0.0
48.14137970004231,2451,10.031282827554177,-1.4987503295883693,-1.4788437364383864,0.7517763481579061,-0.07191795096823146,0.0
48.27487129997462,2455,10.035079667132372,-1.54346551669815,-1.4944556834467648,0.7517763481579061,-0.10643704241688211,0.0
48.37419100000989,2459,10.037824665044473,-1.5843945692747057,-1.5138734719115652,0.7517763481579061,-0.13516886828066832,0.0
48.47469870001078,2464,10.039981625952276,-1.6352872342410714,-1.5439633591090303,0.7517763481579061,-0.16514136971800297,0.0
48.57399289996829,2470,10.040365630583198,-1.6948473337859067,-1.5857390747796556,0.7517763481579061,-0.18980413895833764,0.0
48.673904399969615,2477,10.037836086363459,-1.7587808868211623,-1.6354207311878113,0.7517763481579061,-0.20186166825800916,0.0
48.807274500024505,2485,10.028907828179545,-1.8476999335402675,-1.7058122864783212,0.7517763481579061,-0.19300673455413994,0.0
48.90735729993321,2492,10.018111314786161,-1.914685194268409,-1.7542331809351832,0.7517763481579061,-0.16745342922084672,0.0
49.00714699993841,2498,10.00403735764369,-1.9825564338456159,-1.7943179650717915,0.7517763481579061,-0.12501625518267753,0.0
49.10724050004501,2505,9.987332926921612,-2.050801055753731,-1.82862010875802,0.7517763481579061,-0.1397092813593511,0.0
49.207415899960324,2512,9.967692731729542,-2.119533031081185,-1.869997020955947,0.7517763481579061,-0.15137962130113125,0.0
49.307418999960646,2518,9.945052380585656,-2.1878034459772313,-1.9117938880870733,0.7517763481579061,-0.14311233982177202,0.0
49.40719389996957,2524,9.919583718863235,-2.255352730047757,-1.9499469304379473,0.7517763481579061,-0.126570698579986,0.0
49.50711789994966,2530,9.891615256748539,-2.322205438074806,-1.9832313174027265,0.7517763481579061,-0.1087934172095283,0.0
49.60959849995561,2536,9.861489534467045,-2.388401413461722,-2.0117657497869756,0.7517763481579061,-0.0928010306372173,0.0
49.707303300034255,2542,9.82951460593433,-2.454007691444755,-2.036204821250673,0.7517763481579061,-0.07952276966808595,0.0
49.80727560003288,2548,9.795949491732834,-2.519083062363128,-2.057322574209303,0.7517763481579061,-0.06902449759768531,0.0
49.907182900002226,2554,9.761001103133912,-2.583672825275528,-2.075869520142092,0.7517763481579061,-0.061138492642557225,0.0
50.00725559995044,2560,9.724829420191433,-2.6478039090603547,-2.092557474297167,0.7517763481579061,-0.05576324468007053,0.0
50.1071571999928,2566,9.687547790837092,-2.711488467836364,-2.1081092363886884,0.7517763481579061,-0.05303655177443605,0.0
50.20724060002249,2573,9.649222271871745,-2.7747199924851986,-2.1233450347055314,0.7517763481579061,-0.05348255604549634,0.0
50.30826950003393,2580,9.609849619974272,-2.837460134219547,-2.139318615704818,0.7517763481579061,-0.05816550486724697,0.0
50.40741809993051,2587,9.569360315307572,-2.899625959591956,-2.1574287535816667,0.7517763481579061,-0.06824967146598639,0.0
50.507243199972436,2595,9.527586949301083,-2.9610543341716133,-2.179212646405178,0.7517763481579061,-0.08255012459869215,0.0
50.608027299982496,2603,9.484345797565673,-3.0215425959368445,-2.2022386207021154,0.7517763481579061,-0.045398648266379966,0.0
50.707348600029945,2611,9.440299992442542,-3.0815477509534714,-2.2015107155653886,0.7517763481579061,0.04323629712018481,0.0
50.80721180001274,2621,9.39688249192124,-3.1421614823745494,-2.180919186062701,0.7517763481579061,0.09015856925603496,0.0
50.90738520002924,2631,9.354965384202464,-3.203761942387184,-2.157640567567269,0.7517763481579061,0.045634609482777824,0.0
51.0071882000193,2643,9.313605860766026,-3.2655940577779545,-2.1753945032642354,0.7517763481579061,-0.2063025947583069,0.0
51.10737129999325,2656,9.267741102543543,-3.3254994160071147,-2.289400566023465,0.7517763481579061,-0.48969152043331415,0.0
51.207419999991544,2669,9.21317153516564,-3.3784331481211467,-2.451612705926232,0.7517763481579061,-0.4702625436662194,0.0
51.30737950000912,2679,9.152329917565426,-3.422207411205923,-2.576418177294074,0.7517763481579061,-0.3378754825990151,0.0
51.40724720002618,2689,9.088191918728239,-3.4589477545105685,-2.6615861626481623,0.7517763481579061,-0.2479349259791931,0.0
51.50736009993125,2697,9.021857009943052,-3.4906708053420843,-2.728045258821353,0.7517763481579061,-0.21957875237602156,0.0
51.607156199985184,2706,8.953695759573446,-3.5174718285148003,-2.8197566567484906,0.7517763481579061,-0.4317373263198119,0.0
51.7074601999484,2714,8.883242143120613,-3.535867216551249,-2.9494818946675476,0.7517763481579061,-0.3876085721385033,0.0
51.80719209997915,2720,8.811238113158932,-3.5461132078281428,-3.0440312349863023,0.7517763481579061,-0.2602718055691648,0.0
51.90772709995508,2726,8.73851912157546,-3.5508323136963478,-3.1050495369430697,0.7517763481579061,-0.17105133935115413,0.0
52.007378899957985,2732,8.665411230613065,-3.551928627400753,-3.1456616489757896,0.7517763481579061,-0.1171475375208051,0.0
52.107142099994235,2737,8.592132666539444,-3.5505324788619026,-3.17407996691672,0.7517763481579061,-0.08420458057918358,0.0
52.20750799996313,2742,8.518729771660524,-3.5473404782600797,-3.1949301912845307,0.7517763481579061,-0.06309360949407196,0.0
52.307187199941836,2747,8.445223492480405,-3.542802835229324,-3.2108378863888656,0.7517763481579061,-0.04883602993667336,0.0
52.4073187999893,2751,8.371630179891039,-3.5372190893215234,-3.223328573668483,0.7517763481579061,-0.038708636280875834,0.0
52.50716299994383,2756,8.298039737163279,-3.5308075783729813,-3.2333098575572867,0.7517763481579061,-0.031090108874410226,0.0
52.607217699987814,2762,8.224762946953293,-3.5237634186545277,-3.2412963874723477,0.7517763481579061,-0.024791350882879457,0.0
52.708382199984044,2768,8.152382036003921,-3.5162880456192718,-3.24742945647826,0.7517763481579061,-0.018288817728139194,0.0
