t,X_ref,Y_ref,psi_ref,vx_ref
0.00130976000000000009,0.0504896007717958797,0.022035172933083564,3.1391623685540706,0
0.0295558399999999999,0.0504896007717958797,0.022035172933083564,3.1391623685540706,0
0.0595932799999999985,0.0504896007717958797,0.022035172933083564,3.1391623685540706,0
0.0895524480000000067,0.0504896007717958797,0.022035172933083564,3.1391623685540706,0
0.119547135999999998,0.0504896007717958797,0.022035172933083564,3.1391623685540706,0
0.149551552000000004,0.0504896007717958797,0.022035172933083564,3.1391623685540706,0
0.179631615999999994,0.0504896007717958797,0.022035172933083564,3.1391623685540706,0
0.209550463999999992,0.0504896007717958797,0.022035172933083564,3.1391623685540706,0
0.239551488000000007,0.0504896007717958797,0.022035172933083564,3.1391623685540706,0
0.269556063999999984,0.0504896007717958797,0.022035172933083564,3.1391623685540706,0
0.299572031999999988,0.0504896007717958797,0.022035172933083564,3.1391623685540706,0
0.329548991999999985,0.0504896007717958797,0.022035172933083564,3.1391623685540706,0
0.359570944000000003,0.0504896007717958797,0.022035172933083564,3.1391623685540706,0
0.389553024000000025,0.0504896007717958797,0.022035172933083564,3.1391623685540706,0
0.419551775999999987,0.0504896007717958797,0.022035172933083564,3.1391623685540706,0
0.449570495999999986,0.0504896007717958797,0.022035172933083564,3.1391623685540706,0
0.479562144000000024,0.0504896007717958797,0.022035172933083564,3.1391623685540706,0
0.509552640000000001,0.0504896007717958797,0.022035172933083564,3.1391623685540706,0
0.539720479999999947,0.0504896007717958797,0.022035172933083564,3.1391623685540706,0
0.569554816000000019,0.0504896007717958797,0.022035172933083564,3.1391623685540706,0
0.599558495999999996,0.0504896007717958797,0.022035172933083564,3.1391623685540706,0
0.629538880000000023,0.0504896007717958797,0.022035172933083564,3.1391623685540706,0
0.659548127999999956,0.0504896007717958797,0.022035172933083564,3.1391623685540706,0
0.689600703999999953,0.0504896007717958797,0.022035172933083564,3.1391623685540706,0
0.719548831999999972,0.0504896007717958797,0.022035172933083564,3.1391623685540706,0
0.749554175999999961,0.0504896007717958797,0.022035172933083564,3.1391623685540706,0
0.779551903999999962,0.0504896007717958797,0.022035172933083564,3.1391623685540706,0
0.809549631999999963,0.0504896007717958797,0.022035172933083564,3.1391623685540706,0
0.839551840000000049,0.0504896007717958797,0.022035172933083564,3.1391623685540706,0
0.869478784000000005,0.0504896007717958797,0.022035172933083564,3.1391623685540706,0
0.899548864000000004,0.0504896007717958797,0.022035172933083564,3.1391623685540706,0
0.929545599999999972,0.0504896007717958797,0.022035172933083564,3.1391623685540706,0
0.959595455999999958,0.0504896007717958797,0.022035172933083564,3.1391623685540706,0
0.989549119999999949,0.0504896007717958797,0.022035172933083564,3.1391623685540706,0
1.01954947200000001,0.0504896007717958797,0.022035172933083564,3.1391623685540706,0
1.04954976000000011,0.0504743277615907066,0.0220381596481375869,3.1391623685540706,0.00154555386699241435
1.07954784000000004,0.0503699212254565681,0.0220586001360188536,3.1391623685540706,0.00601312458331134791
1.10954828800000005,0.0500940364879652461,0.0221126835182352682,3.1391623685540706,0.0131546486527283537
1.13956294399999991,0.0495715356569019355,0.0222152562093949311,3.1391623685540706,0.0227294930778840706
1.16955648000000001,0.0487342684641990098,0.0223798625211996498,2.94733485812990814,0.0345044554386164104
1.19955407999999997,0.0475208531068697648,0.0226187852664383529,2.94703691695096914,0.0482537639781795077
1.22955161599999996,0.0458764570879421837,0.0229430863629806019,2.94672629890082538,0.0637590776982339541
1.25955081599999996,0.0437525780573928685,0.0233626474377700635,2.94640228095319312,0.0808094864635951621
1.28955315200000009,0.04110682465308068,0.0238862104308179453,2.94606408894988281,0.0992015111178469605
1.31955215999999997,0.0379026973416805649,0.0245214181991964784,2.9457108933365741,0.118739103611064351
1.34954719999999995,0.0341093692596173004,0.0252748551210323878,2.94534180449541649,0.139233647141041694
1.37955055999999998,0.0297014670539994183,0.0261520876995003752,2.94495586763285555,0.160503956309596713
1.40955683200000004,0.0246588517235527584,0.0271577051668165127,2.94455205717665125,0.18237627729571565
1.43955142400000002,0.0189663994595545143,0.0282953600882318371,2.94412927063113905,0.204684288047528029
1.4695509120000001,0.0126137824867667888,0.0295678089660256979,2.94368632183441603,0.227269098495344934
1.49955081599999995,0.00559524990437052731,0.0309769528434993072,2.94322193355525386,0.249979250788280427
1.5295556159999999,-0.00209059147310079827,0.0325238779089691635,2.94273472936113789,0.272670719557289332
1.55955651199999989,-0.0104409962748272592,0.034208896099760501,2.94222322468192221,0.295206912207813199
1.58955168000000002,-0.0194492997327688731,0.0360315857062008596,2.94168581698615528,0.317458669245625047
1.61955359999999993,-0.0291051368407317414,0.0379908319756133844,2.94112077497924984,0.339304264639914532
1.64954672000000002,-0.0393946615134341607,0.0400848677163105141,2.94052622672438302,0.360629406228155869
1.67954793600000007,-0.0503007657455729756,0.0423113139015871761,2.93990014657850063,0.381327236167856909
1.70955094400000007,-0.0618032987708898307,0.0446672202737145307,2.93924034082721253,0.40129833144091509
1.73958054400000006,-0.0738792862212371976,0.0471491059479332564,2.93854443189406878,0.420450704416973853
1.76955548799999995,-0.0865031492856447176,0.0497530000164470576,2.93780984099211029,0.438699803482934303
1.79954825600000001,-0.0996469238693854509,0.0524744821524161867,2.93703376907934199,0.455968513746570436
1.82955334400000003,-0.113280479753041938,0.0553087232139508125,2.93621317597575526,0.472187157823060699
1.85955737599999993,-0.127371739751572732,0.0582505258481046603,2.93534475749897261,0.487293496714148344
1.88955168000000007,-0.141886898873378103,0.061294365094868207,2.93442492048014714,0.501232730790559522
1.91954569599999991,-0.156790643479366776,0.0644344289911624735,2.93344975553370002,0.513957500889206331
1.94954928000000005,-0.172046370442021868,0.0676646591748321924,2.93241500747688733,0.525427889537520953
1.97955078399999995,-0.187616406304467187,0.070978791488639531,2.93131604333213414,0.535611422317942121
2.00954460800000012,-0.203462226439533322,0.0743703965842573284,2.93014781790204015,0.544483069385954921
2.03954265600000006,-0.219544674208824037,0.0778329205262627555,2.92890483699119519,0.55202524715504242
2.06955113599999985,-0.235824180121782329,0.0813597253961306499,2.92758111847003244,0.558227820161172117
2.09954755200000021,-0.2522609809947568,0.084944129896227058,2.92617015154648463,0.563088103117698968
2.12954623999999981,-0.268815339110067664,0.0885794499538026942,2.92466485484761574,0.566610863168367174
2.15954844799999979,-0.285447761375073439,0.092259039324986386,2.92305753423703152,0.568808322340807471
2.18954739200000015,-0.302119218481236407,0.0959763301987785339,2.92133984173213435,0.569700160194733018
2.21954307200000001,-0.318791364063189531,0.0997248738010446251,2.91950273747316702,0.569313516646791418
2.24954326400000015,-0.335426753857802129,0.10349838099850861,2.91753645747743073,0.567682994936271279
2.27955468800000016,-0.351989064863246548,0.107290762902746584,2.91543049094154894,0.564850664670606961
2.30955308799999992,-0.368443314498064056,0.111096171474179897,2.91317357219806317,0.560866064854361412
2.33955004799999999,-0.384756079760231073,0.114909040126068923,2.91075369416741836,0.555786206756883172
2.36955353600000018,-0.400895716386225898,0.1187241243285065,2.90815815235945907,0.549675576408122923
2.39957792000000003,-0.416832578010094212,0.122536542212411254,2.90537363126046477,0.542606136424376273
2.42954838399999984,-0.43253923532251537,0.126341815173521166,2.90238634837478449,0.534657326750473394
2.45957280000000011,-0.44799069522986934,0.130135908476387008,2.89918227532580186,0.525916063756302066
2.48961327999999993,-0.463164620013302164,0.133915271858365797,2.89574746024180874,0.516476736938080272
2.51957939199999981,-0.47804154648779229,0.137676880133614343,2.89206848101059766,0.50644120224498379
2.5495452799999998,-0.49260510516121736,0.141418273797082605,2.88813306451026763,0.495918770780606533
2.5795523199999999,-0.506842239393419547,0.145137599628507252,2.88393091188201733,0.485026191326110467
2.60955724800000022,-0.520743424555272227,0.148833651296405023,2.87945477303341502,0.47388762482275415
2.63954694400000012,-0.534302887187746767,0.152505909962066422,2.87470181281920922,0.462634608684898585
2.66954940799999996,-0.547518824160977635,0.15615458488354883,2.86967530373249646,0.451406008675156956
2.69954784000000014,-0.56039362183332897,0.159780654019670371,2.8643866613223512,0.440347956193470724
2.72955555199999989,-0.572934075210461691,0.163385904634002987,2.85885780378974319,0.429613769400895851
2.75955401600000005,-0.585151607104398397,0.166972973898866173,2.85312376076083529,0.419363857860893585
2.78954876799999996,-0.59706248729259026,0.170545389499320466,2.8472353736601308,0.409765612607766561
2.81954937599999989,-0.608688051676983366,0.174107610237160648,2.84126182083105938,0.400993286972588736
2.8495430719999999,-0.620054921443084606,0.177665066634909524,2.83529257200699325,0.393227878165957168
2.87955817600000019,-0.631195222219028018,0.181224201539811169,2.82943824930727494,0.386657025217257144
2.909553952,-0.642146803234640906,0.184792510727824544,2.82382978285631836,0.381474944487416201
2.93955600000000006,-0.652953456480510286,0.18837858350761677,2.81861525175789751,0.377882427939867649
2.96955542400000017,-0.663665135867049005,0.191992143324556885,2.81395395500908352,0.37608692934797805
2.99955231999999983,-0.674338176383561638,0.195644088364708979,2.81000760521844484,0.376302757195906112
3.02955084799999996,-0.681462871584989749,0.198105974266433699,2.80785013334284228,0.37767310639856233
3.05955849600000018,-0.692200258620603193,0.201847795646431488,2.80457526877288199,0.380308373850634485
3.08954927999999995,-0.702993244563289932,0.20565267488765801,2.80065394776685883,0.382566386998762165
3.11954601600000014,-0.713828885995648976,0.209524003357763139,2.79615889967664044,0.384474653022410406
3.14955337600000007,-0.724695201998444394,0.213464639301605474,2.7911570065546778,0.386059964014300483
3.17955257599999985,-0.735581146397089269,0.217476925879500294,2.7857103520945361,0.387348280955716107
3.20954736000000018,-0.746476580008128443,0.221562709205465808,2.77987707664193007,0.388364640922002458
3.23954431999999981,-0.757372242885723024,0.225723356385471502,2.77371207244336926,0.389133083858582474
3.26955481599999986,-0.768259726568135681,0.229959773555684893,2.76726754614033155,0.38967659613713701
3.29955091199999995,-0.779131446324212384,0.23427242392071887,2.76059347003472944,0.390017068749216489
3.32954659199999981,-0.789980613399867138,0.23866134579187917,2.75373793944664591,0.390175268474201087
3.35954713600000021,-0.80080120726456594,0.243126170625411392,2.74674745025629852,0.390170820709501986
3.38954739199999988,-0.811587947857811742,0.247666141060748857,2.73966710823977033,0.39002220290232098
3.41955414400000013,-0.822336267835624635,0.252280128958758842,2.7325407798965915,0.38974674769614065
3.44955372800000015,-0.833042284817031797,0.256966653439991366,2.7254111929912086,0.38936065501827849
3.47955206399999994,-0.843702773630544578,0.261723898922925025,2.71831999388425816,0.38887901240057271
3.50957059200000021,-0.854315138560648668,0.266549733162215419,2.71130776783106375,0.38831582285432642
3.53956918399999987,-0.864877385594282622,0.271441725286941826,2.70441402770929606,0.387684039621804644
3.56955289599999981,-0.8753880946673257,0.276397163838854487,2.69767717605516477,0.386995607107385065
3.59958179199999995,-0.885846391911080278,0.281413074810622443,2.69113444479899488,0.386261507258279679
3.62955168000000006,-0.896251921898754023,0.286486239684079935,2.68482181666746333,0.385491810623150688
3.65954975999999998,-0.906604819891948299,0.29161321346847513,2.67877393183986134,0.384695731271765984
3.68959331199999996,-0.916905684087136241,0.296790342738715462,2.67302398309501532,0.383881684714236227
3.71955097599999984,-0.927155547862151153,0.302013783673616809,2.66760360235510774,0.383057347917916124
3.74955008000000012,-0.937355852022669245,0.307279520094149772,2.66254274121832246,0.382229720486648772
3.77955232000000008,-0.947508417048692375,0.31258338150168713,2.65786954777354367,0.381405186043107414
3.80955456000000003,-0.957615415341032783,0.317921061116251125,2.65361024170941517,0.380589572842321033
3.8395557440000001,-0.967679343467796715,0.323288133914760967,2.64978898947112951,0.379788212644413148
3.86957296000000017,-0.977702994410869941,0.328680074669280287,2.64642778098631926,0.379005996887983587
3.89955744000000015,-0.987689429812397379,0.334092275985263309,2.64354630928170442,0.378247429232865806
3.92954988799999994,-0.997641952221273165,0.339520066339804194,2.6411618541493036,0.37751667358235852
3.95954713599999986,-1.00756407733961817,0.344958728119882096,2.63928917089837567,0.376817596750262551
3.9895488320000001,-1.01745950626926929,0.350403515660610176,2.63794038514845619,0.376153805006866071
4.01955065599999983,-1.02733209775825918,0.355849673283481882,2.63712489457912458,0.375528673819847003
4.04954601599999986,-1.03718584044730311,0.361292453334618735,2.63684927855031193,0.374945370200328254
4.07955507199999978,-1.04702482511628081,0.366727134223017615,2.63711721653715214,0.374406867170269109
4.10955481600000017,-1.05685321693072187,0.372149038458797821,2.63792941637708145,0.373915949984192864
4.13955216000000004,-1.06667522768828826,0.377553550691448359,2.63928355339314891,0.37347521386496485
4.16956092800000011,-1.07649508806525973,0.382936135748075834,2.64117422152330272,0.373087053148812409
4.19955164799999991,-1.08631701986301632,0.388292356671650796,2.64359289763609739,0.372753641877661079
4.22955456000000041,-1.09614520825452333,0.393617892759255905,2.64652792023340844,0.37247690602549266
4.25955686400000033,-1.1059837740308136,0.398908557600332558,2.64996448371475957,0.372258487697838092
4.28954630399999992,-1.11583674584747405,0.404160317114929002,2.653884649291125,0.372099701797324989
4.31955664000000006,-1.12570803247112661,0.409369307591946396,2.65826737347584707,0.372001485800669163
4.34954383999999994,-1.13560139502591428,0.4145318537273876,2.66308855483683082,0.371964343440505329
4.37954998399999962,-1.14552041923998438,0.419644486662603233,2.66832109936152895,0.371988283225591465
4.40955199999999969,-1.15546848769197186,0.424703962022539683,2.67393500436336717,0.37207275286160113
4.43954355199999995,-1.16544875205748366,0.429707277953986111,2.67989746034926979,0.37221657074833242
4.46955206400000016,-1.17546410535558299,0.434651693163821906,2.68617296968256092,0.372417855824301924
4.49954883200000033,-1.18551715419527226,0.439534744957263857,2.69272348022874963,0.372673957103380693
4.52954201599999973,-1.19561019102197807,0.44435426727611349,2.69950853148319858,0.372981384298076701
4.5595562239999996,-1.20574516636403417,0.449108408737004305,2.70648540997259301,0.373335740948953221
4.58955132799999976,-1.21592366107916572,0.453795650669649442,2.71360931002156258,0.373731661479324517
4.61954550400000041,-1.22614685860097361,0.458414825155088468,2.72083349530676477,0.374162753570019657
4.64957491200000028,-1.23641551718541742,0.462965133063934886,2.72810945600618515,0.374621547203358329
4.67954729599999997,-1.24672994215730015,0.467446162094623585,2.73538705580982366,0.375099451662793237
4.70954748800000011,-1.2570899581567514,0.471857904811657902,2.74261466260166609,0.3755867217007402
4.73955068799999957,-1.26749488138571209,0.476200776683857074,2.74973925625604032,0.376072434009133316
4.76955817600000032,-1.27794349185441747,0.480475634122603523,2.75670650670926287,0.376544475053726069
4.79955040000000022,-1.28843400562788202,0.484683792520090195,2.76346081525527865,0.376989541273705486
4.82955763200000021,-1.29896404707238178,0.488827044287567569,2.76994531184743886,0.37739315261336942
4.85955193599999991,-1.30953062110194041,0.492907676893591273,2.77610180103450643,0.377739680353830487
4.88954966399999957,-1.32013008542481103,0.496928490902269537,2.78187064897643799,0.378012390262174702
4.91955641599999982,-1.33075812278996075,0.500892818011509866,2.78719060372759619,0.378193502186361052
4.94955356799999979,-1.34140971323355584,0.504804539091267102,2.79199854059094354,0.378264267410765853
4.97955094399999965,-1.35207910632544359,0.50866810222178982,2.79622912378406596,0.378205065365701865
5.00954636799999964,-1.36275979341563747,0.512488540731868891,2.79981437486548845,0.377995521673009205
5.03954975999999988,-1.36988295681827776,0.515014299759004812,2.80181103498905193,0.377761959417213078
5.06955004799999998,-1.38056861660107,0.518776409838463959,2.8042306612693868,0.377538334621654981
5.09955526400000014,-1.39126087996049153,0.522515500666779098,2.80604268993392836,0.377662791083162475
5.12954313599999967,-1.4019668881814773,0.526240951491145137,2.8073139007088348,0.37809786593662037
5.15954752000000028,-1.41269303338552299,0.529961042016308559,2.80811160047049269,0.378807782543848504
5.18954620800000033,-1.42344498285549093,0.533682991477771096,2.80850260116256401,0.37975831765675172
5.2195495679999997,-1.43422770336040717,0.537412997714989515,2.8085523623696611,0.380916688487853483
5.24954403200000019,-1.44504548548026501,0.541156276244580403,2.80832429536437411,0.382251459854937137
5.27954665599999995,-1.45590196793082649,0.544917099333523502,2.80787922022790148,0.383732470728839759
5.3095440319999998,-1.46680016188842299,0.548698835072361391,2.80727496390951581,0.385330778890476122
5.33955158399999963,-1.47774247531475544,0.552503986448404483,2.80656608466782931,0.387018621978756527
5.36955286400000009,-1.48873073728169736,0.556334230418932485,2.80580370702920412,0.388769392960020055
5.39955606400000043,-1.49976622229609635,0.560190456984397844,2.80503545099838236,0.390557627942203223
5.42955068799999996,-1.51084967462457032,0.564072808261626424,2.80430543956147238,0.392359004262392841
5.45956038400000043,-1.52198133261831847,0.567980717557023063,2.80365436934530576,0.394150346865257795
5.48955104000000027,-1.53316095303791111,0.571912948439771029,2.80311963047487867,0.395909641135734292
5.51955436799999966,-1.54438783537810043,0.575867633815036917,2.80273546306200005,0.397616050529857601
5.54955651199999966,-1.55566084619261713,0.579842314997171981,2.8025331392489039,0.399249937544493727
5.57955564800000037,-1.56697844341897108,0.583833980782915263,2.80254116123080754,0.400792886765918677
5.60955651200000016,-1.57833870070325544,0.587839106524596255,2.80278546712432419,0.402227728928344908
5.63955510400000026,-1.58973933172494397,0.591853693203335918,2.80328963788733532,0.403538565089558099
5.66960115200000025,-1.60117771452169921,0.595873306502252675,2.80407509970032409,0.404710790187389979
5.69955427200000031,-1.61265091581416331,0.599893115879660432,2.805161317272864,0.405731115375520701
5.72955401599999981,-1.62415571533076974,0.603907933642275241,2.8065659744361624,0.40658758864937905
5.7595498239999996,-1.63568863013253774,0.607912254018415754,2.80830513912544566,0.407269613363064276
5.78955068800000028,-1.64724593893787685,0.611900292231206011,2.81039341045243596,0.407767964307486908
5.81955436800000037,-1.65882370644738608,0.615866023571778221,2.81284404602970639,0.408074801069903292
5.84955276799999968,-1.67041780766865644,0.619803222472475768,2.81566906804931305,0.408183678427635033
5.879557696,-1.68202395224107315,0.623705501580055222,2.81887934685288633,0.408089553546010619
5.90955468800000006,-1.69363770876061226,0.627566350828888009,2.82248466087503136,0.407788789754463643
5.93955283200000039,-1.70525452910464992,0.631379176514165974,2.8264937319122474,0.407279156667272657
5.96955651199999959,-1.71686977275675456,0.635137340365100389,2.83091423468135206,0.406559826398579516
5.99956214400000043,-1.72847873113149508,0.638834198618126625,2.83575277960032457,0.405631365597089233
6.02954540799999972,-1.74007665189923899,0.642463141090106715,2.84101486766637557,0.404495722996208618
6.05954630400000038,-1.75165876331095394,0.646017630251530472,2.84670481623714844,0.403156212142556203
6.08955078400000005,-1.76322029852300899,0.649491240299720052,2.85282565445815273,0.401617488932140054
6.11955299200000002,-1.77475651992197703,0.652877696232031068,2.85937898704079307,0.399885523551836763
6.14955168000000008,-1.78626274344943425,0.656170912919055382,2.86636482509985724,0.397967566397340877
6.17957999999999963,-1.79773436292676214,0.659365034177824327,2.87378138282768036,0.39587210752130586
6.20956844799999974,-1.80916687437994916,0.662454471845010495,2.88162483893641586,0.393608829161520124
6.23954899199999957,-1.82055590036439208,0.665433944850131076,2.88988906206298202,0.391188550913988575
6.26955020800000007,-1.83189721428969565,0.668298518288749532,2.89856529972680477,0.388623167155981053
6.29955209600000021,-1.84318676474447574,0.67104364249567916,2.90764183098136053,0.385925576396609404
6.3295531519999999,-1.85442069982115965,0.673665192118184875,2.91710358362741395,0.383109602345317546
6.35954480000000011,-1.86559539144078723,0.676159505189185883,2.92693171777519057,0.380189906650540643
6.38954796799999958,-1.87670745967781283,0.678523422200459025,2.93710317866413639,0.377181893480865282
6.41955430400000004,-1.88775379708490654,0.680754325175840447,2.94759022297217621,0.374101606408426324
6.44954969600000005,-1.89873159301775285,0.682850176744428272,2.95835992435834783,0.370965618417518461
6.47955203199999996,-1.90963835795985681,0.684809559213785835,2.96937366565440675,0.367790916307534022
6.50955536000000023,-1.9204719478473411,0.686631713643143571,2.98058662690559739,0.364594781292917725
6.53955372799999957,-1.93123058839374839,0.688316578916601807,2.99194728029299384,0.361394668224847226
6.56955609600000034,-1.94191289941484402,0.68986483081633343,3.00339690476766963,0.358208086565858619
6.59954575999999982,-1.95251791915341499,0.691277921095786563,3.01486913489702868,0.355052487029613617
6.62955593600000004,-1.96304512860407288,0.69255811655288646,3.02628955986995951,0.351945158636197963
6.6595518079999998,-1.9734944758380546,0.693708538103239292,3.03757538974496333,0.34890314180347376
6.68955116800000038,-1.98386640032802331,0.694733199853333483,3.04863520679707012,0.345943163963419786
6.71957119999999986,-1.99416185727286965,0.695637048173743056,3.05936882021658851,0.343081605017187596
6.7495607040000003,-2.00438234192251397,0.696426000772329745,3.06966724249543654,0.34033450067432397
6.77955196799999982,-2.01452991390270686,0.697106985767446119,3.07941280575095933,0.337717592304346448
6.80956102399999974,-2.02460722153982964,0.697687980761137472,3.08847943622382148,0.335246432301372965
6.83955276799999989,-2.03461752618569625,0.698178051912345055,3.09673310557781711,0.332936554059093781
6.86954684799999971,-2.04456472654235544,0.698587393010107971,3.1040324788245659,0.330803715403650944
6.89954547199999979,-2.05445338298689117,0.698927364546766405,3.11022978111264381,0.328864223659305344
6.9295485440000002,-2.06428874189622302,0.699210532791163963,3.11517190961550305,0.327135349339689518
6.95954467199999982,-2.07407675997190921,0.699450708861849901,3.1187018225080223,0.325635833664607299
6.98955020799999982,-2.08382412856494525,0.699662987800282354,3.12066024439682321,0.324386492576719754
7.01954582399999971,-2.09353829800056968,0.699863787644030011,3.1208877359166296,0.323410916527276993
7.04954659199999956,-2.10000000000000009,0.699999999999999956,3.12000000000000011,0.322925861725792629
7.07954518399999966,-2.10967354020652209,0.700220244817058912,3.11747887347183772,0.322066520427684522
7.109546688,-2.11931382665913759,0.700469109592505412,3.11391532631416412,0.320763337767017875
7.13954419199999979,-2.12890782587089156,0.700755819535043956,3.10935155260032481,0.319059500817327923
7.16955222400000025,-2.13844369480919649,0.701088978445361666,3.10382321727770094,0.316997618999915687
7.19955449600000019,-2.14791074358560685,0.701476585085221593,3.09736094210861612,0.314619591789389474
7.22954672000000009,-2.15729939814558991,0.701926049546549025,3.08999162084020185,0.31196649245084207
7.2595438080000001,-2.16660116295831218,0.702444209620525672,3.08173960569369942,0.309078462945213628
7.28954720000000034,-2.17580858370641028,0.703037347166678095,3.07262779648697881,0.305994616167129085
7.31954735999999961,-2.18491520997576627,0.703711204481968666,3.06267865474248513,0.302752942496470945
7.34954755199999976,-2.1939155579452847,0.70447100066988555,3.05191515741208619,0.29939021832465601
7.37954537600000027,-2.2028050730766715,0.705321448009534002,3.04036169797612965,0.295941914813691642
7.40954252800000024,-2.21158009280420842,0.706266768324726346,3.02804493640116945,0.292442105700940869
7.43955379199999989,-2.22023780922452385,0.707310709353070832,3.01499459365444578,0.288923373503937875
7.46955228800000004,-2.22877623178638373,0.708456561115066163,3.0012441811768551,0.28541671402598684
7.49955734400000029,-2.23719414998044908,0.709707172283186694,2.98683165102127957,0.281951439623056743
7.52954758400000035,-2.24549109602906949,0.711064966550977173,2.97179994847556062,0.278555082263832021
7.55954563199999985,-2.25366730757604605,0.712531959002140725,2.95619744618823654,0.275253297985334544
7.58954950399999984,-2.26172369037641596,0.714109772479630145,2.94007823742106567,0.272069774893600291
7.61955177599999978,-2.2696617809862274,0.715799653954738768,2.92350226638351574,0.269026147350204359
7.64955526399999997,-2.27748370945230949,0.717602490896188328,2.90653527592201488,0.266141919381380487
7.67955500800000035,-2.28519216200206277,0.71951882763922459,2.88924855728390728,0.2634344006035369
7.70955651199999981,-2.29279034373321533,0.721548881754700999,2.87171849321972195,0.260918658034643869
7.73956204799999981,-2.30028194130361863,0.72369256041817509,2.85402589407340468,0.258607487019796745
7.76954604799999959,-2.30767108562101209,0.725949476778995573,2.83625513624477188,0.256511404119132813
7.79954451199999976,-2.31496231453280243,0.728318966329393858,2.818493122775108,0.254638664184287544
7.82955286400000006,-2.32216053551584078,0.730800103273573809,2.80082809592444226,0.252995303005846273
7.85955539199999986,-2.32927098836619795,0.73339171689680327,2.7833483405273145,0.251585205893282371
7.88954937599999973,-2.33629920788894374,0.736092407934503479,2.76614082373396553,0.25041020141711251
7.91955286399999991,-2.3432509865879152,0.738900564941339266,2.74928982074425354,0.249470178383037033
7.94955180799999983,-2.35013233735550475,0.741814380660311579,2.73287557688486782,0.248763223009603185
7.97955743999999978,-2.35694945616242446,0.744831868391844565,2.71697305378044707,0.248285772331363785
8.00955852799999946,-2.36370868474749152,0.74795087836287899,2.70165080170307759,0.248032779122293767
8.03954988799999981,-2.37041647330740091,0.751169114095960988,2.68696999204818665,0.247997883181379941
8.06955456000000027,-2.37707934318649983,0.754484148778333363,2.67298363409990714,0.248173583669019066
8.09954656000000028,-2.383703849566567,0.757893441631025122,2.6597359897429631,0.248551407326207757
8.12954854400000038,-2.39029654415658754,0.761394354277942664,2.64726218945814873,0.249122067820014531
8.1595516159999999,-2.39686393788253094,0.764984167114959868,2.63558804358324084,0.249875612090074972
8.18955337599999922,-2.40341246357712457,0.768660095679008615,2.62473003500598034,0.250801550360917447
8.21955391999999918,-2.40994843866963304,0.77241930701716921,2.61469547351785003,0.251888967368252226
8.24954899199999936,-2.41647802787563037,0.776258936055760573,2.60548278809987188,0.25312661326083491
8.27956086400000046,-2.42300720588678065,0.78017610196943088,2.59708193133801313,0.254502973528032028
8.30955091200000062,-2.42954172006061286,0.784167924550248197,2.5894748697321317,0.256006318123067012
8.33954566399999919,-2.43608705311029627,0.788231540576790457,2.58263613453668306,0.257624730672360525
8.36954972800000085,-2.44264838579441612,0.792364120183236209,2.5765334095882686,0.259346119264330821
8.3995557440000006,-2.44923055960675295,0.796562883228454588,2.57112813498075887,0.261158210789737111
8.42955148799999954,-2.45583803946605572,0.800825115665096621,2.56637610813183148,0.263048531162532906
8.45954435199999999,-2.46247487640582063,0.805148185908684311,2.56222806649409751,0.265004373994510878
8.48955331199999996,-2.4691446702640647,0.80952956120670283,2.55863023871383755,0.267012760442621899
8.51954656000000021,-2.47585053237310504,0.813966824007689049,2.55552485330746038,0.269060393011300247
8.5495481919999996,-2.48259504824933197,0.818457688330323174,2.55285059584028939,0.271133606091255253
8.57955231999999945,-2.48938024028298832,0.823000016132519163,2.55054300712598403,0.273218315969037284
8.60954979199999926,-2.49620753042794519,0.827591833680514477,2.54853481611892452,0.275299972965952211
8.63955366399999924,-2.50307770289147502,0.83223134791796094,2.54675620196507513,0.277363518277638221
8.66955299199999985,-2.50999086682403227,0.836916962835015044,2.54513498013628636,0.279393348003270481
8.6995482880000008,-2.51694641900902649,0.841647295837428588,2.54359670772655067,0.281373286791927135
8.72954563200000067,-2.52394300655260206,0.846421194115638875,2.54206470286000874,0.283286573509078765
8.7595548799999996,-2.53097848957340954,0.851237751013858901,2.54045997276617319,0.285115861354787614
8.78956227199999951,-2.53804990389238672,0.85609632239916833,2.53870104442648437,0.286843234964384575
8.81956009600000002,-2.54515342372253262,0.8609965430306038,2.53670369078981217,0.288450247211224642
8.84954646399999945,-2.5522843243586828,0.865938342928248672,2.53438054439050475,0.289917978731332737
8.87955804799999981,-2.55943694486728912,0.870921963742324334,2.53164058877973241,0.291227123626781326
8.90955903999999954,-2.56660465077619193,0.875947975122280287,2.52838851650638752,0.29235810540892182
8.93954800000000027,-2.57377979676440027,0.881017291085884446,2.52452394048548356,0.293291228051096142
8.96955628799999971,-2.58095368935186453,0.886131186388313563,2.51994044353617985,0.294006868078406758
8.99955568000000028,-2.58811654958925486,0.891291312891243859,2.51452444879111026,0.294485714984918157
9.02955663999999913,-2.59525747574773735,0.896499715931941221,2.50815389181577642,0.294709069003620039
9.05955049599999995,-2.60000000000000009,0.900000000000000022,2.50331177274793903,0.294707226114184151
9.0895557440000001,-2.60708069197421688,0.905294933921462874,2.4957056665689068,0.294786809412981965
9.11954895999999948,-2.61412704953472863,0.910647766217832833,2.4881879944521974,0.295197350815186499
9.14954873599999985,-2.6211466059343782,0.916063402077935574,2.48076952795344363,0.295908161760503774
9.17955638399999962,-2.62814611967607137,0.921546295056745346,2.47345779789393161,0.296889497227856847
9.20954275200000083,-2.63513159889537718,0.927100460674889826,2.46625727962253549,0.298112569172840569
9.23955452799999932,-2.64210832574311283,0.932729490018158858,2.45916962383961568,0.299549558047939979
9.26955036800000087,-2.64908088076795467,0.938436563337010865,2.45219391740400106,0.301173622379429351
9.29954883199999927,-2.65605316729902396,0.944224463646082146,2.44532696021772278,0.302958906466209266
9.32954892799999946,-2.66302843582848903,0.950095590323690953,2.43856354636160999,0.304880546333876068
9.35954371200000068,-2.67000930839415451,0.956051972711346787,2.43189673990253841,0.306914674123079212
9.38954886399999999,-2.67699780296206757,0.962095283713257587,2.42531813802355245,0.30903842111722718
9.41954659199999966,-2.68399535780910625,0.968226853395837472,2.41881811620681697,0.311229919624153972
9.44954691200000063,-2.69100285590557275,0.974447682587210151,2.41238605204077494,0.313468303923048197
9.47954953600000039,-2.69802064929780583,0.980758456476723328,2.40601052578289254,0.31573371047524984
9.50954537600000016,-2.70504858349075628,0.987159558214448229,2.39967949707614903,0.318007277578524594
9.53955539200000047,-2.71208602183059755,0.993651082510693229,2.39338045820266476,0.320271144621747383
9.56954963199999931,-2.71913186988731681,1.00023284923550637,2.38710056498803613,0.322508451072584523
9.59955167999999937,-2.72618459983731221,1.00690441701818556,2.38082674698005281,0.324703335306276597
9.62955155200000057,-2.73324227484598881,1.01366509684678552,2.37454579885337003,0.326840933360030061
9.6595491839999994,-2.74030257345035011,1.02051396566762209,2.36824445517479099,0.328907377675434653
9.6895511360000004,-2.74736281394160864,1.02744987998478554,2.36190945073659808,0.330889795871075809
9.71955340799999945,-2.75441997874776101,1.03447148945963985,2.35552756865802904,0.332776309569147943
9.74955263999999922,-2.76147073881620431,1.04157725051033712,2.34908567839316085,0.33455603328332989
9.77955225600000055,-2.76851147799632002,1.04876543991132132,2.34257076568785161,0.336219073360190523
9.80954633600000037,-2.77553831742207269,1.05603416839283559,2.33596995641544236,0.337756526952710245
9.83955712000000027,-2.78254713989461022,1.06338139424043066,2.32927053610309498,0.33916048099175794
9.86956044799999965,-2.78953361426485369,1.07080493689447098,2.32245996684707467,0.340424011109229596
9.89954937599999951,-2.79649321981610255,1.07830249054964367,2.31552590321236096,0.341541180454687565
9.92954636800000046,-2.8034212706466155,1.08587163775446194,2.30845620862376766,0.342507038335401748
9.95954764799999914,-2.81031294005222776,1.09350986301077913,2.30123897368458463,0.343317618597400065
9.98955481600000006,-2.81716328490892964,1.10121456637328796,2.2938625378054307,0.343969937652184532
10.0195513280000004,-2.82396727005546966,1.10898307704903387,2.28631551549014578,0.344461992039969189
10.0495548800000005,-2.83071979267595131,1.11681266699691983,2.27858682860578332,0.344792755405408047
10.0795569599999997,-2.83741570668242904,1.12470056452721323,2.27066574595777837,0.344962174745721717
10.1095978879999997,-2.84404984709750197,1.13264396790105426,2.26254193149605909,0.344971165773789945
10.1395451839999993,-2.85061705443691293,1.14064005892996301,2.25420550248913187,0.344821607220203274
10.1695532160000006,-2.85711219909214398,1.14868601657534586,2.24564709901615522,0.344516333878553793
10.1995522560000005,-2.86353020571301098,1.15677903054800346,2.23685796613563159,0.344059128177652551
10.2295578559999996,-2.8698660775902618,1.16491631490763803,2.22783005008652424,0.343454710043286315
10.2595513280000006,-2.87611492103817223,1.17309512166236041,2.21855610985493445,0.342708724791164043
10.2895482559999998,-2.88227196977714195,1.18131275436819672,2.20902984538719016,0.341827728772682748
10.3195585919999999,-2.88833260931628999,1.18956658172859719,2.19924604363719789,0.340819172477177468
10.3495519040000001,-2.89429240133605248,1.19785405119394195,2.18920074348961924,0.339691380779820529
10.3795472639999993,-2.90014710807077591,1.20617270256104825,2.17889142038717587,0.338453530015128345
10.4095485439999997,-2.90589271669131843,1.21452018157267938,2.1683171911955168,0.337115621554291645
10.4395481280000002,-2.91152546368764131,1.22289425351705061,2.15747903944764197,0.335688451572926427
10.4695492800000007,-2.91704185925140758,1.2312928168273356,2.14638006060739261,0.334183576717411279
10.4995498880000007,-2.92243871165857705,1.23971391668117636,2.13502572636511667,0.33261327541621194
10.5295479360000002,-2.92771315165200363,1.24815575860018702,2.12342416621850205,0.330990504641319183
10.5595501439999992,-2.93286265682403124,1.25661672204946462,2.11158646369291292,0.329328852008172079
10.5895490240000001,-2.93788507599908932,1.26509537403709338,2.0995269635205478,0.327642483214239222
10.6195482240000008,-2.94277865361628965,1.2735904827136546,2.08726358493794129,0.325946084960542837
10.6495537280000008,-2.94754205411202364,1.28210103097173089,2.07481813500007783,0.324254803679952242
10.6795504959999992,-2.95217438630255558,1.29062623004541721,2.06221661448370641,0.322584180613015581
10.709551072,-2.95667522776662262,1.29916553310982397,2.04948950761461868,0.320950084026764948
10.7395487040000006,-2.96104464922802713,1.30771864888058764,2.03667204557134074,0.319368639662363674
10.7695488319999999,-2.96528323893823664,1.31628555521337676,2.02380443257292608,0.317856160818824007
10.7995454399999993,-2.96939212705897804,1.32486651270339828,2.01093202244411895,0.316429079824037063
10.8295539519999995,-2.97337301004483301,1.33346207828490648,1.99810543296544529,0.315103882998908624
10.8595465919999992,-2.97722817502583625,1.34207311883070934,1.98538058515443461,0.313897051569316687
10.8895464959999995,-2.98096052419007052,1.35070082475167585,1.97281865497054198,0.312825011303865697
10.9195458240000001,-2.98457359916626341,1.35934672359624331,1.96048592585021275,0.311904093929601611
10.9495457280000004,-2.98807160540638339,1.36801269364992439,1.94845353198543725,0.311150513577232668
10.9795503360000009,-2.99145943656823521,1.37670097753481513,1.93679708434140618,0.310580361605280797
11.0095539200000001,-2.99474269889805722,1.38541419580910152,1.92559617400068883,0.310209623123166633
11.0395492480000001,-2.99792773561311821,1.39415536056656664,1.91493375040969216,0.310054218353548794
11.0695555199999998,-3,1.39999999999999991,1.90816679790667321,0.310078105935821136
11.0995474559999998,-3.00303603727251334,1.40879436566847493,1.8982648189212854,0.310157793180928176
11.1295532799999997,-3.00598549588242259,1.4176195838130452,1.8884098675217651,0.310169964011455357
11.1595432639999999,-3.00884782938334672,1.42647283473562569,1.87859046698919263,0.310120071972993405
11.1895470079999999,-3.01162250849475566,1.43535147454420464,1.86879607743465659,0.310013489573816747
11.2195484160000003,-3.0143090211019814,1.44425302954201507,1.85901704900671749,0.309855499089801312
11.249547776,-3.01690687225620202,1.4531751906166972,1.84924458046336482,0.309651284015406036
11.2795504639999997,-3.01941558417445588,1.4621158076294718,1.83947068237466849,0.309405921069112189
11.3095552000000001,-3.02183469623963719,1.47107288380430679,1.82968814428363902,0.309124372674712766
11.3395486719999994,-3.02416376500049289,1.48004457011708146,1.81989050520671025,0.308811479851389237
11.3695576319999994,-3.02640236417162267,1.48902915968475846,1.81007202690301949,0.308471955455826063
11.3995522880000006,-3.0285500846334874,1.49802508215454999,1.80022766938448409,0.308110377728880391
11.4295485120000002,-3.03060653443239891,1.50703089809308644,1.79035306817760564,0.307731184107696509
11.4595475199999992,-3.03257133878052088,1.51604529337557992,1.78044451288391326,0.307338665271750355
11.4895523199999996,-3.03444414005587948,1.52506707357500138,1.77049892661985653,0.306936959398228904
11.5195523519999998,-3.03622459780234832,1.534095158351237,1.76051384594949401,0.306530046608448181
11.5495476799999999,-3.03791238872966174,1.54312857584026553,1.75048740095514588,0.306121743592773943
11.5795543040000002,-3.03950720671340591,1.55216645704332046,1.74041829512282864,0.305715698406736236
11.6095491200000005,-3.04100876279502152,1.56120803021606047,1.73030578475117824,0.305315385435769804
11.6395483520000003,-3.04241678518180914,1.57025261525773674,1.7201496576250439,0.304924100530270581
11.6695500479999996,-3.04373101924691403,1.57929961810035824,1.70995021072818698,0.304544956316437632
11.69956,-3.04495122752935021,1.58834852509786573,1.69970822680366718,0.304180877691675566
11.7295522240000007,-3.0460771897339729,1.59739889741529106,1.68942494960553669,0.303834597516141725
11.7595552639999994,-3.04710870273150203,1.60645036541793385,1.67910205772127008,0.303508652514360211
11.7895487360000004,-3.04804558055850849,1.61550262306052206,1.6687416368807273,0.303205379402634589
11.8195543680000004,-3.0488876544174186,1.62455542227638428,1.65834615070407754,0.302926911259319864
11.8495448000000003,-3.04963477267651362,1.63360856736661564,1.64791840987758631,0.302675174155821236
11.8795528640000008,-3.05028680086992932,1.64266190938924539,1.63746153978206044,0.302451884066488597
11.9095474239999994,-3.05084362169765999,1.65171534054840818,1.62697894663349008,0.302258544075388602
11.9395926079999999,-3.05130513502554646,1.66076878858350407,1.61647428222850764,0.302096441897266088
11.9695555200000001,-3.0516712578852947,1.66982221115837715,1.60595140741809872,0.301966647728885096
11.9995521600000004,-3.05194192447445856,1.67887559025047328,1.59541435446098046,0.301870012445395353
12.0295567680000008,-3.05211708615644906,1.68792892654001436,1.58486728843267288,0.301807166154461071
12.0595474879999998,-3.05219671146053217,1.69698223379916291,1.57431446788701024,0.301778517118638623
12.0895485439999995,-3.05218078608182974,1.70603553328119162,1.56376020498324153,0.301784251053986652
12.1195537279999996,-3.05206931288131589,1.71508884810965134,1.55320882530359983,0.301824330810176122
12.1495499519999992,-3.05186231188582324,1.72414219766753662,1.5426646275930147,0.301898496434521824
12.1795540800000008,-3.0515598202880363,1.73319559198645612,1.53213184365434896,0.302006265619451431
12.2095511999999999,-3.05116189244649627,1.74224902613579857,1.52161459862912918,0.302146934530028499
12.2395559039999995,-3.05066859988559802,1.75130247461190214,1.51111687188527744,0.302319579005340455
12.2695498880000002,-3.05008003129559313,1.76035588572722101,1.50064245872002933,0.302523056124905765
12.2995573440000001,-3.04939629253258548,1.7694091759994941,1.49019493306833728,0.302756006128832522
12.329559712,-3.04861750661853748,1.77846222454091207,1.47977761138499186,0.303016854678316516
12.3595472320000006,-3.04774381374126335,1.78751486744728583,1.4693935178428954,0.303303815441272273
12.3895583360000003,-3.04677537125443365,1.79656689218721399,1.45904535096093957,0.303614892986486307
12.4195551040000005,-3.04571235367757254,1.8056180319912507,1.4487354517433022,0.303947885968705256
12.4495517440000008,-3.04455495269606224,1.8146679602410738,1.43846577337828019,0.304300390586560887
12.4795521279999999,-3.04330337716113641,1.82371628485865211,1.42823785250958624,0.304669804295206126
12.5095528639999998,-3.04195785308988498,1.83276254269541417,1.41805278205689578,0.305053329756009073
12.5395644799999992,-3.04051862366525416,1.84180619392141454,1.40791118552585992,0.305447979006631676
12.5695488320000006,-3.03898594923604248,1.85084661641450321,1.39781319271120852,0.305850577836303705
12.5995447360000004,-3.0373601073169052,1.85988310014949221,1.3877584166603647,0.306257770353100589
12.6295596480000007,-3.03564139258835386,1.8689148415873249,1.37774593172941495,0.306666023732517556
12.6595415360000008,-3.03383011689675053,1.87794093806424178,1.36777425252853613,0.307071633139616218
12.6895453440000008,-3.03192660925431667,1.88696038218095019,1.35784131352013127,0.307470726820480211
12.7195437760000001,-3.02993121583912606,1.89597205619179032,1.34794444899995325,0.307859271362655618
12.7495492160000001,-3.02784429999510873,1.90497472639390564,1.33808037315924389,0.30823307712867154
12.7795556159999997,-3.02566624223204883,1.91396703751640751,1.32824515989414471,0.308587803871634869
12.8095489279999999,-3.02339744022558587,1.92294750710954565,1.31843422199698912,0.308918966547297558
12.8395487680000002,-3.02103830881721525,1.93191451993387475,1.30864228933208127,0.309221941342927131
12.8695504960000005,-3.01858928001428506,1.94086632234942202,1.29886338556566061,0.309491971949811873
12.8995596159999995,-3.01605080298999972,1.94980101670485606,1.28909080298524037,0.309724176113367611
12.929559136,-3.01342334408341861,1.95871655572665415,1.27931707490664781,0.309913552502655454
12.9595560320000001,-3.01070738679945693,1.9676107369082696,1.26953394512696871,0.310054987949775596
12.9895505920000005,-3.00790343180888176,1.97648119689929969,1.25973233383726257,0.310143265119200207
13.0195431359999994,-3.00501199694831911,1.98532540589465478,1.24990229935923014,0.310173070677810414
13.0495403519999993,-3.00203361722024686,1.99414066202372453,1.24003299501380737,0.31013900404840139
13.0795456960000003,-3,2,1.23342585568311991,0.310078105935821136
13.1095450240000009,-2.99687658773268284,2.00876163919531558,1.22317854029530659,0.31007703361152833
13.139545472,-2.99365982866192226,2.01749293006812858,1.21235137238397628,0.310294297387418427
13.1695445440000007,-2.99034307734781946,2.0261970029596803,1.20102621831390532,0.310714792347357216
13.1995488319999996,-2.98692041433328326,2.03487660782039281,1.18928219246671119,0.311323376125310691
13.2295455359999998,-2.98338662286589429,2.04353412699000758,1.17719499804816485,0.312104813322980013
13.2595441279999999,-2.97973716561975843,2.05217158797771893,1.16483638254359056,0.313043744905159127
13.2895423039999994,-2.97596816141737719,2.06079067624231582,1.15227370779133564,0.314124679873026003
13.3195452799999998,-2.97207636195150693,2.06939274797232109,1.13956963179525772,0.315332006251453023
13.3495472639999999,-2.96805912850701681,2.07797884286612167,1.12678189679230223,0.316650018307715608
13.3795478400000007,-2.96391440868275202,2.08654969691211534,1.11396321585943037,0.318062956928582885
13.4095451840000006,-2.95964071311339438,2.0951057551688419,1.10116124857762432,0.31955506019977753
13.439548576,-2.95523709219132691,2.103647184545125,1.08841865501968127,0.321110621433198795
13.4695474560000008,-2.95070311278848552,2.11217388658020244,1.07577321660160452,0.322714052149761232
13.4995513920000008,-2.94603883497823738,2.12068551022387819,1.06325801210668236,0.324349947826932994
13.5295658559999996,-2.94124478875722195,2.12918146461664204,1.05090163740054066,0.326003154540030815
13.5595664320000004,-2.93632195076723068,2.13766093186982475,1.03872845792930679,0.327658834948067301
13.5895532800000005,-2.93127172101705424,2.1461228798457217,1.02675888394683068,0.329302532384831481
13.6195551679999998,-2.92609589960435157,2.15456607493773911,1.01500965946474353,0.330920232103882495
13.6495490880000006,-2.92079666343751132,2.16298909485052748,1.00349415708041034,0.332498418985425537
13.6795519040000002,-2.91537654295750448,2.17139034138012166,0.992222672041887854,0.334024131239796018
13.7095456319999993,-2.90983839885976181,2.17976805319407951,0.981202710097636599,0.335485009835076897
13.739544768,-2.90418539881601534,2.18812031861161227,0.970439264807239632,0.336869343535698251
13.7695972159999993,-2.8984209941961776,2.19644508838373476,0.959935081026125125,0.338166109566659323
13.7995580800000006,-2.89254889679019156,2.2047401884733917,0.949690902202448783,0.339365010017039337
13.8295542719999993,-2.88657305552989563,2.21300333283560002,0.939705699928147786,0.340456504170164209
13.8595491840000005,-2.8804976332108847,2.22123213619758753,0.929976884867030229,0.341431836999705363
13.8895559679999998,-2.87432698321437252,2.22942412683892899,0.920500498745000728,0.34228306410470527
13.9195566399999997,-2.86806562622905359,2.23757675937168576,0.911271387539757671,0.343003073375417578
13.9495517440000008,-2.86171822697295575,2.24568742752053607,0.902283356360861655,0.343585603688996988
13.9795507519999997,-2.85528957091531854,2.25375347690292793,0.893529306778667265,0.34402526093219854
14.009557504,-2.84878454099843692,2.26177221780919968,0.88500135755539866,0.344317531639665941
14.0395461439999991,-2.84220809435953381,2.26974093798272847,0.87669094986650864,0.344458794523091638
14.0695549440000001,-2.83556523905261626,2.27765691540006543,0.868588938187530246,0.344446330150073921
14.0995479679999995,-2.82886101077033958,2.28551743105107086,0.860685668071996868,0.344278329013197548
14.1295566400000006,-2.82210044956586481,2.29331978171905781,0.852971042069597063,0.343953898210681674
14.1595495360000001,-2.81528857657472553,2.30106129276092064,0.845434575039252567,0.343473066940638616
14.1895517439999992,-2.80843037073668489,2.30873933088728212,0.838065440106770199,0.342836790992095686
14.219542272,-2.80153074551759618,2.31635131694262597,0.830852506507563038,0.342046956397820123
14.2495444800000008,-2.79459452563127009,2.32389473868543517,0.823784370547069544,0.341106382396883068
14.2795560960000003,-2.78762642376132819,2.33136716356833018,0.816849380909420275,0.340018823838903528
14.3095446079999995,-2.78063101728306883,2.33876625151820638,0.810035659552288956,0.338788973147050865
14.3395469759999994,-2.77361272498532996,2.34608976771637234,0.803331119445611308,0.337422461943103824
14.3695514240000008,-2.76657578379234526,2.3533355953786872,0.796723480446052235,0.335925862425024535
14.3995454079999998,-2.75952422548561005,2.36050174853569672,0.79020028464910641,0.334306688575470301
14.4295540160000009,-2.75246185342573924,2.36758638481277517,0.783748912626875183,0.332573397268189408
14.459554528,-2.74539221927433097,2.37458781821025822,0.777356602041274769,0.330735389328111362
14.4895503039999998,-2.73831859971582725,2.38150453188358391,0.771010470217691535,0.328803010589848288
14.5195438079999999,-2.73124397317937539,2.38833519092342872,0.764697542369374483,0.326787552987990726
14.5495485440000003,-2.72417099656068817,2.39507865513584495,0.758404787272585756,0.324701255700676705
14.5795458880000002,-2.71710198194390617,2.40173399182240122,0.752119162298721111,0.322557306355131468
14.6095464320000001,-2.71003887332345839,2.40830048856031675,0.745827669801340409,0.320369842289897788
14.6395433599999993,-2.70298322332592544,2.41477766598260057,0.739517426918962162,0.318153951853029804
14.6695467520000005,-2.69593616993189755,2.42116529055818841,0.733175750870298293,0.315925675698395247
14.6995434879999998,-2.68889841319783951,2.42746338737208411,0.726790261764893919,0.313702008023295509
14.7295541439999997,-2.68187019197794818,2.43367225290549039,0.720349004802161352,0.31150089766992084
14.7595261440000005,-2.67485126064601753,2.43979246781595283,0.713840593454955208,0.309341248990937956
14.7895523519999994,-2.66784086581729696,2.44582490971749422,0.707254374796684293,0.3072429223562953
14.8195423040000005,-2.6608377230703546,2.45177076596075416,0.700580617499024338,0.30522673415499274
14.8495511360000005,-2.65383999366893697,2.45763154641312509,0.693810722168145877,0.30331445612340463
14.8795575679999992,-2.64684526128383224,2.46340909623889104,0.686937452574805874,0.301528813812539875
14.9095574079999995,-2.63985050871472904,2.46910560867936368,0.679955184953455416,0.299893483992663412
14.9395525120000006,-2.63285209461207881,2.47472363783302374,0.672860170902415788,0.298433090787754263
14.9695518399999994,-2.62584573019895995,2.48026611143565479,0.665650807542861211,0.297173200337496446
14.9995507519999993,-2.61882645599293395,2.48573634364048157,0.658327906555476683,0.296140313804219291
15.0295412479999992,-2.61178861852791,2.49113804779831138,0.650894951619030659,0.295361858579630432
15.0595447999999994,-2.60472584707600507,2.49647534923766568,0.643358331779669945,0.29486617760393119
15.0895556800000001,-2.60000000000000009,2.5,0.63828088084185397,0.294707226114184151
15.1195529279999992,-2.5928822167443295,2.50523942834498747,0.630901400591508232,0.294476950120656444
15.1495449919999992,-2.58573519808901287,2.51042222424710193,0.624010980464940079,0.294055924083367226
15.1795531520000004,-2.57856621091277871,2.51554832012096474,0.617547486390151223,0.293458908639518345
15.2095438719999994,-2.57138184190749275,2.52061759627556015,0.611452992209375767,0.292700709319069496
15.2395473599999995,-2.56418801951251263,2.52562988271893607,0.605673245452061582,0.291796084887994467
15.2695538240000008,-2.55699003584902185,2.53058496096291297,0.6001572137325073,0.290759671059669045
15.2995496959999997,-2.54979256865438719,2.53548256582778508,0.594856702687310501,0.289605917226610887
15.3295491199999994,-2.54259970321649886,2.54032238724703507,0.589726037671864489,0.288349034260641568
15.3595475520000004,-2.53541495430811814,2.54510407207202682,0.584721802556502857,0.287002951746314627
15.3895581759999995,-2.52824128812121796,2.54982722587672228,0.579802629908085176,0.285581283265087249
15.4195531520000007,-2.52108114420133811,2.55449141476237829,0.574929037622754824,0.284097298548284749
15.4495544000000002,-2.51393645738192717,2.55909616716226029,0.570063307702913247,0.282563901475218482
15.4795525759999997,-2.50680867971867816,2.56364097564633431,0.565169403359172873,0.280993613016908339
15.5095566399999996,-2.49969880242389753,2.56812529872599393,0.560212920978746198,0.279398558322366153
15.5395474880000002,-2.49260737780082575,2.57254856265874121,0.555161073747527878,0.277790457218904219
15.5695530879999993,-2.48553454117800277,2.57691016325291233,0.549982703855484978,0.276180617455220712
15.5995531520000004,-2.47848003284359875,2.58120946767237047,0.544648320265203711,0.274579930060209476
15.6295506880000001,-2.47144321997977423,2.58544581624121683,0.539130158992854769,0.272998866225241166
15.6595439039999995,-2.46442311859701579,2.58961852424849637,0.533402262751267675,0.271447475146348316
15.6895505600000007,-2.45741841546848105,2.59372688375289506,0.527440576648953274,0.269935382288327419
15.7195543040000008,-2.45042749006435789,2.59777016538746297,0.521223056440787813,0.268471787557964969
15.7495492479999992,-2.44344843648619259,2.60174762016429773,0.514729785601255818,0.267065462900861805
15.7795560960000003,-2.43647908540124858,2.60565848127926847,0.507943097257042009,0.26572474886785491
15.8095489919999999,-2.4295170259768466,2.60950196591671002,0.500847696791605013,0.264457549734638975
15.8395535679999995,-2.42255962781471279,2.61327727705413349,0.4934307807410655,0.263271326803363737
15.8695582720000008,-2.4156040628853237,2.6169836052669293,0.485682147460491487,0.262173089568699835
15.8995528640000003,-2.4086473274622513,2.6206201305330743,0.477594294975168643,0.261169384493612045
15.9295446720000005,-2.40168626405651287,2.62418602403783918,0.469162501464964743,0.260266281211734563
15.9595576959999992,-2.39471758335090801,2.62768044997848271,0.460384883981889204,0.259469356053024292
15.9895571840000006,-2.38773788613437743,2.63110256736897785,0.451262431288525168,0.258783672875843418
16.0195575360000007,-2.38074368523633817,2.63445153184469483,0.441799007140214139,0.25821376127965473
16.0495492480000017,-2.37373142746103172,2.63772649746712284,0.432001320921961751,0.257763592365411243
16.0795466880000006,-2.36669751552187613,2.64092661852856736,0.421878863288893402,0.257436552302201249
16.1095576640000004,-2.3596383299758017,2.64405105135685758,0.41144380533410202,0.257235414045221045
16.1395503679999983,-2.35255025115760752,2.64709895612005308,0.400710860797084956,0.257162307627901932
16.1695633920000006,-2.34542968111429895,2.65006949863114682,0.389697111896941562,0.257218689516364007
16.1995542720000003,-2.33827306553943792,2.65296185215277402,0.378421800485422288,0.257405311563965233
16.229558879999999,-2.33107691570748798,2.65577519920191385,0.366906087317281027,0.257722190134823503
16.2595567360000004,-2.32383783040815839,2.65850873335459736,0.355172783276655302,0.258168575975908254
16.2895544000000001,-2.316552517880754,2.66116166105061236,0.343246057325431952,0.258742925406736379
16.3195609600000004,-2.30921781774851631,2.66373320339820774,0.331151126703326637,0.259442873364104043
16.3495531199999995,-2.30183072295297464,2.66622259797880101,0.31891393546767266,0.260265208788044433
16.3795649280000006,-2.29438840168828495,2.66862910065168224,0.306560827782569767,0.261205852766807356
16.4095626559999985,-2.2868882193355855,2.67095198735872019,0.294118222434515075,0.262259839776549208
16.4395578240000013,-2.27932776039733165,2.67319055592906629,0.281612294862392698,0.263421302259722379
16.4695502719999993,-2.27170485043165149,2.67534412788386167,0.26906867255641409,0.264683458689412565
16.4995496000000017,-2.26401757798668601,2.6774120502409442,0.256512149029943182,0.266038605169739983
16.5295464320000001,-2.25626431653493587,2.67939369731954935,0.243966420738405937,0.267478110529337565
16.5595545279999996,-2.24844374640760947,2.68128847254501901,0.231453850357175139,0.268992414779797406
16.5895535679999995,-2.24055487672896669,2.68309581025350674,0.21899525878633988,0.270571030737060736
16.6195470719999996,-2.23259706735066477,2.68481517749668219,0.206609747175808101,0.272202548543397649
16.649551744,-2.22457005078610726,2.68644607584643769,0.194314549207049908,0.273874642782320543
16.6795486719999992,-2.2164739541447851,2.68798804319959128,0.182124912869148226,0.27557408184906218
16.709554176000001,-2.20830932106662647,2.68944065558259515,0.170054010058978772,0.277286739224820999
16.739551616,-2.20007713365634006,2.69080352895624042,0.158112871540233374,0.278997606302877954
16.7695532800000002,-2.19177883441776356,2.69207632102036021,0.146310344124747943,0.280690806427414508
16.7995483199999995,-2.1834163481882074,2.69325873301853846,0.134653066392736692,0.282349609829582848
16.8295545599999983,-2.17499210407280152,2.69435051154281302,0.123145458836881938,0.283956449178124404
16.8595551360000009,-2.16650905737884081,2.69535145033838219,0.11178972398106693,0.285492935501639178
16.8895517439999985,-2.1579707115501332,2.69626139210830962,0.100585851762904202,0.286939874284696084
16.9195507200000002,-2.14938114010134118,2.69708023031822908,0.0895316252490335474,0.288277281588862233
16.9495509119999994,-2.14074500855233119,2.69780791100105333,0.0786226215370524478,0.289484400101323924
16.9795502079999991,-2.13206759636251952,2.69844443456167449,0.0678522024463619339,0.290539715067470894
17.0095535359999985,-2.12335481886521693,2.69898985758167376,0.0572114892649811316,0.291420970119556755
17.0395573439999986,-2.11461324920197358,2.69944429462402358,0.0466893153460810686,0.292105183071900198
17.0695494080000003,-2.10585014025692763,2.69980792003779602,0.036272149672249912,0.29256866181532637
17.0995578879999997,-2.10000000000000009,2.70000000000000018,0.0293779113578599739,0.292743003186781592
17.1295578560000017,-2.09121670004044891,2.70021212228663243,0.0188441844601793217,0.293015575769910053
17.1595493119999993,-2.08242065540758503,2.70033006275233634,0.00791247549672728819,0.293472770339653022
17.1895748160000004,-2.07360751579911362,2.7003503440286547,-0.00335746954082757768,0.294102212044586198
17.2195444480000006,-2.06477341017266447,2.70026982399510684,-0.0149084397020445378,0.294891509866583856
17.2495443199999983,-2.05591493174317064,2.70008568561341011,-0.0266861426327771774,0.295828242895883498
17.2795591359999996,-2.04702912298024575,2.6997954267616957,-0.0386395096671077742,0.296899958647986684
17.3095554239999991,-2.03811346060556886,2.69939685006873287,-0.0507209245980165327,0.298094181861265684
17.3395575999999991,-2.02916584059026039,2.69888805274815757,-0.0628863799295079767,0.299398432155206062
17.3695557120000004,-2.02018456315226258,2.69826741643268075,-0.0750955657993523512,0.300800248932927061
17.3995463679999993,-2.01116831775371985,2.69753359700831563,-0.0873118978373876031,0.302287221967945274
17.4295501440000002,-2.00211616809835657,2.69668551444860283,-0.0995024909750071296,0.303847026213210969
17.4595472319999985,-1.99302753712886482,2.69572234264882571,-0.111638086652918272,0.305467459499228544
17.4895652800000008,-1.98390219202426588,2.69464349926022884,-0.123692941009567209,0.307136481937069661
17.5195547840000003,-1.97474022919731396,2.69344863552425373,-0.135644681507814252,0.30884225600181997
17.5495499200000005,-1.96554205929185555,2.69213762610674001,-0.147474139116900743,0.310573186434291437
17.5795504959999995,-1.95630839218022179,2.69071055893216249,-0.159165162658752385,0.312317959257076561
17.6095568,-1.94704022196060178,2.68916772501784518,-0.17070442130054489,0.314065579350105872
17.6395600960000003,-1.93773881195442521,2.68750960830818553,-0.182081200474463856,0.315805406167240399
17.669552895999999,-1.92840567970374188,2.68573687550886975,-0.193287195770809495,0.317527187296819557
17.6995570559999997,-1.91904258196859656,2.68385036592110104,-0.204316308615584308,0.319221089674412539
17.7295506560000007,-1.90965149972442139,2.68185108127582028,-0.215164446835020062,0.320877728345124291
17.7595489600000001,-1.9002346231593974,2.67974017556791866,-0.225829332546798406,0.32248819274621493
17.7895504960000004,-1.89079433667185115,2.67751894489047126,-0.236310319214232095,0.324044070539606377
17.8195482239999983,-1.88133320386762426,2.67518881726894842,-0.246608219163105991,0.325537469069391461
17.8495542719999989,-1.87185395255745712,2.67275134249544166,-0.256725142394274131,0.326961034553365448
17.8795487999999985,-1.86235945975436756,2.67020818196288401,-0.266664347127925416,0.328307969141428624
17.9095458880000002,-1.85285273667103034,2.66756109849927059,-0.276430102184392568,0.329572045989093954
17.9395501439999983,-1.84333691371715891,2.66481194620188289,-0.286027561036386768,0.33074762250275741
17.9695548159999987,-1.83381522549687981,2.66196266027149919,-0.295462647152332392,0.331829651916209389
17.9995453119999986,-1.82429099580612175,2.65901524684663526,-0.304741950083218638,0.332813693356321549
18.0295474559999995,-1.81476762262998537,2.65597177283774455,-0.313872631619163067,0.333695920550921787
18.0595506880000016,-1.80524856314012849,2.65283435576145399,-0.322862341249917029,0.334473129324526663
18.0895498560000014,-1.79573731869214459,2.64960515357477933,-0.33171914009958936,0.335142744018478433
18.1195457600000012,-1.78623741982294426,2.64628635450934535,-0.340451432464158044,0.335702822961788994
18.1495448320000001,-1.77675241124813099,2.64288016690561056,-0.349067904055866129,0.336152063108032972
18.1795479359999987,-1.76728583685938556,2.6393888090470865,-0.357577466046987202,0.336489803942333299
18.2096261119999987,-1.75784122472184179,2.63581449899455755,-0.365989204003058732,0.336716030751091466
18.2395503679999997,-1.74842207207146827,2.63215944442030647,-0.37431233079955134,0.336831377335808313
18.2695570240000009,-1.73903183031244835,2.62842583244233019,-0.382556142623762307,0.336837128241241401
18.2995599680000005,-1.7296738900145594,2.62461581945856537,-0.390729977173823906,0.336735220557304371
18.3295514560000008,-1.72035156591055127,2.62073152098110596,-0.398843173177997445,0.336528245343577337
18.359551935999999,-1.71106808189352932,2.6167750014704283,-0.406905030369407339,0.336219448715041114
18.3895512640000014,-1.70182655601433019,2.6127482641696087,-0.414924769064086707,0.335812732617668808
18.4195470400000012,-1.69262998547890442,2.60865324093854634,-0.422911488504292832,0.335312655312769714
18.4495469440000015,-1.68348123164569419,2.60449178208818566,-0.430874123145686017,0.3347244315794492
18.4795586239999992,-1.67438300502301596,2.60026564621473488,-0.438821396087898219,0.334053932635199502
18.5095551359999995,-1.66533785026643621,2.59597649003388797,-0.446761768875616139,0.333307685765469597
18.5395529600000017,-1.65634813117615476,2.59162585821504843,-0.454703386934505016,0.332492873644076259
18.5695527359999986,-1.64741601569438201,2.58721517321554639,-0.462654019956678597,0.331617333317574037
18.5995526079999998,-1.63854346090272052,2.58274572511486245,-0.470620996618130893,0.330689554818276776
18.6295623679999984,-1.62973219801954317,2.57821866144884915,-0.478611133100294794,0.32971867936266569
18.6595493760000011,-1.62098371739737468,2.57363497704395039,-0.4866306550048492,0.328714497084621082
18.6895596479999995,-1.61229925352026915,2.56899550385142295,-0.4946851124005332,0.327687444246554715
18.7195654080000011,-1.60367977000119133,2.56430090078155981,-0.502779287928606822,0.326648599866440126
18.7495556159999985,-1.59512594457939683,2.55955164353790821,-0.510917098125029057,0.32560968169537069
18.7795581439999992,-1.5866381541178094,2.55474801445149335,-0.519101488397039068,0.324583041479135193
18.809560831999999,-1.5782164596004038,2.54989009231503738,-0.527334322422979729,0.323581659438980707
18.8395519359999994,-1.56986059112958376,2.54497774221718398,-0.535616267128339096,0.322619137911881126
18.869554560000001,-1.56156993292356128,2.54001060537671464,-0.543946674826707555,0.32170969409995942
18.8995482879999983,-1.55334350831373746,2.53498808897677463,-0.55232346459663062,0.320868151892906683
18.9295448640000004,-1.54517996474208186,2.52990935599909195,-0.560743005484443779,0.320109932746967252
18.9595434239999996,-1.53707755875851193,2.52477331505819791,-0.569200004663811265,0.319451045629839503
18.9895682559999983,-1.52903414101827417,2.51957861023564922,-0.57768740422322673,0.318908076073020463
19.019543775999999,-1.52104714127932117,2.51432361091424994,-0.586196290764688599,0.318498174411719903
19.049559391999999,-1.51311355339969378,2.50900640161227084,-0.594715822444931042,0.318239043337121996
19.0795558400000012,-1.50522992033490022,2.50362477181767185,-0.603233178433621786,0.318148924935582778
19.109556959999999,-1.5,2.5,-0.608902969483992584,0.318191988944239945
19.1395500160000012,-1.49219098097894576,2.4945054858496305,-0.617380883781780132,0.318385577304810652
19.1695509119999983,-1.48442252263151597,2.48894068395386325,-0.625817977548624227,0.318697540156119952
19.1995493119999985,-1.47669230080879421,2.483304241713161,-0.634210227449302222,0.319115019917177833
19.2295493760000014,-1.46899831575894124,2.47759499115004722,-0.642554861262670363,0.319625572714609507
19.259548800000001,-1.46133888127544287,2.47181194310004715,-0.650850285946554585,0.320217175045495073
19.2895518079999988,-1.45371261384534756,2.46595428140263628,-0.659096010173499836,0.320878229765400258
19.3195496640000002,-1.44611842179752159,2.46002135709219338,-0.667292563448998677,0.321597571400578874
19.3495485119999984,-1.43855549445089204,2.45401268258894811,-0.675441413655239242,0.322364470798272629
19.3795600000000015,-1.43102329126269145,2.44792792588992514,-0.683544884587041657,0.323168639140736125
19.409560127999999,-1.42352153097670286,2.44176690475989533,-0.691606074773726265,0.324000231357264856
19.4395483839999983,-1.41605018077150979,2.43552958092232519,-0.699628778619808323,0.324849848974380295
19.4695467839999985,-1.40860944540874011,2.42921605425032272,-0.70761741065482775,0.325708542447770477
19.4995547520000017,-1.40119975638130789,2.42282655695758287,-0.715576933462331755,0.326567813020933351
19.5295599359999983,-1.39382176106166944,2.41636144778934847,-0.723512789662249856,0.327419614155080363
19.5595577600000006,-1.38647631185005671,2.40982120621334062,-0.731430838150318841,0.328256352573039867
19.5895568000000004,-1.37916445532273468,2.40320642661072226,-0.739337294652439914,0.329070888956983776
19.6195509759999993,-1.37188742138024011,2.39651781246703699,-0.747238676529554779,0.329856538336008476
19.6495528320000012,-1.36464661239562979,2.38975617056316247,-0.755141751668007122,0.330607070195199026
19.6795461120000006,-1.35744359236272794,2.3829224051662572,-0.763053491209176316,0.331316708332947851
19.7095500799999996,-1.35028007604436784,2.37601751222070456,-0.770981025808109788,0.33198013048815822
19.7395483200000008,-1.34315791812064544,2.36904257353907388,-0.778931605061531251,0.332592467753641763
19.7695550400000002,-1.33607910233715499,2.36199875099304979,-0.786912559708691783,0.333149303786604734
19.7995553280000003,-1.32904573065324483,2.35488728070439857,-0.794931266181926111,0.333646673821692552
19.8295460800000001,-1.3220600123902575,2.34770946723590379,-0.802995113065560928,0.334081063486620145
19.8595449279999983,-1.31512425337977801,2.34046667778232242,-0.811111469010315167,0.334449407415043476
19.8895486720000001,-1.3082408451118781,2.33316033636132891,-0.819287651644127646,0.334749087645977106
19.9195608960000001,-1.30141225388336479,2.32579191800446639,-0.827530897018270317,0.334977931793777495
19.9495490880000013,-1.29464100994602482,2.31836294294809209,-0.835848329128779488,0.335134210967475421
19.9795459199999996,-1.28792969665486878,2.31087497082432458,-0.844246929056978956,0.335216637413048635
20.009547487999999,-1.28128093961638156,2.30332959485200162,-0.852733503278809368,0.335224361847093866
20.0395467200000006,-1.27469739583676378,2.29572843602761356,-0.861314650700593654,0.335156970445265157
20.0695479040000002,-1.26818174287018182,2.28807313731626305,-0.869996727988825103,0.335014481443847489
20.0995617919999994,-1.26173666796700923,2.28036535784260996,-0.878785812773794972,0.334797341307913943
20.1295547520000007,-1.25536485722207702,2.27260676708181864,-0.887687664321805681,0.334506420414754757
20.1595441599999994,-1.24906898472291772,2.26479903905050772,-0.896707681288997915,0.334143008196700786
20.1895478399999995,-1.24285170169801096,2.25694384649769697,-0.905850856192215836,0.333708807683193331
20.2195516160000004,-1.23671562566503024,2.24904285509575708,-0.915121726259825352,0.333205929378075083
20.2495479680000017,-1.23066332957908875,2.24109771763135646,-0.924524320359085938,0.332636884404739819
20.2795524480000005,-1.22469733098098432,2.23311006819641111,-0.93406210173774884,0.332004576849144695
20.3095597119999987,-1.21882008114544882,2.22508151637903229,-0.943737906367357104,0.331312295228960774
20.3395559040000009,-1.21303395422938776,2.2170136414544741,-0.953553876735583561,0.330563703016563681
20.3695507199999994,-1.20734123642013413,2.20890798657608345,-0.963511391006238394,0.329762828144413211
20.3995486720000017,-1.20174411508368784,2.20076605296624628,-0.973610987549600515,0.328914051423956855
20.4295551360000012,-1.19624466791296524,2.19258929410733705,-0.983852284943617761,0.328022093813870541
20.4595538559999994,-1.19084485207604396,2.18437910993266726,-0.994233897659227872,0.327092002480595834
20.489550143999999,-1.18554649336440887,2.17613684101743443,-1.00475334777112568,0.326129135604151965
20.5195544319999996,-1.18035127534119821,2.16786376276966752,-1.01540697317887973,0.325139145895514237
20.5495507199999992,-1.17526072848945029,2.15956107962117905,-1.02618983298188682,0.324127962808879233
20.5795479999999991,-1.17027621936034776,2.15122991921850959,-1.037095610824049,0.323101773453268515
20.6095447999999983,-1.16539893972146547,2.14287132661387947,-1.04811651720816812,0.322067002233539457
20.639544063999999,-1.16062989570501496,2.13448625845613549,-1.05924319197282557,0.321030289281237058
20.6695531519999989,-1.15596989695609187,2.12607557718169904,-1.07046460832180634,0.319998467771051509
20.6995541440000004,-1.15141954578091976,2.11764004520551374,-1.08176797999265317,0.31897854025897715
20.7295575039999989,-1.14697922629509885,2.1091803191119971,-1.09313867334034653,0.317977654223499384
20.759557344000001,-1.14264909357184985,2.1006969438459846,-1.10456012628695688,0.317003077040925341
20.7895527680000001,-1.13842906279026046,2.09219034690367955,-1.11601377624020337,0.316062170679762666
20.8195519040000008,-1.13431879838353233,2.0836608325236039,-1.12747899920436478,0.315162366455977061
20.8495538240000009,-1.1303177031872258,2.07510857587754227,-1.13893306238701797,0.314311140249883658
20.8795514560000015,-1.12642490758750657,2.06653361726149321,-1.15035109263606938,0.313515988644885057
20.9095541440000012,-1.12263925866939096,2.05793585628661724,-1.1617060630159306,0.312784406506504908
20.9395601919999983,-1.11895930936499299,2.04931504607018367,-1.17296879974351653,0.312123866575130859
20.9695595519999998,-1.1153833076017694,2.04067078742651997,-1.18410801155044676,0.311541801695301768
20.9995503039999996,-1.11190918545076611,2.03200252305796036,-1.19509034331666109,0.311045590345800704
21.0295534080000017,-1.10853454827486431,2.02330953174579342,-1.2058804555354814,0.310642546165711686
21.059563648000001,-1.10525666387702559,2.01459092254121108,-1.21644113082743432,0.310339912189453115
21.089554176,-1.10207245164853918,2.00584562895625584,-1.22673340833029765,0.310144860506217812
21.1195560960000002,-1.10000000000000009,2,-1.23342585568311991,0.310078105935821136
21.1495524480000014,-1.0969648112204855,1.99120798063326299,-1.24334066299794022,0.309996313810347091
21.1795527360000015,-1.09401779550694722,1.98238923623560237,-1.25323104826512144,0.309875015762966166
21.2095503359999995,-1.09115934897368261,1.97354578743544784,-1.26310419770426274,0.309717730885609721
21.2395534720000008,-1.08838985529160848,1.96467954233002828,-1.27296671954686036,0.309527925528674641
21.2695547840000003,-1.08570968568826154,1.95579230007679405,-1.28282466569848386,0.309309007707735506
21.2995502079999994,-1.08311919894779551,1.94688575448483281,-1.29268355154674164,0.309064321808950548
21.3295570559999987,-1.08061874141098335,1.93796149760629777,-1.30254837418746727,0.308797143558372067
21.3595500800000018,-1.07820864697521857,1.92902102332782488,-1.31242362932474377,0.308510675225219744
21.3895519999999983,-1.07588923709451212,1.92006573096195643,-1.32231332708468607,0.308208041033603164
21.4195527679999991,-1.07366082077949443,1.91109692883855975,-1.33222100696808377,0.307892282761216107
21.4495471359999996,-1.07152369459741448,1.90211583789625038,-1.34214975215281518,0.307566355507237155
21.4795563839999986,-1.06947814267214159,1.89312359527381524,-1.35210220334319575,0.307233123615067383
21.5095553919999993,-1.0675244366841603,1.88412125790162532,-1.36208057234987656,0.306895356738662417
21.5395510399999992,-1.06566283587057931,1.87510980609307243,-1.37208665557044363,0.30655572604408593
21.5695543359999995,-1.06389358702512138,1.86609014713597277,-1.38212184752729073,0.306216800540527967
21.5995484480000002,-1.06221692449813143,1.85706311888400299,-1.39218715460557374,0.305881043537440445
21.629549407999999,-1.06063307019657183,1.84802949334811339,-1.40228320911997972,0.305550809226599329
21.6595507199999986,-1.05914223358402371,1.83898998028795035,-1.41241028382462197,0.305228339389865433
21.689546528000001,-1.05774461168068878,1.82994523080328086,-1.42256830696556835,0.304915760235143163
21.7195522560000001,-1.05644038906338467,1.82089584092540813,-1.43275687796033346,0.304615079364557562
21.749557824,-1.05522973786555219,1.81184235520860271,-1.44297528377314421,0.304328182880166609
21.779553056000001,-1.0541128177772463,1.80278527032150881,-1.45322251603900887,0.304056832633601282
21.809553600000001,-1.05308977604514409,1.79372503863858168,-1.46349728897366327,0.303802663626894842
21.8395542079999991,-1.05216074747254096,1.78466207183149828,-1.4737980580904646,0.30356718157238749
21.8696008000000006,-1.05132585441935067,1.77559674446058224,-1.48412303972940918,0.30335176062002156
21.899553663999999,-1.05058520680210576,1.76652939756622507,-1.4944702313878373,0.303157641260543509
21.9295564479999996,-1.04993890209395824,1.75746034226030745,-1.50483743282721849,0.302985928413115613
21.9595485440000004,-1.04938702532467998,1.74838986331762158,-1.51522226791593129,0.302837589705636234
21.9895484799999998,-1.04892964908065855,1.73931822276728587,-1.52562220715430108,0.302713453955655798
22.019547008,-1.04856683350490409,1.7302456634841803,-1.53603459081560922,0.302614209859196182
22.049547711999999,-1.04829862629704373,1.72117241278035116,-1.54645665262547327,0.302540404894024118
22.0795538560000004,-1.04812506271332406,1.71209868599644555,-1.55688554389214295,0.302492444443041963
22.109551616000001,-1.04804616556660979,1.70302469009312474,-1.56731835799201846,0.302470591142428691
22.1395476480000006,-1.04806194522638574,1.69395062724248868,-1.577752155108197,0.302474964458048001
22.1695516159999997,-1.04817239961875464,1.68487669841949783,-1.58818398711524278,0.302505540492434111
22.1995534079999999,-1.04837751422643888,1.67580310699339297,-1.59861092250069858,0.30256215202341824
22.2295549759999993,-1.04867726208877921,1.66673006231911724,-1.60903007121318709,0.302644488774182818
22.2595508479999999,-1.04907160380173581,1.65765778332873648,-1.61943860932829464,0.30275209791325941
22.2895515519999989,-1.049560487517887,1.64858650212286273,-1.62983380342675299,0.302884384781753058
22.3195517119999991,-1.0501438489464312,1.6395164675620737,-1.64021303458469081,0.303040613843891249
22.3495468799999983,-1.0508216113531843,1.63044794885833344,-1.6505738218828192,0.303219909855911185
22.3795573760000011,-1.05159368556058253,1.62138123916641663,-1.66091384535020814,0.303421259247310116
22.4095634240000017,-1.05245996994767999,1.61231665917532729,-1.67123096826867545,0.303643511707638758
22.4395500159999983,-1.05342035045015026,1.60325456069972017,-1.68152325877555064,0.303885381971317647
22.4695503039999984,-1.05447470056028525,1.5941953302713241,-1.69178901071552268,0.304145451792431132
22.4995519679999987,-1.05562288132699655,1.58513939273036164,-1.7020267637062223,0.304422172101111999
22.5295495680000002,-1.0568647413558141,1.57608721481696978,-1.71223532239692888,0.304713865332982392
22.5595472960000016,-1.05820011680888704,1.56703930876262421,-1.72241377491512582,0.305018727923181854
22.5895513279999989,-1.05962883140498332,1.55799623588155667,-1.73256151051135565,0.305334832956785651
22.6195453760000014,-1.06115069641948967,1.54895861016217951,-1.74267823642877939,0.305660132967906895
22.6495422399999988,-1.06276551068441205,1.5399271018585059,-1.75276399403984207,0.305992462880492755
22.6795454079999992,-1.06447306058837521,1.53090244108157036,-1.76281917430835722,0.30632954308475091
22.7095430719999989,-1.06627312007662245,1.52188542139085103,-1.77284453265103203,0.306668982644299093
22.7395555199999997,-1.06816545065101676,1.51287690338569103,-1.78284120328785711,0.307008282630501395
22.769553664,-1.07014980137003946,1.5038778182967194,-1.79281071318584995,0.307344839582041118
22.7995460799999989,-1.07222590884879021,1.49488917157727208,-1.80275499571531039,0.307675949089590561
22.8295553919999996,-1.07439349725898925,1.48591204649481434,-1.81267640415204911,0.307998809507460669
22.8595507520000005,-1.07665227832897425,1.47694760772236133,-1.82257772517301619,0.308310525796358093
22.8895493760000015,-1.07900195134370258,1.46799710492989899,-1.83246219250644371,0.308608113503850923
22.9195576320000001,-1.08144220314474993,1.45906187637580631,-1.84233350091115056,0.308888502891844385
22.9495517440000008,-1.08397270813031144,1.45014335249827608,-1.85219582067311794,0.309148543223325079
22.9795497279999985,-1.08659312825520082,1.4412430595067367,-1.86205381282105487,0.309385007223839104
23.0095479360000006,-1.08930311303085126,1.4323626229732731,-1.87191264527653245,0.309594595736674749
23.0395555200000004,-1.09210229952531401,1.42350377142404749,-1.88177801016865143,0.309773942594530893
23.0695616000000001,-1.09499031236325939,1.41466833993072227,-1.89165614255827963,0.309919619734618845
23.0995516479999985,-1.09796676372597757,1.40585827370187988,-1.90155384083295043,0.310028142588701427
23.1295530239999998,-1.10000000000000009,1.39999999999999991,-1.90816679790667321,0.310078105935821136
23.1595463039999991,-1.1031232593782776,1.39123650916049768,-1.91816952794949702,0.310158719783082293
23.1895467199999992,-1.10633567440599068,1.38250209264423995,-1.92831056243398469,0.310279338580528807
23.2195456,-1.10963855663912958,1.37379696341350344,-1.93857783344664325,0.310440563964118454
23.2495479039999999,-1.1130331318636697,1.36512132566122091,-1.94895926835558808,0.310642825836746628
23.2795549440000009,-1.11652054000640466,1.35647537663089812,-1.9594428236398389,0.310886379243920485
23.3095444799999996,-1.1201018350457721,1.34785930843652668,-1.97001651965725588,0.31117130188072617
23.3395554879999985,-1.12377798492268277,1.3392733098825027,-1.98066847600403584,0.311497492238724416
23.3695525760000002,-1.127549871451349,1.33071756828354193,-1.99138694711375996,0.311864668395951228
23.3995469120000017,-1.13141829023011375,1.32219227128459371,-2.00216035774485013,0.312272367447631483
23.4295693120000017,-1.13538395055227825,1.31369760868075658,-2.01297733801201417,0.312719945569619073
23.4595437760000003,-1.13944747531693102,1.30523377423719689,-2.02382675762959341,0.313206578701087979
23.4895527040000012,-1.14360940093977659,1.29680096750906215,-2.03469775905246886,0.313731263827707885
23.5195492480000006,-1.14787017726396168,1.28839939566139328,-2.04557978922279071,0.314292820841546305
23.5495452159999985,-1.15223016747090834,1.28002927528904942,-2.0564626296577897,0.314889894949348381
23.5795526080000002,-1.15668964799113683,1.27169083423661289,-2.06733642464458089,0.315520959596703454
23.6095593920000013,-1.16124880841509914,1.26338431341831292,-2.07819170734148839,0.31618431987202511
23.6395488960000009,-1.16590775140400371,1.255109968637937,-2.08901942362117898,0.31687811635124663
23.6695484799999996,-1.17066649260064626,1.24686807240874753,-2.09981095352802649,0.317600329341745591
23.6995456319999995,-1.17552496054023758,1.23865891577339826,-2.11055813025981065,0.318348783482246933
23.7295435519999991,-1.18048299656122935,1.23048281012384697,-2.12125325662130226,0.319121152654338824
23.7595425280000008,-1.18554035471615049,1.22234008902127811,-2.13188911893384514,0.319914965160742193
23.7895479680000008,-1.1906967016824237,1.21423111001600725,-2.14245899842000176,0.320727609125589286
23.8195579200000012,-1.1959516166732056,1.20615625646740798,-2.15295668011517405,0.321556338072657322
23.8495544959999997,-1.20130459134820766,1.19811593936382055,-2.16337645938836554,0.322398276638705572
23.8795464959999997,-1.20675502972452775,1.19011059914246964,-2.17371314618157907,0.323250426380753186
23.9095475519999994,-1.21230224808747766,1.18214070750938038,-2.18396206710148855,0.324109671638231012
23.9395489599999998,-1.21794547490141181,1.17420676925929235,-2.19411906551781621,0.324972785413389254
23.9695543999999998,-1.22368385072055785,1.16630932409557841,-2.20418049984031272,0.325836435236087407
23.9995475839999983,-1.22951642809983852,1.15844894845015434,-2.21414324016033115,0.326697188982058684
24.0295503040000007,-1.23544217150571001,1.15062625730340296,-2.2240046634539099,0.327551520616881919
24.0595496000000004,-1.24145995722698133,1.14284190600408153,-2.23376264755120024,0.328395815841133309
24.0895523199999992,-1.24756857328564852,1.13509659208924196,-2.24341556408223752,0.329226377615505439
24.1195502399999988,-1.25376671934771999,1.12739105710414589,-2.25296227061179355,0.330039431547984208
24.1495527679999995,-1.26005300663404718,1.11972608842217891,-2.26240210217666382,0.33083113112846918
24.1795495040000006,-1.26642595783115142,1.1121025210647677,-2.27173486243764211,0.331597562799434253
24.2095523519999993,-1.27288400700205373,1.10452123952129488,-2.2809608146559226,0.332334750854355765
24.2395439999999986,-1.27942549949710149,1.09698317956901392,-2.29008067270022586,0.333038662158646304
24.2695514880000012,-1.28604869186479909,1.08948933009296645,-2.29909559228684168,0.333705210690712573
24.2995426559999999,-1.29275175176263479,1.08204073490589603,-2.30800716265048456,0.334330261903504344
24.3295496,-1.29953275786790989,1.0746384945681664,-2.31681739883967941,0.334909636909525243
24.3595436479999989,-1.30638969978856689,1.06728376820767279,-2.3255287348267224,0.335439116494745448
24.3895433279999985,-1.31332047797401863,1.05997777533976278,-2.33414401761941503,0.335914444969204806
24.4195506239999993,-1.32032290362597604,1.05272179768714724,-2.3426665025601161,0.336331333864316739
24.4495453120000015,-1.32739469860927617,1.04551718099981894,-2.35109984999751909,0.336685465489031388
24.4795960960000016,-1.33453349536271237,1.03836533687496657,-2.35944812351824407,0.336972496359076001
24.509544064,-1.34173683680986167,1.03126774457689163,-2.36771578992924736,0.337188060515519361
24.5395431039999998,-1.34900217626991226,1.02422595285692286,-2.37590772118845628,0.33732777275092507
24.5695470080000007,-1.356326877368494,1.01724158177333268,-2.38402919849037787,0.337387231763401407
24.5995434240000002,-1.36370821394850594,1.01031632451125208,-2.39208591872608345,0.337362023260976029
24.6295484480000013,-1.37114336998094455,1.00345194920258707,-2.40008400355338924,0.337247723040955072
24.6595408640000002,-1.37862943947573213,0.996650300745933193,-2.40803001133373051,0.337039900071341825
24.689545024000001,-1.38616342639254642,0.989913302626492464,-2.41593095221780141,0.336734119604033433
24.7195443519999998,-1.39374224455164675,0.983242958735988104,-2.42379430669309315,0.336325946352469873
24.7495421759999985,-1.40136271754470609,0.976641355192579885,-2.43162804794390386,0.335810947769754287
24.7795431360000009,-1.40902157864563549,0.970110662160780901,-2.43944066841906704,0.335184697467090231
24.8095482879999985,-1.41671547072141601,0.963653135671372008,-2.44724121105573378,0.334442778816807285
24.8395497280000015,-1.4244409461429246,0.957271119441318041,-2.45503930567033457,0.333580788789394844
24.8695571199999996,-1.43219446669576422,0.950967046693683371,-2.4628452111019361,0.332594342079992555
24.8995557759999997,-1.43997240349109212,0.944743441977547338,-2.47066986378053066,0.331479075586880112
24.9295504319999992,-1.44777103687644693,0.93860292298792003,-2.47852493349558278,0.330230653312883926
24.9595485440000004,-1.45558655634657885,0.932548202385657721,-2.48642288726121174,0.328844771770544664
24.9895538240000015,-1.46341506045427772,0.926582089617378535,-2.4943770623169863,0.327317165983683878
25.0195479359999986,-1.47125255672120092,0.920707492735378441,-2.50240174947145277,0.325643616192065
25.0495483840000013,-1.4790949615487019,0.914927420217546139,-2.51051228819403116,0.323819955382637137
25.0795566080000008,-1.48693810012865879,0.909244982787279277,-2.51872517509559879,0.321842077790969683
25.1095447679999992,-1.49477770635430418,0.903663395233399891,-2.52705818771603097,0.319705948540645601
25.1395471360000009,-1.5,0.900000000000000022,-2.53268968410579998,0.318191988944240112
25.1695489600000002,-1.50783441516520011,0.894591615182913635,-2.54251173379955997,0.316767169088987111
25.1995462400000001,-1.51571410788277183,0.889279579034424561,-2.55471155056156141,0.317041743970510159
25.2295427200000013,-1.52368992816854076,0.884054662213321629,-2.56884825826442142,0.318866814914630425
25.2595663359999989,-1.53180715227239905,0.878908541713013469,-2.58446438058329653,0.322097237334614872
25.289551264,-1.54010567021838751,0.873833769464546828,-2.6011139144971156,0.326589715644493461
25.3195486080000016,-1.54862017334477775,0.868823740939624112,-2.61838442146107386,0.332201644639526061
25.3495488960000017,-1.55738034184416074,0.863872663753624592,-2.63591209540650873,0.338790649630077378
25.3795529600000016,-1.56641103230352763,0.858975526268623391,-2.65338993201138917,0.346214695307571707
25.4095503680000014,-1.57573246524435451,0.854128066196409352,-2.67056996451110429,0.354332596770120911
25.4395429439999994,-1.58536041266268568,0.849326739201505143,-2.68726097943188957,0.363004767544741092
25.4695528959999997,-1.59530638556921844,0.844568687504186122,-2.70332322226509358,0.372094065242477456
25.4995463360000016,-1.60557782152938788,0.839851708483499437,-2.71866145165774942,0.381466632003909178
25.5295475520000004,-1.61617827220344612,0.835174223280281791,-2.73321741780896765,0.390992663758582104
25.5595488000000017,-1.62710759088655532,0.830535245400182642,-2.74696252303921451,0.400547073457450942
25.5895499840000014,-1.6383621200488605,0.82593434931667753,-2.75989113296251221,0.410010036486864404
25.619544831999999,-1.64993487887558343,0.821371639074092608,-2.77201477605828872,0.419267421567400045
25.6495452800000017,-1.66181575080709987,0.816847716890619857,-2.78335730471769427,0.42821111898389741
25.6795477120000015,-1.67399167107902747,0.812363651761338623,-2.79395098520961671,0.436739281771583832
25.7095427839999999,-1.68644681426230658,0.807920948061233712,-2.80383342478053166,0.444756496156121617
25.7395443200000003,-1.69916278180328639,0.803521514148213711,-2.81304521780208328,0.452173896424309107
25.7695458879999997,-1.71211878956381036,0.799167630966133191,-2.8216281878763918,0.458909237414049709
25.7995436160000011,-1.72529185536129392,0.794861920647807141,-2.82962411020290405,0.464886935551816483
25.8295473280000003,-1.73865698650881639,0.790607315118034282,-2.83707381208645293,0.470038087177257091
25.8595426559999986,-1.75218736735519953,0.786407024696613943,-2.84401656521985524,0.474300470950224984
25.8895469759999983,-1.76585454682509302,0.782264506701366269,-2.85048969894105664,0.477618539499995887
25.9195479679999998,-1.77962862595905902,0.778183434051150313,-2.85652837780240842,0.479943404152216258
25.9495486080000006,-1.7934784454536552,0.774167663868883915,-2.86216549897262951,0.481232815527234403
25.9795618560000001,-1.8073717732015202,0.770221206084563015,-2.86743167512001529,0.481451142002028432
26.0095585599999986,-1.82127549183145332,0.766348192038278531,-2.87235527662733192,0.480569347422996951
26.0395545920000018,-1.83515578624850617,0.762552843083240783,-2.8769625134993082,0.478564969007789554
26.0695518079999999,-1.84897833117405841,0.758839439188791598,-2.88127754240987421,0.475422096046105858
26.099560352000001,-1.86270847868590717,0.755212287543429062,-2.88532258825782728,0.471131349773241948
26.1295568319999987,-1.87631144575834785,0.751675691157823844,-2.88911807258891207,0.465689864623064442
26.1595563839999983,-1.88975250180226118,0.748233917467839071,-2.89268274349764631,0.459101270951208063
26.1895527359999996,-1.90299715620519372,0.744891166937549531,-2.8960338033070685,0.451375679240829775
26.2195448959999986,-1.9160113458714445,0.74165154166226066,-2.89918703157078772,0.442529665751894674
26.2495457600000002,-1.92876162276214758,0.738519013971527749,-2.90215690185361241,0.43258625954294333
26.2795466560000008,-1.94121534143535635,0.735497395032174595,-2.90495669140623214,0.421574930775881263
26.3095678719999988,-1.95334084658612772,0.732590303451313485,-2.90759858331899412,0.409531580205368673
26.3395384640000003,-1.96510766058660558,0.729801133879363739,-2.91009376106815099,0.396498529751801221
26.3695495039999983,-1.97648667102610531,0.727133025613070583,-2.91245249559186714,0.382524514058509568
26.3995539520000015,-1.98745031825119756,0.72458883119852513,-2.91468422518062598,0.367664672938096737
26.4295509119999998,-1.99797278290579139,0.722171085034182703,-2.91679762855842206,0.351980544618684665
26.4595489599999993,-2.00803017347121937,0.719881971973882262,-2.91880069158294253,0.335540059707516547
26.4895535680000016,-2.01760071380632056,0.717723295929865501,-2.92070076801648559,0.318417535796329032
26.5195479680000012,-2.02666493068752684,0.715696448475796276,-2.92250463482326728,0.300693672639836984
26.549552735999999,-2.035205841348942,0.713802377449778924,-2.92421854243935053,0.282455547845348265
26.5795509119999984,-2.04320914102243201,0.712041555557378247,-2.92584826044334889,0.263796613017813097
26.6095528640000012,-2.0506633904777023,0.710413948974638276,-2.92739911903261163,0.244816690310441926
26.6395534719999993,-2.05756020356238745,0.708918985951101255,-2.92887604668321977,0.22562196933637152
26.6695531519999989,-2.06389443474213197,0.707555525412826625,-2.9302836043444449,0.206325004401714168
26.6995612159999993,-2.0696643666406751,0.706321825565411232,-2.93162601649057963,0.187044712024707155
26.7295496640000003,-2.07487189757993384,0.705215512497006869,-2.93290719932593014,0.167906368709616005
26.7595608319999982,-2.07952272912008951,0.704233548781340479,-2.93413078641288072,0.149041608947560245
26.7895501759999988,-2.08362655359966897,0.703372202080732811,-2.93530015196849092,0.13058842341957036
26.8195474239999996,-2.08719724167562815,0.702627013749117846,-2.93641843205234698,0.112691157379969237
26.8495498879999985,-2.09025302986343986,0.701992767435061671,-2.93748854384731128,0.0955005092006500633
26.8795473600000001,-2.09281670807717379,0.701463457684781799,-2.93851320321551102,0.0791735290590135782
26.9095470399999996,-2.09491580716958259,0.701032258545165932,-2.93949494069421124,0.0638736177542723743
26.9395395200000003,-2.09658278647218443,0.700691492166791496,-2.94043611608015443,0.0497705256385474887
26.969557567999999,-2.09785522133534785,0.700432597406944746,-2.94133893173635474,0.0370403516507019429
26.99955456,-2.0987759906683765,0.700246098432639297,-3.14318530717958611,0.0258655424422033937
