t,v1,v2
0.00130976000000000009,-0.220363122714606785,0.00277987514036028569
0.0295558399999999999,-0.22009476618330498,0.00277922295891801143
0.0595932799999999985,-0.22005617060764962,0.00277912915992448856
0.0895524480000000067,-0.220028157052686663,0.00277906107754250994
0.119547135999999998,-0.220008605720711042,0.00277901356339767345
0.149551552000000004,-0.219997948271412114,0.00277898766333695146
0.179631615999999994,-0.219992678144197207,0.00277897485540042847
0.209550463999999992,-0.219990122336739952,0.00277896864404736377
0.239551488000000007,-0.219988877983116532,0.00277896561990544598
0.269556063999999984,-0.219988268509790558,0.00277896413870460691
0.299572031999999988,-0.219987968961826541,0.00277896341071199888
0.329548991999999985,-0.219987821538820016,0.00277896305242826547
0.359570944000000003,-0.208603547702234299,0.00289114203571227101
0.389553024000000025,-0.218147705236733436,0.00277668258614962964
0.419551775999999987,-0.21857624598788078,0.0027763291671223842
0.449570495999999986,-0.213975644294733897,0.00279564718569142411
0.479562144000000024,-0.208605694589590468,0.00287778711845434933
0.509552640000000001,-0.216850416089497899,0.0027762100940578534
0.539720479999999947,-0.214051305727676416,0.00279032877137971912
0.569554816000000019,-0.212397631083374255,0.00280682009656204635
0.599558495999999996,-0.216968483648767085,0.00277421063603331157
0.629538880000000023,-0.214575068313800854,0.00278146880483420497
0.659548127999999956,-0.212407909801369116,0.00279793080896458685
0.689600703999999953,-0.216110110141933265,0.00277362355043979034
0.719548831999999972,-0.210219558430875808,0.00281468969992405881
0.749554175999999961,-0.210947183171857872,0.00280368796018013768
0.779551903999999962,-0.206653412320816632,0.00287306325350356962
0.809549631999999963,-0.207741400966582862,0.00286384957715378908
0.839551840000000049,-0.219072662724450501,0.00281797076993377726
0.869478784000000005,-0.216827599722553166,0.00280186314736514041
0.899548864000000004,-0.215208431465060385,0.00279726693650120262
0.929545599999999972,-0.215190429100654862,0.00279722072481364877
0.959595455999999958,-0.215300736512035851,0.00279729832781586401
0.989549119999999949,-0.215796865389172088,0.00279826796676101858
1.01954947200000001,-0.132881362418947796,0.010238843347960068
1.04954976000000011,-0.204384723918342642,0.00399378711050114247
1.07954784000000004,-0.21330755390314371,0.00549358086115749045
1.10954828800000005,-0.16438899838195048,0.01880842023892184
1.13956294399999991,-0.208291744843383669,0.0141902678430459953
1.16955648000000001,-0.211379167186402456,0.0193486518229651037
1.19955407999999997,-0.175897995877911939,0.0376414261881986845
1.22955161599999996,-0.195332501546780279,0.0413112643766852736
1.25955081599999996,-0.187597721550014945,0.0541711847615902672
1.28955315200000009,-0.24655021544623501,0.0426633272138221969
1.31955215999999997,-0.18449290919519773,0.0816078161826594428
1.34954719999999995,-0.201792301580578481,0.0891500297411297604
1.37955055999999998,-0.173494119602752545,0.0978613611960368612
1.40955683200000004,-0.162829371360398267,0.10026328556503443
1.43955142400000002,-0.181846385804410537,0.101710293823278675
1.4695509120000001,-0.183592238901764904,0.103652565135885777
1.49955081599999995,-0.15637903205249859,0.099273522048598864
1.5295556159999999,-0.187056748360147185,0.103841860269590053
1.55955651199999989,-0.155036263390441298,0.0985414960647902349
1.58955168000000002,-0.180402304525490054,0.103247499389293174
1.61955359999999993,-0.160620765792542836,0.100143233325333952
1.64954672000000002,-0.168307356370213684,0.102417290737457714
1.67954793600000007,-0.151914121465038326,0.0999123928597800137
1.70955094400000007,-0.171903726956087188,0.104891081460956603
1.73958054400000006,-0.158580624128949493,0.102448079138809281
1.76955548799999995,-0.179256944590584083,0.107979562723349715
1.79954825600000001,-0.151647326951684369,0.104858730996229971
1.82955334400000003,-0.151709269982739092,0.106307792930233194
1.85955737599999993,-0.15867796450780311,0.109060004396208277
1.88955168000000007,-0.146677574176059755,0.108903721519420474
1.91954569599999991,-0.159602984731624764,0.112375928337557732
1.94954928000000005,-0.171298093175116434,0.116626461697881462
1.97955078399999995,-0.149989393177722807,0.115728030652962208
2.00954460800000012,-0.188911894422301829,0.124889925067967103
2.03954265600000006,-0.12115332844996865,0.115725951664706936
2.06955113599999985,-0.188763741242894412,0.130333492787315514
2.09954755200000021,-0.176829774304230775,0.131238287687006683
2.12954623999999981,-0.176376337383519127,0.134168803029333594
2.15954844799999979,-0.169982271050379496,0.135552423020996543
2.18954739200000015,-0.178144283992536401,0.139580992940686849
2.21954307200000001,-0.151187782545979199,0.137369210227870325
2.24954326400000015,-0.195318744585177534,0.148293313491047046
2.27955468800000016,-0.126042110686637732,0.138074254622857662
2.30955308799999992,-0.147483818725847288,0.145140097356030617
2.33955004799999999,-0.16240763109284459,0.150269443932718599
2.36955353600000018,-0.127428575427912028,0.146584005364109676
2.39957792000000003,-0.127333200173756461,0.148595226829172894
2.42954838399999984,-0.150066137175376729,0.155918114544347175
2.45957280000000011,-0.0915825020300101988,0.147218355642813381
2.48961327999999993,-0.124874429516861549,0.162632488228785205
2.51957939199999981,-0.123829397602709515,0.190375500590113156
2.5495452799999998,-0.105911680577737283,0.191215842775272649
2.5795523199999999,-0.10336904747401307,0.193152707171656279
2.60955724800000022,-0.11441848977229585,0.198982627424561048
2.63954694400000012,-0.0628435154515178118,0.189519466858045355
2.66954940799999996,-0.0678031283545511426,0.193958910537883722
2.69954784000000014,-0.0539973756182733564,0.191245143341793239
2.72955555199999989,-0.0534984754997830242,0.194142233461185254
2.75955401600000005,-0.0151427222029945768,0.186133888402375269
2.78954876799999996,-0.0287384964737694322,0.202575173778742151
2.81954937599999989,-0.00935524209063950778,0.247155709669659468
2.8495430719999999,0.00646878411156454405,0.247453521236238566
2.87955817600000019,0.0161570155193742696,0.245529142985281001
2.909553952,0.00934874425113374312,0.249957156988674128
2.93955600000000006,0.0414658582384872659,0.24140144333783714
2.96955542400000017,0.0680584904871034124,0.237146778270533681
2.99955231999999983,0.0696971679477297185,0.234108455318986136
3.02955084799999996,0.0768897474166234662,0.233527645582978144
3.05955849600000018,0.0228915383839611505,0.232849461069033981
3.08954927999999995,0.00149040731825346093,0.235895553171985906
3.11954601600000014,0.0639980300765935067,0.215605578004440523
3.14955337600000007,0.06836450385420835,0.216581177695064742
3.17955257599999985,0.0618378031324310767,0.216626165257729097
3.20954736000000018,0.0581409075719425197,0.219359321844497301
3.23954431999999981,0.100434138181451818,0.205293080914607878
3.26955481599999986,0.130021893589413018,0.19730312100649644
3.29955091199999995,0.105331519543962859,0.21354019550954878
3.32954659199999981,0.112881983301467134,0.220824191881029114
3.35954713600000021,0.100266046137939449,0.224192260082893335
3.38954739199999988,0.121254668835879889,0.218512697220829222
3.41955414400000013,0.165757429779361837,0.202573912592373062
3.44955372800000015,0.13337386103201368,0.215352917792275306
3.47955206399999994,0.151030033878583686,0.207573453711439343
3.50957059200000021,0.171179707423368882,0.200450417337478787
3.53956918399999987,0.177526175618530652,0.205587085354755811
3.56955289599999981,0.170282814570060975,0.216973700489040466
3.59958179199999995,0.161446109083348582,0.22200344567082167
3.62955168000000006,0.153714078371869817,0.225332069959294418
3.65954975999999998,0.19219330445801297,0.206727801237677478
3.68959331199999996,0.153775680473236476,0.220824299992281869
3.71955097599999984,0.180842987244943382,0.205526868348526098
3.74955008000000012,0.189294217130596826,0.201756864566393995
3.77955232000000008,0.207956269635509644,0.198270206784183251
3.80955456000000003,0.194880036162276643,0.221403846993999898
3.8395557440000001,0.196391606371672633,0.235695886658639497
3.86957296000000017,0.16481170041261084,0.246667330858747758
3.89955744000000015,0.215597979089714453,0.219426142143688191
3.92954988799999994,0.233336723263625839,0.207192650588219757
3.95954713599999986,0.215279357373732244,0.205218296213116547
3.9895488320000001,0.222698914665111575,0.198013312495163546
4.01955065599999983,0.230525583439946224,0.184316231191700819
4.04954601599999986,0.207778357505672445,0.186805022716006686
4.07955507199999978,0.208449421077776559,0.170894914827457195
4.10955481600000017,0.202628504974686124,0.167330796179157221
4.13955216000000004,0.195421958598483131,0.160714059560485928
4.16956092800000011,0.19938807142038556,0.152375957311586985
4.19955164799999991,0.217601596756305693,0.131369030137207271
4.22955456000000041,0.186894398406585449,0.141095334168991254
4.25955686400000033,0.212163322957776346,0.12825040854098449
4.28954630399999992,0.246216109106243419,0.106231099329101422
4.31955664000000006,0.215878059220308671,0.111269633218059535
4.34954383999999994,0.196652740775184964,0.114140823061703964
4.37954998399999962,0.251369785534774848,0.0726680933464722428
4.40955199999999969,0.201331826066576375,0.0932505163690446337
4.43954355199999995,0.206264338312926593,0.0918354879147915554
4.46955206400000016,0.208275323706332949,0.0947204345524821495
4.49954883200000033,0.228576627358667156,0.078809035215700915
4.52954201599999973,0.201111605096266965,0.0869878650414994542
4.5595562239999996,0.212219383228712311,0.070779190297455441
4.58955132799999976,0.199244018891596153,0.0697188415423001251
4.61954550400000041,0.176858732256220452,0.0722018213835848577
4.64957491200000028,0.190749949833185439,0.0724147374121186099
4.67954729599999997,0.192705468637477728,0.0872386760817534523
4.70954748800000011,0.148209724201752435,0.107077396456669943
4.73955068799999957,0.155709937232041629,0.0915237807638245443
4.76955817600000032,0.158845752303865301,0.0803940063495096613
4.79955040000000022,0.12208286334410158,0.0924196106471691786
4.82955763200000021,0.152459911430730316,0.0627207507368421485
4.85955193599999991,0.143293294915285752,0.0557670113818897542
4.88954966399999957,0.0975783671350496373,0.0740622494184824814
4.91955641599999982,0.148999438084987806,0.0203471164855906356
4.94955356799999979,0.062778071110466821,0.0679929839131875047
4.97955094399999965,0.131918820451698032,0.00776942409976034282
5.00954636799999964,0.0803678644998752634,0.0322699916453463298
5.03954975999999988,0.114252561980671158,-0.00392118641591365086
5.06955004799999998,0.0472517990089669493,0.0325220431056217202
5.09955526400000014,0.0847165678465407468,-0.00502726500929611894
5.12954313599999967,0.0600241437769173242,0.00239628717743237823
5.15954752000000028,0.0693794114565716574,-0.0647049027312080055
5.18954620800000033,0.0729946352482852834,-0.0932589990723228651
5.2195495679999997,0.0463973055561440889,-0.0836377301120555389
5.24954403200000019,0.0567789886513082945,-0.103164515798428058
5.27954665599999995,0.0266475447950848369,-0.0883046045344540453
5.3095440319999998,0.0185874594698534276,-0.0912972733182281226
5.33955158399999963,0.016766895248364222,-0.0958185832698767864
5.36955286400000009,-0.00296596814269424122,-0.0887582170043792057
5.39955606400000043,-0.00875129885817387855,-0.0602930761325630726
5.42955068799999996,-0.0428171771129451859,-0.0228582842550006035
5.45956038400000043,-0.0213452879848370428,-0.0385789508869573694
5.48955104000000027,-0.0417842830111254809,-0.0306796013175758345
5.51955436799999966,-0.00566580535808649394,-0.0550698387920389859
5.54955651199999966,-0.0399937148817358715,-0.0388311843654212188
5.57955564800000037,-0.0313441644892033661,-0.0459293944606391155
5.60955651200000016,-0.0576439293498818284,-0.0358409993236557881
5.63955510400000026,-0.0441244402116168638,-0.0466302946066758164
5.66960115200000025,-0.0725827236051862917,-0.0346294310599001148
5.69955427200000031,-0.0628668146949340617,-0.0502223910483828584
5.72955401599999981,-0.100366029270926305,-0.0394760047009395931
5.7595498239999996,-0.0480941446403808162,-0.0708846474142213467
5.78955068800000028,-0.109485955160067844,-0.0430240625191636999
5.81955436800000037,-0.0776072420822637304,-0.0601114100654581429
5.84955276799999968,-0.0933112396414938622,-0.0563110844532197022
5.879557696,-0.0921989546621993228,-0.056659418264800962
5.90955468800000006,-0.106685669758777316,-0.0533186917769244359
5.93955283200000039,-0.124374360868113362,-0.0458349168384247774
5.96955651199999959,-0.141261337216905758,-0.0416747594883849146
5.99956214400000043,-0.121628169100544636,-0.0504098634194886791
6.02954540799999972,-0.147425426484871613,-0.0427839370995241816
6.05954630400000038,-0.111215466250295686,-0.0106463830347484426
6.08955078400000005,-0.069072361870570087,-0.0147674332420185631
6.11955299200000002,-0.0786618927057617795,-0.00906969535637958818
6.14955168000000008,-0.029589845670176626,-0.0258691654942342988
6.17957999999999963,-0.0677133168108080413,-0.0108496803453289412
6.20956844799999974,-0.0584227806474868286,-0.0160607690958613387
6.23954899199999957,-0.0446050725002579487,-0.0201089868665897675
6.26955020800000007,-0.0607833441253372991,-0.0183422257619561893
6.29955209600000021,-0.0595285396858283161,-0.0189649191058342027
6.3295531519999999,-0.054799387569550502,-0.0228000113223111277
6.35954480000000011,-0.0126609673657349653,-0.0336523136379752036
6.38954796799999958,-0.0537652082117011584,-0.0338378486856938804
6.41955430400000004,0.00743217272654241728,-0.089884502297732774
6.44954969600000005,-0.0149187987039085361,-0.0868384013232188223
6.47955203199999996,-0.000723631166913343143,-0.0886126023214678371
6.50955536000000023,0.0165282488805546732,-0.0936747566685456057
6.53955372799999957,0.0235430091010501961,-0.0912944921917395041
6.56955609600000034,0.0381967849494546444,-0.0926242030916327036
6.59954575999999982,0.00442305906455187081,-0.0800616834858977194
6.62955593600000004,0.0856803406788996802,-0.0935426136503184208
6.6595518079999998,0.030925097794150834,-0.0762488492106708771
6.68955116800000038,0.0873054327611052089,-0.0833116796213510397
6.71957119999999986,0.0685959412589031842,-0.0717783502361664938
6.7495607040000003,0.108317535753938557,-0.0926159173852378476
6.77955196799999982,0.159647835546910727,-0.122991386717508658
6.80956102399999974,0.130537058849678367,-0.115096500493966483
6.83955276799999989,0.142244156704172536,-0.109661853882030494
6.86954684799999971,0.170963007993455485,-0.108257192356424933
6.89954547199999979,0.156657073069327274,-0.0973506791349730005
6.9295485440000002,0.173737391795784041,-0.0932687241833272257
6.95954467199999982,0.165243119227895668,-0.0810160385215996093
6.98955020799999982,0.201336154021012459,-0.0766931288381246246
7.01954582399999971,0.176112596228988588,-0.0635229781484526607
7.04954659199999956,0.171293580695013714,-0.0689055280444744594
7.07954518399999966,0.21851364341934687,-0.080564792869168983
7.109546688,0.207965944892977261,-0.0724004501602555084
7.13954419199999979,0.252819225534492598,-0.0605594999576486576
7.16955222400000025,0.204844081737188155,-0.051315844791346793
7.19955449600000019,0.254643594754255354,-0.0391082960822075054
7.22954672000000009,0.217344154961790603,-0.029792506787882065
7.2595438080000001,0.224499065585860025,-0.0170465280741761149
7.28954720000000034,0.210676535501161583,-0.00784294848766599328
7.31954735999999961,0.202233159980093891,0.00544781960382389324
7.34954755199999976,0.196395878574795013,0.0144663371297068001
7.37954537600000027,0.242933247188894946,0.0247195423105051396
7.40954252800000024,0.227292713814994718,0.0208270855496523154
7.43955379199999989,0.23398360632740034,0.0201428397615037863
7.46955228800000004,0.242404243011937304,0.0309940338889747036
7.49955734400000029,0.260091104788709837,0.0442171362421513517
7.52954758400000035,0.199940961584083199,0.0495719939101242901
7.55954563199999985,0.229567099516229667,0.0640354995320526754
7.58954950399999984,0.233126347858016336,0.0757257594223426367
7.61955177599999978,0.211858043741737639,0.0847746408459512102
7.64955526399999997,0.233305289003960525,0.0982191901848752658
7.67955500800000035,0.193979403266221762,0.101080945767655098
7.70955651199999981,0.213230534283471856,0.103510474632262942
7.73956204799999981,0.194297297838979144,0.101939743009578171
7.76954604799999959,0.190894551131998547,0.111809458990843061
7.79954451199999976,0.209623242556002343,0.122063134570064999
7.82955286400000006,0.168133822044657211,0.128848411544387892
7.85955539199999986,0.159353861235540767,0.128082760755573122
7.88954937599999973,0.144728910381050679,0.118172594727417077
7.91955286399999991,0.156721886876974859,0.122222676177441938
7.94955180799999983,0.145151418352346795,0.116065008012243981
7.97955743999999978,0.105010186521969306,0.0837972973051548942
8.00955852799999946,0.109500677510530831,0.0909046407625822006
8.03954988799999981,0.0920082287614992222,0.0794694951556306345
8.06955456000000027,0.100506653729072401,0.0885719662695990395
8.09954656000000028,0.0229005717432968631,0.0447408650130275004
8.12954854400000038,-0.0361694259999249326,0.0234390043184894634
8.1595516159999999,-0.0698521860300464204,0.0155642557996972415
8.18955337599999922,-0.126182354341866837,0.00583903188197330489
8.21955391999999918,-0.110387268163358143,0.0112622375685025172
8.24954899199999936,-0.174636378445732154,0.00316646995813602006
8.27956086400000046,-0.139131267376306877,0.0126914125924053548
8.30955091200000062,-0.20467051293321914,0.00861611599431883445
8.33954566399999919,-0.246323005062025646,0.0106786636198451228
8.36954972800000085,-0.254260221514497342,0.0117457973300365056
8.3995557440000006,-0.288883051759702802,0.0115763307690214621
8.42955148799999954,-0.278121393193780042,0.0137521769848006764
8.45954435199999999,-0.293725850977938963,0.014762168085727603
8.48955331199999996,-0.303207725285523699,0.0157351788008668302
8.51954656000000021,-0.321331641069898755,0.0168143359677233421
8.5495481919999996,-0.262718680589483389,0.029268847064129716
8.57955231999999945,-0.309940623041902674,0.0238237179596473246
8.60954979199999926,-0.303954385625429813,0.0276925748655104942
8.63955366399999924,-0.243411106734159,0.0434258700056718849
8.66955299199999985,-0.213469386977287207,0.0536270778853734087
8.6995482880000008,-0.195752130505331801,0.0616402552974563978
8.72954563200000067,-0.209811549196661201,0.0622947434940947023
8.7595548799999996,-0.206982539805849824,0.0678174560246226077
8.78956227199999951,-0.187554501459804068,0.0833603253163882341
8.81956009600000002,-0.18897240090466863,0.0875111461051555628
8.84954646399999945,-0.15967680866402939,0.108835544394191103
8.87955804799999981,-0.149614849134698691,0.118823703983339121
8.90955903999999954,-0.13714891504144211,0.133466548885286279
8.93954800000000027,-0.157601329567376186,0.126410286368580954
8.96955628799999971,-0.143653434508451666,0.140949211396460411
8.99955568000000028,-0.0965294476175895394,0.172506414347354198
9.02955663999999913,-0.125177843551691176,0.162182737002083244
9.05955049599999995,-0.17746279540625548,0.136764029686844452
9.0895557440000001,-0.155655608024108855,0.153894029894567047
9.11954895999999948,-0.141039855343920689,0.166262566829976588
9.14954873599999985,-0.136790537242989757,0.174230717400747082
9.17955638399999962,-0.156905629655425982,0.164885444155368488
9.20954275200000083,-0.141226980351640469,0.181015412707822398
9.23955452799999932,-0.10263432750208018,0.206310744139945351
9.26955036800000087,-0.123110775807824174,0.203346437356882848
9.29954883199999927,-0.105951318931043176,0.217212144487579695
9.32954892799999946,-0.0991833708676759102,0.228645815375378841
9.35954371200000068,-0.100635600671059741,0.230958892007968292
9.38954886399999999,-0.0720153020171377806,0.252933047668715938
9.41954659199999966,-0.105589875563217916,0.239306779573138922
9.44954691200000063,-0.0780222910062191438,0.259934036830629323
9.47954953600000039,-0.0470048978702710188,0.277709759010255686
9.50954537600000016,-0.0823003811910794775,0.267365819725260356
9.53955539200000047,-0.0808700415204456069,0.269419975494305797
9.56954963199999931,-0.0272086408620329095,0.304989200254567272
9.59955167999999937,-0.0683158621221547357,0.286996421394338785
9.62955155200000057,-0.0120443457387050951,0.321274985656753942
9.6595491839999994,-0.0748170200982853778,0.293173469519903085
9.6895511360000004,-0.0417671961514680598,0.314191532807651164
9.71955340799999945,-0.0104740349932900614,0.326634490224031848
9.74955263999999922,-0.0136582188434818501,0.333768387626654228
9.77955225600000055,0.00516035017505334093,0.340326875412789942
9.80954633600000037,0.0207828470731511519,0.353214374061584069
9.83955712000000027,0.096629228022092617,0.381686761523935547
9.86956044799999965,0.0853031932889102562,0.381207521630936796
9.89954937599999951,0.0500420270110943088,0.364369710657459212
9.92954636800000046,0.0324074414799682964,0.365807395970009663
9.95954764799999914,0.0546439914570804527,0.369890494704504857
9.98955481600000006,0.0523242971527813766,0.375503466418465215
10.0195513280000004,0.0249620497738762409,0.365843121353633283
10.0495548800000005,0.0950981566604810619,0.392065603083892156
10.0795569599999997,0.150836120293708492,0.405372850153966569
10.1095978879999997,0.175851621966893024,0.415783429800242244
10.1395451839999993,0.144019954707316988,0.39726432752369728
10.1695532160000006,0.220924495662178977,0.421232628909348539
10.1995522560000005,0.123090880173890402,0.388780959010666172
10.2295578559999996,0.138612321120005516,0.396680593649812618
10.2595513280000006,0.194362256192646743,0.400550445272824129
10.2895482559999998,0.202431781531058314,0.405000355067846596
10.3195585919999999,0.286069919792317495,0.407139742377053138
10.3495519040000001,0.355384857758668571,0.419552115153923377
10.3795472639999993,0.277722788487137828,0.39144590490686465
10.4095485439999997,0.334832958433602224,0.397857935047389644
10.4395481280000002,0.263104676781391322,0.377090895189573339
10.4695492800000007,0.238456407634876633,0.378783013210274133
10.4995498880000007,0.366360580535425084,0.376445045697929859
10.5295479360000002,0.377244338649014466,0.379016472649443881
10.5595501439999992,0.377058434784691976,0.363322065909592096
10.5895490240000001,0.363574874842937545,0.3616072239803374
10.6195482240000008,0.483610921037392449,0.340868737859994386
10.6495537280000008,0.415462666089529975,0.344859297808044918
10.6795504959999992,0.407660803821874751,0.330784142965198869
10.709551072,0.478796183295183031,0.313483727675915591
10.7395487040000006,0.462321922599561785,0.320499989127875362
10.7695488319999999,0.466235982332635746,0.308889051311378005
10.7995454399999993,0.464654245554964374,0.27838558438512595
10.8295539519999995,0.436399125106203378,0.301048375472934782
10.8595465919999992,0.466102952326986175,0.209014056223485178
10.8895464959999995,0.459518174244061717,0.203809066571343678
10.9195458240000001,0.459504102825985361,0.161527017897393654
10.9495457280000004,0.448082991150007215,0.170435866293734806
10.9795503360000009,0.434112990324703352,0.161237718097899524
11.0095539200000001,0.435995117640475771,0.134237910258251963
11.0395492480000001,0.434797647950851351,0.0876718032592051222
11.0695555199999998,0.437490015657963915,0.058683639716937068
11.0995474559999998,0.443975842580749236,0.0162830202374048758
11.1295532799999997,0.436249272458408666,0.054628402785240518
11.1595432639999999,0.439165148512134784,-0.00641596857085929839
11.1895470079999999,0.434152084860404575,-0.0014057053229482603
11.2195484160000003,0.424636432637087391,-0.0196796206672805798
11.249547776,0.428744204248710181,-0.0676378511884917766
11.2795504639999997,0.420137092838786863,-0.0808896606321588552
11.3095552000000001,0.421591141218822185,-0.0991566885952890886
11.3395486719999994,0.415123685062568804,-0.120987885347324547
11.3695576319999994,0.409343151599369626,-0.121144264692921777
11.3995522880000006,0.401640217032350255,-0.162112547837990284
11.4295485120000002,0.397520227406789939,-0.172017604544641933
11.4595475199999992,0.388742399927310411,-0.212036377262482562
11.4895523199999996,0.382084879605859906,-0.17760273573930152
11.5195523519999998,0.372457461151333213,-0.17307758241871965
11.5495476799999999,0.369748766219733072,-0.193522557551062513
11.5795543040000002,0.359005553062807126,-0.19754817303522948
11.6095491200000005,0.355367994329555681,-0.198859003009065227
11.6395483520000003,0.324513414421917723,-0.220307945081875955
11.6695500479999996,0.297397582879758982,-0.203082448428867801
11.69956,0.274800377445790667,-0.23777942604302299
11.7295522240000007,0.271076421211873919,-0.243836019792722986
11.7595552639999994,0.261621915972795105,-0.278483794156526965
11.7895487360000004,0.260702108252807041,-0.253217155653835346
11.8195543680000004,0.259084135555930239,-0.254958697090155118
11.8495448000000003,0.257163352597581663,-0.255372436798421143
11.8795528640000008,0.251379448094491253,-0.269287098143227932
11.9095474239999994,0.251042426847481681,-0.253753658039749419
11.9395926079999999,0.249813637556907636,-0.244568256796744377
11.9695555200000001,0.25141734756721551,-0.25421525184791266
11.9995521600000004,0.248080680434946604,-0.244629010434711275
12.0295567680000008,0.249757264541670188,-0.223749894290285911
12.0595474879999998,0.243309664512893042,-0.242015867212679398
12.0895485439999995,0.245214844738295412,-0.213570704938876837
12.1195537279999996,0.239233151164527508,-0.220878966044046221
12.1495499519999992,0.248391269638046031,-0.189913181612148013
12.1795540800000008,0.254861451591687493,-0.181245263950281593
12.2095511999999999,0.254601337402712513,-0.172264903781238377
12.2395559039999995,0.249419507758527143,-0.167252736513168604
12.2695498880000002,0.250752299386015787,-0.148197483526915447
12.2995573440000001,0.247800050892196755,-0.132123579973757344
12.329559712,0.238023197327445424,-0.100550833856433514
12.3595472320000006,0.206025446418866026,-0.0905492860240797587
12.3895583360000003,0.200620755530665912,-0.0307778581395183395
12.4195551040000005,0.191736370498323677,-0.0582317774697600696
12.4495517440000008,0.195782348112744892,-0.0320828135379143675
12.4795521279999999,0.187746868696678643,-0.0408744751893231201
12.5095528639999998,0.158072380551971314,0.060156922516727003
12.5395644799999992,0.172342439954668164,0.0301737063248420853
12.5695488320000006,0.161674182538680655,0.0794956600199552554
12.5995447360000004,0.158193838362623906,0.094448197350921359
12.6295596480000007,0.151339724141753368,0.141970852355949972
12.6595415360000008,0.166787541147840557,0.101935663952343783
12.6895453440000008,0.171360819303609857,0.112763886418572323
12.7195437760000001,0.170815776469697811,0.121589427668158334
12.7495492160000001,0.170891983603082664,0.145474572210421316
12.7795556159999997,0.188578175510421109,0.0850819696515267287
12.8095489279999999,0.198733734625043346,0.0634929180087561856
12.8395487680000002,0.194192910846500338,0.0941701057623246934
12.8695504960000005,0.182572557900989974,0.0378427314386260358
12.8995596159999995,0.187272176821052516,0.0596812124182219961
12.929559136,0.182258412746294923,0.0512112614373607528
12.9595560320000001,0.177274900754280929,0.0494315832743837807
12.9895505920000005,0.183153349046655922,0.0697187063986876299
13.0195431359999994,0.154491079324877961,0.0451241604343926295
13.0495403519999993,0.167236016414137906,0.0724884747667691731
13.0795456960000003,0.150800655564024888,0.0475110949033899499
13.1095450240000009,0.154706783847690044,0.0560924329198580207
13.139545472,0.132847867782907858,0.0234142193330212113
13.1695445440000007,0.108051869132897937,-0.0200404535492909042
13.1995488319999996,0.12165015835780843,0.0130526335975490911
13.2295455359999998,0.106631803275791193,-0.0139080210030418303
13.2595441279999999,0.0973802615341415739,-0.0391459237827706322
13.2895423039999994,0.103248616633765111,-0.0352160081912892345
13.3195452799999998,0.0902833816151968338,-0.0593098911702078027
13.3495472639999999,0.0942422804219302246,-0.0551072689632461712
13.3795478400000007,0.0622778689858928675,-0.110504318252108158
13.4095451840000006,0.073171017598149965,-0.0953061778947680849
13.439548576,0.0626531184361898419,-0.115725631329335873
13.4695474560000008,0.071135566186704885,-0.105197345885565535
13.4995513920000008,0.0384680490220263085,-0.140581577014446041
13.5295658559999996,0.0378603275338260103,-0.133390198344657873
13.5595664320000004,0.0289886368705795858,-0.150273615270791971
13.5895532800000005,0.0338095731874150374,-0.148626555469807714
13.6195551679999998,0.0225457847379175527,-0.171200359822486659
13.6495490880000006,0.0381435393627874431,-0.151917031182279477
13.6795519040000002,0.00986751829145356141,-0.203446891398821106
13.7095456319999993,0.0427135251681737271,-0.157066894341918561
13.739544768,0.023888358973048595,-0.192807190673552342
13.7695972159999993,0.0336754207546954148,-0.184934617242869775
13.7995580800000006,0.0431684476070011008,-0.191561644574207546
13.8295542719999993,0.0218678251319959424,-0.243600659960245713
13.8595491840000005,0.0348794172703188049,-0.2302633934878342
13.8895559679999998,0.0475295579908522059,-0.218321452850470665
13.9195566399999997,0.0223181393247596609,-0.263660580522999788
13.9495517440000008,0.0684278819706958252,-0.199567852645979288
13.9795507519999997,0.0371541989646271484,-0.25147078986385174
14.009557504,0.0711769782576644472,-0.20611441675195652
14.0395461439999991,0.0565178737782308441,-0.231184299965401518
14.0695549440000001,0.059022548029376079,-0.232900475061964263
14.0995479679999995,0.0579252556972041782,-0.221490474338626647
14.1295566400000006,0.0466556835764009442,-0.233580573074087305
14.1595495360000001,0.0731382594306523165,-0.195520804967180856
14.1895517439999992,0.0546014275110881658,-0.226122712162105916
14.219542272,0.0701864506817441447,-0.204820697773254873
14.2495444800000008,0.0710192245631616342,-0.207906615977217685
14.2795560960000003,0.07436603494035611,-0.203680965474548364
14.3095446079999995,0.096345834152459453,-0.178580580136806749
14.3395469759999994,0.0939867990737992126,-0.183105031521707484
14.3695514240000008,0.111696471297938998,-0.136758809157066952
14.3995454079999998,0.0867373136385070076,-0.192880021091181242
14.4295540160000009,0.111070244073062041,-0.119745421686752951
14.459554528,0.110487287291238967,-0.164511389328158897
14.4895503039999998,0.11338823033700586,-0.114222821917677936
14.5195438079999999,0.111319159914378824,-0.100815588969573405
14.5495485440000003,0.116683598145387479,-0.0891875912645324204
14.5795458880000002,0.120549203960944817,-0.0318646205295001345
14.6095464320000001,0.126952048598222345,-0.0304523275892570437
14.6395433599999993,0.13327016867403238,0.00404203183505304903
14.6695467520000005,0.141600447720257983,0.0125926859558107215
14.6995434879999998,0.148312384251419294,0.0331706882237401551
14.7295541439999997,0.155067150997314163,0.0344450629181494994
14.7595261440000005,0.162348454346719767,0.0525602987139276445
14.7895523519999994,0.168783990896936242,0.0522027661780582533
14.8195423040000005,0.169178013801655786,0.0422650945897017835
14.8495511360000005,0.170885349548001997,0.0233186939684203176
14.8795575679999992,0.165377994947412316,-0.011871355796418525
14.9095574079999995,0.176058771866235392,0.00956276488591577094
14.9395525120000006,0.180462681026548222,0.0215680189415818242
14.9695518399999994,0.171370448603222369,-0.0519814481052474561
14.9995507519999993,0.191853602198538337,0.038025049451617568
15.0295412479999992,0.188697516323463321,0.00232107316035747024
15.0595447999999994,0.159611555469797634,-0.0386042640298930526
15.0895556800000001,0.166958968142794512,-0.0112763495333287507
15.1195529279999992,0.171048398470670437,0.000464080525574318836
15.1495449919999992,0.166163487123545284,-0.0366673122059645584
15.1795531520000004,0.151965007410713004,-0.0902924552778874567
15.2095438719999994,0.160957046143329618,-0.0725846265636577587
15.2395473599999995,0.123790658383872487,-0.118779031548397751
15.2695538240000008,0.136371433276698123,-0.107555727264212225
15.2995496959999997,0.0894249089259376712,-0.134106720200535101
15.3295491199999994,0.0938837608668500884,-0.128400959614440868
15.3595475520000004,0.0809389767168325891,-0.129659892289371359
15.3895581759999995,0.0645642828688439002,-0.137903318210371023
15.4195531520000007,0.0788043969265671551,-0.125576214812388343
15.4495544000000002,0.0655546287678957645,-0.112526992015182473
15.4795525759999997,0.0262942882979561865,-0.0927807970455930969
15.5095566399999996,0.0266152373942962588,-0.0915370883826815418
15.5395474880000002,-0.00938098274276656999,-0.105627947179766507
15.5695530879999993,-0.0413379845530197076,-0.120727871762757219
15.5995531520000004,-0.0252454182741888335,-0.109166232444800865
15.6295506880000001,-0.0530616070187616834,-0.122793943147338491
15.6595439039999995,-0.0395942685440568432,-0.115813515005101036
15.6895505600000007,-0.0814475683510433868,-0.137666129172432539
15.7195543040000008,-0.0861826137006399123,-0.140307069519733957
15.7495492479999992,-0.0934837628591071307,-0.14699788048924789
15.7795560960000003,-0.128582414011522456,-0.166068288470376746
15.8095489919999999,-0.098909253075578546,-0.154631521801674915
15.8395535679999995,-0.148516078037029486,-0.17954011280369167
15.8695582720000008,-0.100425135015572792,-0.160583171314761797
15.8995528640000003,-0.176926053937578487,-0.197066630164603546
15.9295446720000005,-0.11156441112854952,-0.170796548591815034
15.9595576959999992,-0.172064244062642369,-0.199129501397506514
15.9895571840000006,-0.124538235559520871,-0.181519396431997826
16.0195575360000007,-0.154506983731070024,-0.196314671818105552
16.0495492480000017,-0.145406144183643893,-0.195934308114726868
16.0795466880000006,-0.128878823392974046,-0.190656740102153721
16.1095576640000004,-0.125113119415291962,-0.191203845036441583
16.1395503679999983,-0.10046032066394639,-0.181570274561886874
16.1695633920000006,-0.131707819848231045,-0.199582264890784483
16.1995542720000003,-0.0944798645045156343,-0.186587663191283587
16.229558879999999,-0.0939110775040414986,-0.190024531866722274
16.2595567360000004,-0.092179670002138836,-0.192637411509767265
16.2895544000000001,-0.0713164352663457624,-0.188380098749486413
16.3195609600000004,-0.0629605002488984322,-0.187087655770397987
16.3495531199999995,-0.0423126175685186109,-0.175955704956001796
16.3795649280000006,-0.057601920438731552,-0.170190939567224087
16.4095626559999985,-0.0139152461481659231,-0.157845711851166554
16.4395578240000013,-0.0510876548429804525,-0.174575304554762223
16.4695502719999993,-0.00990085771609462012,-0.162629997517843156
16.4995496000000017,0.00190055300773383541,-0.137199447364698773
16.5295464320000001,0.00128871875302651213,-0.146223376094951063
16.5595545279999996,-0.00420001118621843826,-0.150509032196904868
16.5895535679999995,0.0250662415121138717,-0.115878823288688024
16.6195470719999996,0.0571295225505073639,-0.0753510751515523436
16.649551744,0.0646820674978573484,-0.074622304116135213
16.6795486719999992,0.123375042449160283,-0.0158173868055727779
16.709554176000001,0.126415457088542516,-0.0165832416661109913
16.739551616,0.139115477294129403,-0.00796662478129812543
16.7695532800000002,0.179792199204873049,0.0152101711021902404
16.7995483199999995,0.161801891892098981,-0.00414280471393075212
16.8295545599999983,0.158658703960705388,-0.0157791876764579175
16.8595551360000009,0.171527601971180693,-0.0109762403277864455
16.8895517439999985,0.200290986755891021,0.0028075050606291771
16.9195507200000002,0.235127754336378475,0.0205309101414165446
16.9495509119999994,0.215888409126846759,-5.90303562503810379e-05
16.9795502079999991,0.194869376312355541,-0.0222668665410447122
17.0095535359999985,0.238258888440844169,0.00509246248776450139
17.0395573439999986,0.201319105161755801,-0.0273024517777452486
17.0695494080000003,0.24157637527698983,-0.0057080911850537347
17.0995578879999997,0.251402277616736614,-0.0061535106932278337
17.1295578560000017,0.231491102382176295,-0.0309177247689609302
17.1595493119999993,0.252815348000324014,-0.0210368907876184071
17.1895748160000004,0.214366594371540375,-0.0651340040251268959
17.2195444480000006,0.21784563373688437,-0.0694071866489282818
17.2495443199999983,0.270989315587687907,-0.0334783560886748044
17.2795591359999996,0.250177554572741989,-0.056359649643177287
17.3095554239999991,0.238075785176032284,-0.0777037741110700314
17.3395575999999991,0.235682866696236171,-0.0901588895071990665
17.3695557120000004,0.205107355087924104,-0.14121427805760825
17.3995463679999993,0.202005796956682249,-0.150630935686495548
17.4295501440000002,0.198791018646408607,-0.165152477064843095
17.4595472319999985,0.195465783689271283,-0.168199331666189389
17.4895652800000008,0.189768865300535577,-0.183978205037106018
17.5195547840000003,0.195471037461068142,-0.177148783300597218
17.5495499200000005,0.19569737325404854,-0.186529412864409272
17.5795504959999995,0.186733098791002944,-0.194618989600926773
17.6095568,0.190532526620096232,-0.201855376335724285
17.6395600960000003,0.17491093562762236,-0.216006358262179954
17.669552895999999,0.181596568800074909,-0.218745490774101353
17.6995570559999997,0.185216140246248578,-0.230772428052707201
17.7295506560000007,0.144106460380982515,-0.297046578009124873
17.7595489600000001,0.135792940609856694,-0.297090125093549595
17.7895504960000004,0.11106371695441114,-0.321508622277741296
17.8195482239999983,0.0941920437802626909,-0.318574411641001753
17.8495542719999989,0.134263737640520159,-0.301934483852757007
17.8795487999999985,0.129379334481138142,-0.298061734009045398
17.9095458880000002,0.151876242285967439,-0.285686843694095138
17.9395501439999983,0.136969279309204967,-0.291589292441370773
17.9695548159999987,0.0888833699543963157,-0.316171256179168358
17.9995453119999986,0.0709442465259448596,-0.306744207353718212
18.0295474559999995,0.0107369698005750011,-0.297082383947348427
18.0595506880000016,0.0121889193535138687,-0.289037079124046359
18.0895498560000014,-0.0480974929841312127,-0.275515061891935975
18.1195457600000012,0.0107660677668467222,-0.282521226639283585
18.1495448320000001,-0.00789471834807495623,-0.27911670599529298
18.1795479359999987,-0.0158171210299347213,-0.265011094321628282
18.2096261119999987,-0.00341636460059735469,-0.253903476689312124
18.2395503679999997,-0.0698682182348254327,-0.213136189325548064
18.2695570240000009,-0.0532950296820568908,-0.217180558041685567
18.2995599680000005,-0.0645863760451950153,-0.20827103310128775
18.3295514560000008,-0.101050708384350332,-0.197038544358562301
18.359551935999999,-0.121676963483987322,-0.185534363316303796
18.3895512640000014,-0.0985337608878551208,-0.196348146529158107
18.4195470400000012,-0.166754548514888301,-0.170501065093340121
18.4495469440000015,-0.143584436632933382,-0.180680464378252109
18.4795586239999992,-0.205473772477091032,-0.152122068706728453
18.5095551359999995,-0.164215192479933381,-0.159719228989556705
18.5395529600000017,-0.195834113176852398,-0.134732799331481135
18.5695527359999986,-0.239260408437633992,-0.118813162226679966
18.5995526079999998,-0.210839849451665257,-0.130527956620436369
18.6295623679999984,-0.230968102688784732,-0.125264885974260942
18.6595493760000011,-0.285653694501500466,-0.102135467851580605
18.6895596479999995,-0.25377687927502357,-0.118439230818164168
18.7195654080000011,-0.263666074395128347,-0.116363156189731934
18.7495556159999985,-0.272885010136845407,-0.129800878721422625
18.7795581439999992,-0.280596471508493761,-0.150781959868247412
18.809560831999999,-0.307742207751981189,-0.144080381016703701
18.8395519359999994,-0.287105128650788743,-0.153658124766006321
18.869554560000001,-0.311870009727626407,-0.146752404682698623
18.8995482879999983,-0.308322279448594638,-0.148126536569433143
18.9295448640000004,-0.287634635305597242,-0.161545649579456774
18.9595434239999996,-0.309321587093732253,-0.16619186532009772
18.9895682559999983,-0.277189280403789706,-0.188933508881417134
19.019543775999999,-0.301952434304332551,-0.176605411773571086
19.049559391999999,-0.251553196031042869,-0.204163090512910206
19.0795558400000012,-0.292248917239994244,-0.181584441345209874
19.109556959999999,-0.269078730350634787,-0.196329219923797621
19.1395500160000012,-0.271062681013031437,-0.180503818860189374
19.1695509119999983,-0.223336658219054573,-0.196359263344484281
19.1995493119999985,-0.229837102547454514,-0.182046455184594697
19.2295493760000014,-0.210483761268951991,-0.195326109650082402
19.259548800000001,-0.169588707608340883,-0.188795547118505713
19.2895518079999988,-0.198838019821181156,-0.201058229703881902
19.3195496640000002,-0.168709448583416022,-0.186015776616008072
19.3495485119999984,-0.130572432569758701,-0.182630803929630714
19.3795600000000015,-0.112363628568890206,-0.175254136232604468
19.409560127999999,-0.054462607844268901,-0.174961246409453652
19.4395483839999983,-0.0436700820767177492,-0.175521721765292599
19.4695467839999985,-0.0218341643800229399,-0.180935534074538495
19.4995547520000017,-0.00279672694611875911,-0.181799842227489156
19.5295599359999983,-0.018761203664158288,-0.189997016457538914
19.5595577600000006,0.0178040028031324835,-0.191728667917163337
19.5895568000000004,0.00401048560747573057,-0.200062504393583696
19.6195509759999993,-0.0364400416965138113,-0.201901656600576351
19.6495528320000012,-0.0270329512748403375,-0.204544635721728707
19.6795461120000006,-0.107344251305454788,-0.195028770547249625
19.7095500799999996,0.0190233696250466933,-0.205961544151499698
19.7395483200000008,-0.0796081158624483837,-0.201492520191107638
19.7695550400000002,-0.0117243490972095549,-0.211218481418319337
19.7995553280000003,-0.0391608159847670681,-0.211591802088041875
19.8295460800000001,0.00094293465979070068,-0.222427752910351162
19.8595449279999983,0.0156946907337484239,-0.226620565764264537
19.8895486720000001,-0.0331823384792903353,-0.226062588176489054
19.9195608960000001,-0.0315250576971958865,-0.212297423460877377
19.9495490880000013,-0.0553465670942590859,-0.215824459826813281
19.9795459199999996,-0.116365240232906314,-0.183737708061540495
20.009547487999999,-0.0941484372633361322,-0.209495249955127222
20.0395467200000006,-0.129540737599299266,-0.15413178920155024
20.0695479040000002,-0.10015220870199848,-0.191059972728669425
20.0995617919999994,-0.126362219097624157,-0.146507526011204287
20.1295547520000007,-0.104575329253908403,-0.174008559142263514
20.1595441599999994,-0.108183934364426942,-0.162421903546801361
20.1895478399999995,-0.102122124798512015,-0.167162071713414656
20.2195516160000004,-0.100551178373606914,-0.155579889797825638
20.2495479680000017,-0.0835622728482756233,-0.179682535264409582
20.2795524480000005,-0.125579207416620015,-0.103884835066032161
20.3095597119999987,-0.115125608721843048,-0.116317492814502557
20.3395559040000009,-0.127240298061569168,-0.0866228210120788406
20.3695507199999994,-0.125620950525635794,-0.0858646028077043322
20.3995486720000017,-0.128933650250170867,-0.0735960162090117526
20.4295551360000012,-0.142424683533195734,-0.0488286443239216161
20.4595538559999994,-0.185148021363728099,-0.0122277124164759457
20.489550143999999,-0.207497047489888592,0.0162682759656269868
20.5195544319999996,-0.212279781414567464,0.030627162189668055
20.5495507199999992,-0.223688306382814284,0.0523503600861467619
20.5795479999999991,-0.226547409601647903,0.0620757099801077308
20.6095447999999983,-0.238824974874253165,0.0862353700646724813
20.639544063999999,-0.22967496697558859,0.0701252623549784709
20.6695531519999989,-0.240169249366414095,0.0910683758950662503
20.6995541440000004,-0.243291460170603102,0.114812293358737494
20.7295575039999989,-0.241461088535934454,0.119314234285186505
20.759557344000001,-0.243808678952656427,0.12876584683250783
20.7895527680000001,-0.244321939213813538,0.125946584153445507
20.8195519040000008,-0.243964434030433525,0.126093509464303588
20.8495538240000009,-0.251862974793484518,0.140050150117697753
20.8795514560000015,-0.252541968104382397,0.142393263425688504
20.9095541440000012,-0.249498410594004877,0.128101677915879397
20.9395601919999983,-0.265872885271137116,0.15392127090104829
20.9695595519999998,-0.263847014236299915,0.126435714777839131
20.9995503039999996,-0.274247980707674144,0.140643969316498807
21.0295534080000017,-0.268847511524307192,0.121282371475231618
21.059563648000001,-0.276216076521716092,0.141335967461595269
21.089554176,-0.265996116418312112,0.107969962559939792
21.1195560960000002,-0.280402015913446712,0.146047108880734661
21.1495524480000014,-0.260601323834426024,0.0878503090248801688
21.1795527360000015,-0.272864556852937701,0.116971970901612543
21.2095503359999995,-0.271848507408837092,0.0915379081635969566
21.2395534720000008,-0.281473460586795676,0.105706831479697963
21.2695547840000003,-0.264169929420708327,0.0596764743198057238
21.2995502079999994,-0.279462300613585901,0.100244876427436097
21.3295570559999987,-0.219813975250438637,0.0415408846509197002
21.3595500800000018,-0.198857933992634878,0.0351412154600777779
21.3895519999999983,-0.181414640740948957,0.018695127678303447
21.4195527679999991,-0.131910654578778985,-0.0137041742799158556
21.4495471359999996,-0.106464013781514266,-0.0406641044071942501
21.4795563839999986,-0.105079564102686221,-0.0425092259013695045
21.5095553919999993,-0.125466921938788722,-0.0334017039858422599
21.5395510399999992,-0.112031577697398188,-0.045123438104278997
21.5695543359999995,-0.0828381931140888539,-0.0808560777932068458
21.5995484480000002,-0.0926987791977479936,-0.0745712224090287618
21.629549407999999,-0.0575882167652766244,-0.121566838666738758
21.6595507199999986,-0.0452631027733354646,-0.140015248888758215
21.689546528000001,-0.0590948529972876307,-0.133967771803831404
21.7195522560000001,-0.0171570159257289495,-0.197693997664498494
21.749557824,-0.030246531022963534,-0.188570653476944711
21.779553056000001,-0.0177497086197381387,-0.211777262142124029
21.809553600000001,-0.0391396835324256884,-0.193244284518985926
21.8395542079999991,-0.0411568186868831731,-0.198956145995978134
21.8696008000000006,-0.0121203074038038344,-0.253488435621446129
21.899553663999999,-0.0468115726202995089,-0.213600559061579459
21.9295564479999996,-0.0245254867014382538,-0.259244413466005796
21.9595485440000004,-0.0669954757280093877,-0.21025058741914987
21.9895484799999998,-0.0490949894680183865,-0.247035497734226533
22.019547008,-0.0604633713077789292,-0.239894837784610848
22.049547711999999,-0.0959220458435577766,-0.210245758294600432
22.0795538560000004,-0.122712812832315138,-0.188399752352191557
22.109551616000001,-0.142440650073196229,-0.177880237666567936
22.1395476480000006,-0.165300719070445135,-0.155536827848804099
22.1695516159999997,-0.165048155922817047,-0.166096526487356455
22.1995534079999999,-0.170995213132678348,-0.158761945007804217
22.2295549759999993,-0.145763019201902544,-0.196507773191300389
22.2595508479999999,-0.150371405972779038,-0.193063265423271291
22.2895515519999989,-0.201317785951541539,-0.146148753687043886
22.3195517119999991,-0.159943547693145949,-0.192367059925139805
22.3495468799999983,-0.188649990810357937,-0.167996786403014492
22.3795573760000011,-0.190521186756740873,-0.163786943862181705
22.4095634240000017,-0.223760196895821606,-0.131150585248258206
22.4395500159999983,-0.233411906211139303,-0.0877328137889155368
22.4695503039999984,-0.232353577395430805,-0.0916072188365005119
22.4995519679999987,-0.221049338053261768,-0.0478276032928459868
22.5295495680000002,-0.219649202568620833,-0.0506112689328579515
22.5595472960000016,-0.213085552862066568,-0.04485506671235958
22.5895513279999989,-0.210172522377850085,-0.0346346357498559312
22.6195453760000014,-0.204411518983235951,-0.0302750229895032662
22.6495422399999988,-0.201138233679513723,-0.016335888542568594
22.6795454079999992,-0.19850145152315446,-0.0209535532045320438
22.7095430719999989,-0.192614053634815124,0.00093817509830545695
22.7395555199999997,-0.165562462232773266,0.0555328991287880464
22.769553664,-0.163759343010880354,0.0217725614073426763
22.7995460799999989,-0.135700443505442969,0.0836439201757860906
22.8295553919999996,-0.140426995655594161,0.0653151883221360641
22.8595507520000005,-0.137011104603298045,0.062788569015300541
22.8895493760000015,-0.123751096506148767,0.106901702041675956
22.9195576320000001,-0.114828739233315005,0.131094494774289527
22.9495517440000008,-0.113284039192941582,0.137281982419490495
22.9795497279999985,-0.0996866333983103953,0.175693455812767213
23.0095479360000006,-0.109730491323134394,0.15164347044154361
23.0395555200000004,-0.0967672767956722912,0.189606628881191702
23.0695616000000001,-0.102210285004206425,0.182092606748431085
23.0995516479999985,-0.101251936141250637,0.175236759413845922
23.1295530239999998,-0.0813126058467829038,0.229556069156001519
23.1595463039999991,-0.0855244312273012869,0.219202189842858247
23.1895467199999992,-0.090025127709770128,0.215697149248211761
23.2195456,-0.0720680043415849181,0.267603649257444343
23.2495479039999999,-0.0951931360142806299,0.213547525366109464
23.2795549440000009,-0.0734548242398651852,0.276595249976951396
23.3095444799999996,-0.0922640701948438113,0.23809026593107957
23.3395554879999985,-0.0768551252614942393,0.246136362859149721
23.3695525760000002,-0.0638839916122148355,0.249130475999120526
23.3995469120000017,-0.072885230215660915,0.210595472221194457
23.4295693120000017,-0.0731889111017828969,0.220630631109725001
23.4595437760000003,-0.0743129761093431207,0.223298430831406824
23.4895527040000012,-0.0846432329600613903,0.210234577575357351
23.5195492480000006,-0.0882650255445949078,0.210311452170777208
23.5495452159999985,-0.10073047625215166,0.190990685350496348
23.5795526080000002,-0.10217487296530306,0.1944544876087555
23.6095593920000013,-0.112136131486950896,0.184332665607796403
23.6395488960000009,-0.105149776021814259,0.204108820052305018
23.6695484799999996,-0.123713142927188408,0.175441456042558341
23.6995456319999995,-0.122901597572568896,0.180711718551950007
23.7295435519999991,-0.144071103095042036,0.146567632522643515
23.7595425280000008,-0.142138237806979567,0.156792576565245645
23.7895479680000008,-0.157781686142121347,0.0962328975639457629
23.8195579200000012,-0.157739265891030628,0.106691806713726023
23.8495544959999997,-0.150538638095380678,0.0765542040797597551
23.8795464959999997,-0.145242761370039691,0.0937145270930114377
23.9095475519999994,-0.151929197004697508,0.09518229336219311
23.9395489599999998,-0.145150444163906545,0.0687650749167515174
23.9695543999999998,-0.153916883878293997,0.0770382450872507257
23.9995475839999983,-0.143170179042274387,0.0118845491924800609
24.0295503040000007,-0.148752910135320965,-0.0100034636228831866
24.0595496000000004,-0.153307356644202142,0.0194813422648727301
24.0895523199999992,-0.154681805178795123,-0.0657363719757944054
24.1195502399999988,-0.158313713915195775,-0.0242082788554732614
24.1495527679999995,-0.165330056791618857,-0.0855808329788499134
24.1795495040000006,-0.170581915476162915,-0.101189669894695175
24.2095523519999993,-0.178079698805029135,-0.0854252300351843602
24.2395439999999986,-0.182860355895671345,-0.0763193942794918034
24.2695514880000012,-0.192442695095160737,-0.104500750294917594
24.2995426559999999,-0.199458246177053627,-0.137310053662166642
24.3295496,-0.208097570022741429,-0.142687501605682276
24.3595436479999989,-0.211971270940773032,-0.120926833668875022
24.3895433279999985,-0.219039847232715496,-0.0982722291231642175
24.4195506239999993,-0.222562742794051888,-0.0841740746330978951
24.4495453120000015,-0.230580564744778366,-0.0136256618702468857
24.4795960960000016,-0.23070268683004444,-0.0331035718139961882
24.509544064,-0.241500697379246482,0.0392279884486787522
24.5395431039999998,-0.23734234339809912,-0.0294488353946124118
24.5695470080000007,-0.245332743452187974,0.00136118174136103803
24.5995434240000002,-0.244697877740120584,-0.00601845141975880689
24.6295484480000013,-0.253925371822789736,-0.034365415432285773
24.6595408640000002,-0.264560127841333648,0.00964526151914268069
24.689545024000001,-0.268350792681019801,0.0243303829853986145
24.7195443519999998,-0.26419854177872909,0.0253210352617597168
24.7495421759999985,-0.256881033365052414,0.0341538523905395089
24.7795431360000009,-0.2002509466219905,0.0806644165943691538
24.8095482879999985,-0.222511070880326955,0.0624758820858382635
24.8395497280000015,-0.168490238993527858,0.103227901020179563
24.8695571199999996,-0.207302193670172774,0.073204064028521601
24.8995557759999997,-0.177263035477876141,0.0950958882550667073
24.9295504319999992,-0.21792928605212758,0.0673853652902895173
24.9595485440000004,-0.180868346302518801,0.0960491722063709502
24.9895538240000015,-0.17938437733932322,0.0918570445076818953
25.0195479359999986,-0.121664041049546506,0.0921359178099544207
25.0495483840000013,-0.118785756259407085,0.0964530965433826326
25.0795566080000008,-0.112007252783583061,0.100344983182929962
25.1095447679999992,-0.107564914526791705,0.107855610296690843
25.1395471360000009,-0.0954757754623626193,0.117840509352716588
25.1695489600000002,-0.086610574368463436,0.129875385503324337
25.1995462400000001,-0.0778038775659444654,0.140084967969224122
25.2295427200000013,-0.0673053058600654314,0.152801832835916807
25.2595663359999989,-0.061272617762656946,0.160731422207800456
25.289551264,-0.0645205027119371,0.166377757598187043
25.3195486080000016,-0.0430271567952995385,0.184300614357146425
25.3495488960000017,-0.0474565390916509774,0.210040168335803773
25.3795529600000016,-0.0672724230867320083,0.238997525183892057
25.4095503680000014,-0.025670861831457524,0.271705974748561618
25.4395429439999994,-0.0551094890647591609,0.257613078327416811
25.4695528959999997,-0.0712567646825967571,0.256239898861800874
25.4995463360000016,-0.0452930628795678858,0.274796423815121205
25.5295475520000004,-0.0832397009399978016,0.258236717863706056
25.5595488000000017,-0.0401442729237304549,0.284517294923215092
25.5895499840000014,-0.0963390442661695018,0.257069807821552365
25.619544831999999,-0.0776909195947064757,0.267577294296971968
25.6495452800000017,-0.0443293552090201007,0.282869895468807031
25.6795477120000015,-0.0937022969699445596,0.245702385994933242
25.7095427839999999,-0.0458073028005185692,0.27178448973728081
25.7395443200000003,-0.0514588076842407496,0.264478157833748395
25.7695458879999997,-0.078039256222897202,0.253260920235851394
25.7995436160000011,-0.0727317246322805311,0.253269757292094999
25.8295473280000003,-0.0673795986154642063,0.255888001971304679
25.8595426559999986,-0.0832213920323948697,0.245351869006510098
25.8895469759999983,-0.0811531754444873576,0.251080808419993362
25.9195479679999998,-0.0556748230362249796,0.282250198893038318
25.9495486080000006,-0.0609838638002768718,0.27883981333496205
25.9795618560000001,-0.054116562321745075,0.275974025949714541
26.0095585599999986,-0.0699347243737052371,0.267803709270391821
26.0395545920000018,-0.0807976327739748784,0.257796549629086602
26.0695518079999999,-0.0524251853036314247,0.265704473965418519
26.099560352000001,-0.0660617640196664302,0.252799502408486476
26.1295568319999987,-0.0310203536272000389,0.261439009698090308
26.1595563839999983,-0.0166414320199455706,0.256108572923537225
26.1895527359999996,0.00421628300297467902,0.258104834447450138
26.2195448959999986,0.035803815619913866,0.25827540699985585
26.2495457600000002,-0.00448230122148508825,0.235549331671124712
26.2795466560000008,0.00265734278910569402,0.216167958636795415
26.3095678719999988,0.0142203522309195217,0.215902643320331405
26.3395384640000003,0.0259244171085737142,0.210703590396114387
26.3695495039999983,0.0508396186344806378,0.213034500354027101
26.3995539520000015,0.0925186393953739417,0.212309808108080422
26.4295509119999998,0.0801416674393474332,0.20602290515934138
26.4595489599999993,0.167972716525150501,0.213919009585557679
26.4895535680000016,0.126953168272812056,0.201960278418815753
26.5195479680000012,0.194359091126697858,0.205670442154992472
26.549552735999999,0.176923424509607602,0.193867977859718515
26.5795509119999984,0.180306243052895609,0.178702044854193359
26.6095528640000012,0.21095252748844151,0.179962746879512497
26.6395534719999993,0.214051690498832436,0.174105298420386329
26.6695531519999989,0.256330169224643578,0.17556594773424572
26.6995612159999993,0.299912094913887095,0.174356758016848051
26.7295496640000003,0.294018529747241353,0.170550607481737448
26.7595608319999982,0.339913843283782158,0.168322827459747415
26.7895501759999988,0.37465435617432985,0.167990973686818035
26.8195474239999996,0.387160449116453864,0.162539169064559036
26.8495498879999985,0.422517197744449013,0.164390594157089842
26.8795473600000001,0.427493480403484227,0.163345509158555557
26.9095470399999996,0.436298840775201646,0.161503650190619186
26.9395395200000003,0.47264611435402698,0.158473654235677691
26.969557567999999,0.474648324458085358,0.156242201406651626
26.99955456,0.51209445523688335,0.152764636609432874
