t,X,Y,psi,vx
0.03525179997086525,1.907348590179936e-08,-1.352280332156397e-08,3.1399998664855957,0.0
0.1053558997809887,-0.0006416316027753055,9.127040812018095e-07,3.140148878097534,0.0024185987401936725
0.1753235999494791,-0.003066005650907755,3.308703753646114e-06,3.140714406967163,0.010899259917229287
0.24582539964467287,-0.008209086023271084,4.941580755257746e-06,3.1413516998291016,0.02725494685556137
0.31525229988619685,-0.01684386283159256,4.494952463574009e-06,3.1416900793658655,0.053158315042653004
0.38567829970270395,-0.0295468270778656,1.2847074231103761e-06,3.141871754323141,0.08734630237022914
0.45541449962183833,-0.046708520501852036,-4.81485858472297e-06,3.1419580618487757,0.13005066826484957
0.5256668999791145,-0.06850801408290863,-1.3163202311261557e-05,3.1419714132892054,0.17936535772900525
0.5953829996287823,-0.09497421979904175,-2.23975093831541e-05,3.141925636922018,0.2335076627813671
0.6656976998783648,-0.1260562241077423,-3.080544775002636e-05,3.1418402830706995,0.2920324260827179
0.73529849993065,-0.1803896129131317,-3.883989847963676e-05,3.1416946093188685,0.35468414815169247
0.8055651998147368,-0.21998468041419983,-4.048091432196088e-05,3.141623083745138,0.4148293771430993
0.8753578998148441,-0.2632334530353546,-4.057441765326075e-05,3.1415908336639404,0.47250431264893855
0.9454471999779344,-0.309639573097229,-4.0098660974763334e-05,3.1415822505950928,0.5290813919119581
1.0154670998454094,-0.3586321175098419,-3.967708471463993e-05,3.1415855884552,0.5794214446486026
1.0854787998832762,-0.4096129834651947,-3.9565900806337595e-05,3.141591787338257,0.6265482557386524
1.1557153998874128,-0.4619559645652771,-3.973481216235086e-05,3.141596857701437,0.666100453884432
1.2253663996234536,-0.5150291323661804,-3.994992221123539e-05,3.141596857701437,0.6974249862134446
1.295245699584484,-0.5682153105735779,-4.0038918086793274e-05,3.141591787338257,0.7231079248803485
1.365565599873662,-0.6209269762039185,-3.9587615901837125e-05,3.141580820083618,0.7397180181643914
1.4353688997216523,-0.6726254224777222,-3.859042772091925e-05,3.141571283340454,0.7450062671106596
1.5056936000473797,-0.7475389838218689,-3.67507673217915e-05,3.1415679454803467,0.7490668505235261
1.5758449998684227,-0.7959041595458984,-3.533723429427482e-05,3.1415586471557617,0.7421697585341971
1.6453146999701858,-0.8420892953872681,-3.2744574127718806e-05,3.141523599624634,0.730329570562328
1.7158416998572648,-0.8859553337097168,-2.7570384190767072e-05,3.1414496898651123,0.7114931469814315
1.7855295999906957,-0.927485466003418,-1.8126873328583315e-05,3.141327381134033,0.6900716711918634
1.8552003996446729,-0.9668220281600952,-3.01327327179024e-06,3.141159772872925,0.6642065603070548
1.9255737997591496,-1.0042842626571655,1.8391976482234895e-05,3.140974998474121,0.6399020689177326
1.9953970997594297,-1.0403860807418823,4.479503331822343e-05,3.140836477279663,0.6155640828158426
2.065886199939996,-1.0758529901504517,7.183137495303527e-05,3.1408731937408447,0.5937212172222024
2.135361099615693,-1.129318118095398,1.2434329619281925e-05,3.1444347540484827,0.5791967879019432
2.205443899612874,-1.1650418043136597,-0.0002300664345966652,3.1505869070636194,0.5683424086481375
2.275502699892968,-1.2008328437805176,-0.0008290642290376127,3.1616459528552454,0.560530065998262
2.345439199823886,-1.2365655899047852,-0.001921572140417993,3.1760416666613978,0.5533476819569124
2.415596399921924,-1.2721354961395264,-0.003565419465303421,3.1917710939990442,0.5493954425592897
2.485185199882835,-1.3074567317962646,-0.0057549444027245045,3.2072880903827112,0.5448654113753275
2.5554483998566866,-1.3424679040908813,-0.00844166986644268,3.221560303364889,0.5404776222003358
2.6253760997205973,-1.377130150794983,-0.011552045121788979,3.233912769948141,0.5358075619272816
2.6961252000182867,-1.4114248752593994,-0.014995427802205086,3.243810478840963,0.5312373754608246
2.765653899870813,-1.44535231590271,-0.018668150529265404,3.250780169163839,0.5261453983019013
2.835309899877757,-1.4956318140029907,-0.024363476783037186,3.2553003470050257,0.5212230018790786
2.905793699901551,-1.5288783311843872,-0.02816976048052311,3.2549482027636927,0.5164954843968641
2.975447599776089,-1.5618343353271484,-0.03182431310415268,3.2503681818591517,0.5116626651887684
3.04553629970178,-1.5945473909378052,-0.035198111087083817,3.2416518370257776,0.5063567990815019
3.1153664998710155,-1.6270707845687866,-0.038163039833307266,3.228734318410055,0.5029827496938779
3.1855639996938407,-1.6594592332839966,-0.04059246554970741,3.2116835753070276,0.49907278583953035
3.255443699657917,-1.691767692565918,-0.04236643761396408,3.1907241980182093,0.4956455825058425
3.325453700032085,-1.7240502834320068,-0.04337272047996521,3.1662045160876673,0.49162019348699204
3.395824699662626,-1.7563596963882446,-0.04351048544049263,3.138613700866699,0.4910302848105531
3.4653997998684645,-1.7887415885925293,-0.04269403964281082,3.108680486679077,0.4889710078785077
3.535484899766743,-1.8375051021575928,-0.039548471570014954,3.061169147491455,0.48942382799815454
3.605241899844259,-1.8700960874557495,-0.03617777302861214,3.0319862365722656,0.48993512145601625
3.67577590001747,-1.902857780456543,-0.03191205486655235,3.0054521560668945,0.49128487838737367
3.7452300996519625,-1.9358168840408325,-0.02671387419104576,2.9783380031585693,0.49364759966647476
3.8156551998108625,-1.9689637422561646,-0.020555559545755386,2.9512526988983154,0.49665267311318084
3.88561789970845,-2.002291440963745,-0.01345584262162447,2.9255826473236084,0.49934756926530754
3.9556554998271167,-2.0361106395721436,-0.005399063229560852,2.902324914932251,0.5044155273843567
4.025216399691999,-2.0696961879730225,0.0033335748594254255,2.8828682899475098,0.5085665909203032
4.0956055000424385,-2.1033172607421875,0.012665022164583206,2.8675808906555176,0.5122323285326552
4.165677699726075,-2.1369314193725586,0.022469444200396538,2.854576587677002,0.5155431590233159
4.235366299748421,-2.170525550842285,0.03275027498602867,2.8410956859588623,0.517796024333194
4.3057515998370945,-2.220832586288452,0.049149591475725174,2.8189055919647217,0.5209745518824651
4.37573179975152,-2.2542619705200195,0.06072806194424629,2.8050107955932617,0.5234395218885383
4.446530499961227,-2.2876553535461426,0.07277745753526688,2.7919270992279053,0.5255061869298117
4.51566579984501,-2.3210012912750244,0.08533404767513275,2.7777678966522217,0.5279493487903838
4.585733099840581,-2.354283571243286,0.09843981266021729,2.7625691890716553,0.5301013162421844
4.655525399837643,-2.3874902725219727,0.11212175339460373,2.7467799186706543,0.5322464576081192
4.725875000003725,-2.420614242553711,0.12639372050762177,2.730755090713501,0.534367588991915
4.795430399943143,-2.453650951385498,0.14126180112361908,2.714695930480957,0.5364118516096108
4.865915299858898,-2.4865968227386475,0.15672869980335236,2.698687791824341,0.5391627829255472
4.935615399852395,-2.5194482803344727,0.172795370221138,2.6827707290649414,0.541410563034187
5.005665799602866,-2.568519115447998,0.1980096399784088,2.6590659618377686,0.5439509698040885
5.075539799872786,-2.6010425090789795,0.21550385653972626,2.6450092792510986,0.546406287344607
5.145393699873239,-2.633500814437866,0.23348985612392426,2.6323533058166504,0.5490038620971136
5.215416199993342,-2.6658763885498047,0.2519962191581726,2.6187567710876465,0.5516497880490923
5.285607299767435,-2.6981420516967773,0.271062433719635,2.6041321754455566,0.5541952149548706
5.355398999992758,-2.7302772998809814,0.29071295261383057,2.5889317989349365,0.5569918194149324
5.425640400033444,-2.762268304824829,0.3109581768512726,2.5735244750976562,0.559719653628135
5.495411599986255,-2.79410457611084,0.33180052042007446,2.558093547821045,0.5563309113688533
5.565854399930686,-2.8262481689453125,0.3535695970058441,2.5423576831817627,0.5673223511833796
5.6354429996572435,-2.85774827003479,0.37562522292137146,2.526963233947754,0.5696586228400302
5.705444499850273,-2.904625177383423,0.40979498624801636,2.5040838718414307,0.5722296214169842
5.775657199788839,-2.935565233230591,0.4332280158996582,2.490358352661133,0.5747177824672339
5.84543879982084,-2.9663429260253906,0.4571472704410553,2.477607011795044,0.5771406822042549
5.915755099616945,-2.996918201446533,0.48159509897232056,2.463273525238037,0.5797230734923023
5.985511799808592,-3.027215003967285,0.5066141486167908,2.447038412094116,0.5821481209243492
6.05566079961136,-3.05717396736145,0.532254159450531,2.428989887237549,0.584468577525494
6.125838999636471,-3.0866873264312744,0.5586449503898621,2.404496192932129,0.5868267570384857
6.1956924996338785,-3.115419626235962,0.586310625076294,2.3608744144439697,0.5893875619425961
6.265800199937075,-3.1427531242370605,0.6161090135574341,2.294226884841919,0.5939365988416214
6.335827199742198,-3.1682162284851074,0.6486129760742188,2.2149674892425537,0.5991073614132005
6.405332800000906,-3.2023751735687256,0.7027238011360168,2.094853401184082,0.6099069239289872
6.47523449966684,-3.2223405838012695,0.7418234348297119,2.0308618545532227,0.6221666277411173
6.545177499763668,-3.2411458492279053,0.783310055732727,1.9868041276931763,0.637377054977749
6.615476799663156,-3.259049892425537,0.8270953297615051,1.9509294033050537,0.6553115382277168
6.685336099937558,-3.2762138843536377,0.8730397820472717,1.922284483909607,0.6755316208308748
6.7553581995889544,-3.2928898334503174,0.920867383480072,1.90268874168396,0.6965537706437289
6.825880100019276,-3.309420585632324,0.9701784253120422,1.8931573629379272,0.7175222421048895
6.895835199858993,-3.3261685371398926,1.020483374595642,1.8934122323989868,0.7366625204862463
6.965736099984497,-3.3434689044952393,1.0712299346923828,1.9027998447418213,0.7538206038949705
7.0355169996619225,-3.3616256713867188,1.1218044757843018,1.9212526082992554,0.7667903622612766
7.105535299982876,-3.391216278076172,1.196122646331787,1.9667530059814453,0.774813237758833
7.175781599711627,-3.4127302169799805,1.244009017944336,2.002596616744995,0.7779269018977583
7.245232800021768,-3.4356353282928467,1.2897635698318481,2.0487704277038574,0.775104244734648
7.31557729979977,-3.4603915214538574,1.3325797319412231,2.1147491931915283,0.766932666875722
7.386130400002003,-3.487511157989502,1.3715232610702515,2.20589542388916,0.7521366228257828
7.455469399690628,-3.5172626972198486,1.4057302474975586,2.316312074661255,0.7350192221431839
7.525649099610746,-3.5491855144500732,1.4348978996276855,2.4295575618743896,0.7133408062174231
7.595633899793029,-3.5826001167297363,1.4592995643615723,2.537916898727417,0.6897946628711844
7.66579379979521,-3.61714506149292,1.4793201684951782,2.642479658126831,0.6673472009066606
7.735529599711299,-3.6527254581451416,1.4953157901763916,2.7446422576904297,0.6466809960010801
7.805448999628425,-3.7082359790802,1.5122193098068237,2.8966853618621826,0.6290404845593155
7.875799699686468,-3.7466349601745605,1.5187478065490723,2.998685359954834,0.619048507325374
7.945744100026786,-3.7861101627349854,1.521325707435608,3.102281093597412,0.6126103543343424
8.015712299849838,-3.8263843059539795,1.5197194814682007,3.2078385988818567,0.6105031117947521
8.08563550002873,-3.866823434829712,1.5137509107589722,3.314894501362936,0.6109156497586571
8.155272599775344,-3.9063971042633057,1.5034939050674438,3.4219611326800745,0.6117107180417131
8.225636299699545,-3.944005012512207,1.4893691539764404,3.5271688143359583,0.6093142876235694
8.295715999789536,-3.9788997173309326,1.471987009048462,3.6292617956744593,0.6017947942893318
8.365532199852169,-4.010746479034424,1.4519505500793457,3.727795664464132,0.5934938685007932
8.43567209970206,-4.039545059204102,1.4297072887420654,3.8230846563922327,0.5818445701932005
8.505354699678719,-4.077507972717285,1.3925821781158447,3.962195936833517,0.5688537784878281
8.575747499708086,-4.099705219268799,1.3652795553207397,4.051254097615377,0.5585669945656675
8.645399099681526,-4.11956787109375,1.3359105587005615,4.140886847172872,0.5514204087791228
8.715256099589169,-4.136979103088379,1.3040657043457031,4.235800806676046,0.5501916449709331
8.78521759994328,-4.1517252922058105,1.269496202468872,4.333359543477194,0.5535802789877227
8.855443199630827,-4.163642883300781,1.2321869134902954,4.42286986509432,0.561898944457911
8.925656599923968,-4.173225402832031,1.192446231842041,4.487955037747518,0.5748415087198578
8.995227699633688,-4.181451320648193,1.1507010459899902,4.522637788449423,0.590657619833467
9.065687299706042,-4.1893839836120605,1.107342004776001,4.5304638783084314,0.6082495854818323
9.135402799583972,-4.197908401489258,1.0627658367156982,4.5185152927981775,0.6263734765952877
9.205254300031811,-4.213089942932129,0.9945881962776184,4.478223745022909,0.6442486579214582
9.275409800000489,-4.225071430206299,0.9489696025848389,4.448133412991659,0.6598574338658563
9.345628499984741,-4.23865270614624,0.9032920598983765,4.413645927106039,0.6737635141948715
9.415464599616826,-4.254217624664307,0.8579708933830261,4.369100038205282,0.6851095660519964
9.485642099753022,-4.272176265716553,0.8133949637413025,4.314729158078329,0.6939203667917718
9.55570669984445,-4.29280424118042,0.7699344754219055,4.253111187611715,0.7008657039813226
9.625532299745828,-4.3162641525268555,0.7278356552124023,4.187180821095602,0.706431790962279
9.695828899741173,-4.342597961425781,0.6872627139091492,4.119936768208639,0.7112123765170747
9.765671399887651,-4.371744632720947,0.6482742428779602,4.054639641438619,0.7144436649175216
9.835633699782193,-4.403619289398193,0.6107136607170105,3.994715992604391,0.7215287862957587
9.905703600030392,-4.455504894256592,0.5569881200790405,3.9223201910602015,0.7277101454749522
9.975387400016189,-4.492120742797852,0.5225781798362732,3.8917880694018763,0.7339270225905923
10.045459899585694,-4.529531955718994,0.48833999037742615,3.8820505777942103,0.7408518517236036
10.115629999898374,-4.567206859588623,0.45391395688056946,3.8832390944110315,0.7470096399768293
10.185302999801934,-4.605225563049316,0.4190579056739807,3.8814714590655726,0.7533459000198997
10.255461399909109,-4.6444597244262695,0.3839428126811981,3.8662968317614954,0.7627162530127409
10.325383299961686,-4.685628414154053,0.34876516461372375,3.8421202341662806,0.7752277960324767
10.395494899712503,-4.729114055633545,0.31353941559791565,3.8162861506091517,0.791267223484124
10.4653514996171,-4.77502965927124,0.27812764048576355,3.7934964338885706,0.8106875101947206
10.535294599831104,-4.823336601257324,0.2423507422208786,3.775055710469381,0.8336034833722796
10.605602799914777,-4.899841785430908,0.18789967894554138,3.7535482088672083,0.8598920246850931
10.67518199980259,-4.952778339385986,0.15140581130981445,3.743509117756979,0.8810193554377574
10.745647199917585,-5.007519721984863,0.11421997100114822,3.736483399068014,0.9142031001691261
10.8154733995907,-5.063920021057129,0.07654327899217606,3.7282963434802454,0.9399672592113106
10.885373099707067,-5.121796131134033,0.038638897240161896,3.7191107908831995,0.9639667912598363
10.955449400004,-5.1808695793151855,0.0007031154236756265,3.710470739995138,0.9863469511108451
11.02562309987843,-5.240777015686035,-0.03713703155517578,3.7034311930285853,1.0054122356634505
11.095603299792856,-5.301119804382324,-0.07476663589477539,3.697995964680807,1.021526929803269
11.165721099823713,-5.361505031585693,-0.11204283684492111,3.693653408681051,1.0323070852328167
11.235692999791354,-5.4215569496154785,-0.14879876375198364,3.689986054097311,1.038295445522385
11.305329700000584,-5.510389804840088,-0.20268702507019043,3.685431782399313,1.0384317112393173
11.375498599838465,-5.568749904632568,-0.23783710598945618,3.6833935419665735,1.0339375677038394
11.445351999718696,-5.625715732574463,-0.27205923199653625,3.6823304335223597,1.0252338262879594
11.515820199623704,-5.681033611297607,-0.30522337555885315,3.6814337412463587,1.0106719456738693
11.585633900016546,-5.734507083892822,-0.33722060918807983,3.6806371847735804,0.9914880968643675
11.655331199988723,-5.785998821258545,-0.3679875433444977,3.6800742785083216,0.9686308440744302
11.72577519994229,-5.835443019866943,-0.39750534296035767,3.6797245184527796,0.9425447014103396
11.795770999975502,-5.882863521575928,-0.42579421401023865,3.679359261189596,0.9138793919366206
11.865445799659938,-5.928386211395264,-0.45291441679000854,3.678627316151754,0.8839027453628338
11.93560229986906,-5.9722490310668945,-0.47897231578826904,3.677150551472799,0.8525500971079342
12.005363799631596,-6.035836219787598,-0.516487717628479,3.673030678425924,0.8252083693878607
12.07533869985491,-6.077616214752197,-0.5409092307090759,3.669638220463888,0.8003525459518033
12.145741199608892,-6.1188645362854,-0.5648807287216187,3.6682549158679407,0.7791756249431653
12.21544719999656,-6.159395217895508,-0.5885906219482422,3.67316180864443,0.7604319613204084
12.285289799794555,-6.198827266693115,-0.6122139692306519,3.6851287523852747,0.7428006955753506
12.355475399643183,-6.236887454986572,-0.6358361840248108,3.7016170660602015,0.7250804880183821
12.425676199607551,-6.273418426513672,-0.6594399213790894,3.720018450413839,0.7069478626512712
12.495365399867296,-6.30835485458374,-0.6829502582550049,3.7385862509356897,0.6880420870478449
12.565318400040269,-6.341705322265625,-0.7062748670578003,3.7562065760241907,0.6687075156050979
12.636078299954534,-6.373518943786621,-0.7293079495429993,3.7719529310809534,0.6481813438829344
12.705562699586153,-6.418732166290283,-0.7631964683532715,3.790474239979879,0.627744002800013
12.775494899600744,-6.447721004486084,-0.7854892611503601,3.7982526461230677,0.6063131934367283
12.845659599639475,-6.475700378417969,-0.8071432113647461,3.80001408258547,0.5888747448273235
12.915516899898648,-6.502767086029053,-0.8279947638511658,3.7963548342334192,0.5697440001334321
12.985621399711818,-6.529173374176025,-0.8479936718940735,3.786375347767965,0.55131647002988
13.055291299708188,-6.555146217346191,-0.8670417070388794,3.768970791493551,0.5343767910230206
13.125749299768358,-6.580922603607178,-0.8850333094596863,3.743483606969015,0.518813935886575
13.195617499761283,-6.6067376136779785,-0.9018629193305969,3.70980412164797,0.5046475943224059
13.265440299641341,-6.63281774520874,-0.9174293279647827,3.668339792882101,0.492407644883743
13.33533289982006,-6.659374237060547,-0.931638777256012,3.6199868361102503,0.48168431491031444
13.405582199804485,-6.700481414794922,-0.950215220451355,3.5378554503070276,0.4740947150487118
13.475239199586213,-6.728814601898193,-0.9607384204864502,3.4848721663104456,0.46922955271434214
13.545387499965727,-6.75797700881958,-0.9699307680130005,3.4340067545520228,0.4664955268411823
13.61543169990182,-6.788106441497803,-0.9777080416679382,3.380747143422262,0.46659990387344896
13.685767499729991,-6.819295406341553,-0.9839746356010437,3.326514546071188,0.4690705594518508
13.755384699907154,-6.851576328277588,-0.9886837005615234,3.273763958607809,0.4743378055895452
13.82538879988715,-6.88489294052124,-0.9918443560600281,3.224586788808004,0.48122202542944914
13.895789899863303,-6.919122219085693,-0.9935218691825867,3.180244747792379,0.48944409350341883
13.965261099860072,-6.954074382781982,-0.9938218593597412,3.141127109527588,0.4980224692570765
14.035682999994606,-6.989469051361084,-0.9928761720657349,3.106957197189331,0.5064463167667234
14.106232199817896,-7.042633056640625,-0.9894387125968933,3.0629892349243164,0.5129317026224645
14.175332499668002,-7.07786226272583,-0.9858705401420593,3.0323071479797363,0.5175293181243826
14.245373299811035,-7.1127753257751465,-0.9810525178909302,2.993210792541504,0.520154433568066
14.315508099738508,-7.14727783203125,-0.9746255278587341,2.9440407752990723,0.5215780966984056
14.38575359992683,-7.18129825592041,-0.9663466215133667,2.888432264328003,0.5224219482420505
14.455604499671608,-7.214791774749756,-0.9561076760292053,2.8303048610687256,0.5234878574759745
14.525485999882221,-7.247748374938965,-0.9439007639884949,2.772753953933716,0.5244301248454116
14.595532199833542,-7.28018856048584,-0.9297868609428406,2.7180802822113037,0.5258818751678609
14.665426699910313,-7.312163352966309,-0.9138731360435486,2.668006658554077,0.5283984104610692
14.735490199644119,-7.343729496002197,-0.896317720413208,2.6238927841186523,0.5316919406911943
14.805348599795252,-7.390461444854736,-0.8673426508903503,2.569815158843994,0.5360844625108003
14.875428800005466,-7.421180725097656,-0.8466259837150574,2.543604850769043,0.5411020621984232
14.945459199603647,-7.451909065246582,-0.8251204490661621,2.527742862701416,0.5465645452177371
15.015425399877131,-7.4827141761779785,-0.8030069470405579,2.5167295932769775,0.5521324072433398
15.085855799727142,-7.513624668121338,-0.7804408073425293,2.509782075881958,0.5576318485351317
15.155342699959874,-7.544671535491943,-0.7576022744178772,2.5073530673980713,0.5614161872848061
15.225535699632019,-7.575892925262451,-0.7346931099891663,2.5097787380218506,0.5676748772242655
15.295503899920732,-7.6073222160339355,-0.7119222283363342,2.5169801712036133,0.5698822682355322
15.365559499710798,-7.638986587524414,-0.6894868612289429,2.5285873413085938,0.5744050177705258
15.435355399735272,-7.670902729034424,-0.6675643920898438,2.544034481048584,0.5745326836205273
15.505423799622804,-7.719282627105713,-0.635941207408905,2.572735071182251,0.5763303995974679
15.57521259970963,-7.751890182495117,-0.6157510876655579,2.5916059017181396,0.5760885484261231
15.64547049999237,-7.78464412689209,-0.5962851047515869,2.61032772064209,0.5749389579153514
15.715476399753243,-7.817562580108643,-0.5776124596595764,2.6310441493988037,0.5730780746763642
15.78581459959969,-7.850647926330566,-0.5597771406173706,2.6525356769561768,0.5707656765542255
15.855655099730939,-7.883892059326172,-0.5427350401878357,2.6725785732269287,0.5681974124142245
15.925409199669957,-7.917256832122803,-0.5263618230819702,2.6888539791107178,0.5655154436327322
15.99582659965381,-7.950686931610107,-0.5104541778564453,2.6991333961486816,0.5613748794277245
16.065551499836147,-7.984107494354248,-0.49473199248313904,2.7012481689453125,0.560448948743255
16.135617999825627,-8.017424583435059,-0.47887057065963745,2.694530963897705,0.5588240816473371
16.205611699726433,-8.067025184631348,-0.45431002974510193,2.6745951175689697,0.5578113920401822
16.275673700030893,-8.099812507629395,-0.4373520612716675,2.6611740589141846,0.5568396926959867
16.345461199991405,-8.13241195678711,-0.41997066140174866,2.648531675338745,0.5559906249927578
16.415220599621534,-8.164831161499023,-0.40213972330093384,2.6353983879089355,0.5555932943799947
16.485749299637973,-8.197078704833984,-0.3838435709476471,2.6223201751708984,0.5556313860418903
16.555688299704343,-8.229181289672852,-0.3650989532470703,2.610283374786377,0.5565546230382011
16.62572419969365,-8.261178016662598,-0.34595397114753723,2.600158214569092,0.5566746927551697
16.69562579970807,-8.293121337890625,-0.3264801800251007,2.5925567150115967,0.5552109703795913
16.765791999641806,-8.325068473815918,-0.3067638874053955,2.587874412536621,0.5587300986673448
16.83560819970444,-8.357078552246094,-0.28690600395202637,2.586369037628174,0.5620435007529426
16.905586099717766,-8.405318260192871,-0.25710248947143555,2.589905261993408,0.563271882124853
16.97571889963001,-8.437642097473145,-0.23735523223876953,2.5947015285491943,0.5645289315080604
17.045741299632937,-8.470161437988281,-0.21779921650886536,2.6025829315185547,0.5655846696071127
17.115498499944806,-8.50292682647705,-0.19856254756450653,2.6139931678771973,0.5667619471717571
17.185616499744356,-8.535977363586426,-0.1797744780778885,2.6287994384765625,0.567720288547824
17.255324899684638,-8.56934642791748,-0.16155606508255005,2.6466681957244873,0.5646630222916863
17.325731199700385,-8.603057861328125,-0.1440153867006302,2.66733455657959,0.5697196708248629
17.395555899944156,-8.637114524841309,-0.12725761532783508,2.6902928352355957,0.5697189078474152
17.465804900042713,-8.671506881713867,-0.11136137694120407,2.715050458908081,0.5693609853305318
17.535437699873,-8.706219673156738,-0.09639761596918106,2.7413387298583984,0.5663821341175382
17.60551009979099,-8.759038925170898,-0.07574376463890076,2.782850980758667,0.567565492895689
17.675448099616915,-8.794454574584961,-0.06324075907468796,2.8076539039611816,0.5665509479636166
17.745274899993092,-8.82996654510498,-0.05157236382365227,2.8297932147979736,0.5650022424504046
17.81537129962817,-8.865528106689453,-0.0407833568751812,2.853022336959839,0.5633004743577733
17.88555260002613,-8.90107250213623,-0.03091774322092533,2.8767764568328857,0.5608239023397765
17.955577599816024,-8.936497688293457,-0.021961785852909088,2.8994033336639404,0.5575045669556296
18.02561779972166,-8.971667289733887,-0.013844933360815048,2.919387102127075,0.5536599181628046
18.09551170002669,-9.006415367126465,-0.0064536044374108315,2.9355220794677734,0.5482836459763305
18.165330299641937,-9.040990829467773,0.00031741528073325753,2.953911304473877,0.5434491658019736
18.235470399726182,-9.076115608215332,0.006278679706156254,2.981459140777588,0.5411857960898432
18.30556479981169,-9.13094711303711,0.013206400908529758,3.033818483352661,0.54399444495118
18.375636199954897,-9.168911933898926,0.016359776258468628,3.0652272701263428,0.5508971603865701
18.445793399587274,-9.208703994750977,0.018636321648955345,3.090092182159424,0.5626211963932924
18.51559769967571,-9.25045108795166,0.02008627913892269,3.1118481159210205,0.5783656594515182
18.585394299589097,-9.294147491455078,0.020749399438500404,3.1306164264678955,0.5978482658269104
18.655502299778163,-9.339658737182617,0.02069733664393425,3.146142069493429,0.6175263408395312
18.72559679998085,-9.386758804321289,0.020022273063659668,3.1586759726153772,0.639632787448081
18.79599400004372,-9.435064315795898,0.018815865740180016,3.1688132921801966,0.6627299839953089
18.865641599986702,-9.484163284301758,0.017161233350634575,3.1771729628192347,0.6808049655869405
18.935456899926066,-9.533557891845703,0.015132046304643154,3.1843186060534876,0.6965405053206714
19.005648399703205,-9.607138633728027,0.011522763408720493,3.193575922642843,0.7063265392417071
19.07530319970101,-9.655436515808105,0.008822817355394363,3.198357407246725,0.7106823668096063
19.14559039985761,-9.702298164367676,0.00603419030085206,3.201914374028341,0.7098196025923714
19.215605499688536,-9.747129440307617,0.0032103918492794037,3.2053893248187464,0.7002039808018989
19.28541579982266,-9.789358139038086,0.00040451643872074783,3.208808247243063,0.6844498427794075
19.35565139958635,-9.828451156616211,-0.002323511987924576,3.2121105829821985,0.6601991784014688
19.425618699751794,-9.86392879486084,-0.004916376434266567,3.215452257786886,0.6277804909704197
19.495857500005513,-9.895387649536133,-0.007327620405703783,3.2191432158099573,0.5899240220575412
19.565580599941313,-9.922511100769043,-0.009518560022115707,3.2234635988818567,0.5444785460819559
19.635417299810797,-9.945091247558594,-0.011451572179794312,3.228431526814596,0.49334875295722014
19.70542069990188,-9.970870971679688,-0.013823799788951874,3.2361109892474573,0.434671554297927
19.775613399688154,-9.984268188476562,-0.015136342495679855,3.2401142756091517,0.37644656666612314
19.845639699604362,-9.993331909179688,-0.016045909374952316,3.241617027913229,0.31653500132254186
