time,reference_index,v1,v2,delta_command,acceleration_command,solver_status,solver_success,solve_time
0.045942199998535216,0,-0.8062700364780847,0.0001462402728498383,0.284786965158874,0.8062692466660698,OPTIMAL,1,0.003418200009036809
0.11643029999686405,7,-0.9791047054419142,0.00020271062722065225,-0.3008176259753855,0.9791039077352817,OPTIMAL,1,0.0014032000035513192
0.18625530001008883,14,-1.0000039984630766,-0.00034833723230151954,0.3900599685089071,0.9999999999792436,OPTIMAL,1,0.0017259999876841903
0.2561215999885462,21,-1.0000139621649158,0.0016173881739249645,-0.29265124627345107,0.9999999994427764,OPTIMAL,1,0.002347399975406006
0.32597040000837296,28,-1.0000185510305506,0.0032392503628580678,-0.15115275177852164,0.9999999999830056,OPTIMAL,1,0.0015228000120259821
0.3960097999952268,35,-1.0004041494638805,-0.013968550943026906,0.3241804906837976,0.999999999927508,OPTIMAL,1,0.0013137999922037125
0.46616420001373626,42,-1.0000405946442306,-0.007386344874867596,0.06871303707988081,0.9999999994922557,OPTIMAL,1,0.003925199998775497
0.5363660000148229,49,-0.9870480930743096,0.02446167573052755,-0.16850018509733047,0.9862217993660348,OPTIMAL,1,0.0017392000008840114
0.6065925000002608,56,-0.8544441858407922,0.022744845981550195,-0.08141697566586424,0.8540689742725572,OPTIMAL,1,0.001561200013384223
0.6764856000081636,63,-0.6888570318240489,-0.011029285697183627,0.030629012167481588,0.688707508298079,OPTIMAL,1,0.0013749000208918005
0.7465047999867238,70,-0.33731161799467635,-0.023401178848301108,0.034575362667450704,0.33701194285519814,OPTIMAL,1,0.0015484000032301992
0.8161987999919802,77,-0.1622919156481393,-0.014043894775215875,0.014930719794647907,0.16222587956936704,OPTIMAL,1,0.0015232999867293984
0.8863672000006773,84,-0.011577428121748553,-0.0029741049022322945,0.0025324757013342296,0.011580463061316456,OPTIMAL,1,0.0011205999762751162
0.9561249999969732,91,0.11609022502819584,0.0026314055107144406,-0.001721428844406489,-0.11609764727073543,OPTIMAL,1,0.0013682999997399747
1.026071000000229,98,0.21313273295914212,0.0042473107008929,-0.0024840542929765123,-0.21314493813832505,OPTIMAL,1,0.0011693999986164272
1.0965605000092182,105,0.2737701820065375,0.004230239097876807,-0.002317172163313232,-0.27378041976043466,OPTIMAL,1,0.001461399981053546
1.1662254999973811,112,0.3157836608573405,0.003782017186290137,-0.0019972136114707792,-0.3157909770448798,OPTIMAL,1,0.0012786000152118504
1.2359331999905407,119,0.32272294421441344,0.0031938868018430953,-0.0017046870067503495,-0.3227278166775077,OPTIMAL,1,0.0011132999788969755
1.3064846000052057,126,0.30983318177416797,0.0024974400551557347,-0.0013673407100190727,-0.30983614116285435,OPTIMAL,1,0.0015411999775096774
1.3763856000150554,133,0.277971100409757,0.0015720767620643358,-0.0008712245703606127,-0.2779725141333617,OPTIMAL,1,0.0014047000149730593
1.4462126000144053,140,0.370178569477024,0.00018749194379387177,4.779216749130323e-05,-0.37017861066760066,OPTIMAL,1,0.0018273000023327768
1.516318100009812,147,0.3100911406036641,-0.0016033610974370768,0.0013182556887925052,-0.3100900975470388,OPTIMAL,1,0.0010818000009749085
1.5863494999939576,154,0.23255890583439412,-0.004006831527318268,0.0032543076505128646,-0.23255591709845988,OPTIMAL,1,0.001600399991730228
1.6560786000045482,161,0.14743339842331746,-0.007139909921562346,0.006050891096316657,-0.14742536496196743,OPTIMAL,1,0.0016975999751593918
1.7263351999863517,168,0.059843612394581525,-0.01103766597579141,0.009817084463447456,-0.05982286126398709,OPTIMAL,1,0.0010882000206038356
1.7964016000041738,175,-0.019288032522750784,-0.015615183163491392,0.014423011986119103,0.019337085917771984,OPTIMAL,1,0.0010882999922614545
1.8663840999943204,182,-0.08726447982481676,-0.020685158975309086,0.019563745563066105,0.08736875041528115,OPTIMAL,1,0.0015248999989125878
1.9363299999968149,189,-0.1426513178868041,-0.025967680932719266,0.02478967505586696,0.14285075705284594,OPTIMAL,1,0.0033463999861851335
2.006603099987842,196,-0.17605208443860648,-0.030997417690055196,0.02931449644590314,0.17639703775220678,OPTIMAL,1,0.004904000001261011
2.0763880999875255,203,-0.18214346829705955,-0.03520300478874835,0.032421194852308925,0.18268540070069167,OPTIMAL,1,0.0012323999835643917
2.1460836000042036,210,-0.04141205033401205,-0.029583532596560984,0.02830142631398518,0.042116419851761316,OPTIMAL,1,0.0020567000028677285
2.21607049999875,217,-0.025279620108404323,-0.03188014767921268,0.030313300447366173,0.026210163401185378,OPTIMAL,1,0.0011780999775510281
2.2861718999920413,224,-0.008629471103817135,-0.034188445812513575,0.03251537386194717,0.009810201952785539,OPTIMAL,1,0.001571100001456216
2.3559705000079703,231,0.007465401241257291,-0.03476054212943822,0.03323493194571137,-0.006061131130293837,OPTIMAL,1,0.0011164999741595238
2.4264753999887034,238,0.020345968625324676,-0.03319198182160871,0.03210495311270629,-0.01879698599551739,OPTIMAL,1,0.0018832999921869487
2.496341799997026,245,0.032725788903136384,-0.029233386754658027,0.028903024333031928,-0.03116866608127853,OPTIMAL,1,0.001342800009297207
2.5663999000098556,252,0.0430175415278165,-0.022971746736268738,0.023654503103720338,-0.04163538837650936,OPTIMAL,1,0.0014526000013574958
2.636452700011432,259,0.04761411312444373,-0.01475151334885624,0.016459682283478726,-0.04661332602469152,OPTIMAL,1,0.0010926999966613948
2.7061579000146594,266,0.047930887630562136,-0.004686680746958447,0.0072936002581503465,-0.04752354730640047,OPTIMAL,1,0.001129300013417378
2.77642380000907,273,0.043950301184965304,0.006984817635767368,-0.0037754380181413026,-0.04432041167525538,OPTIMAL,1,0.00110530000529252
2.8460070000146516,280,0.1653423966609758,0.02803532934106594,-0.01598166686403045,-0.16685264593676125,OPTIMAL,1,0.0012806000013370067
2.9162166999885812,287,0.14820589006080284,0.041691695930410326,-0.030604226417174467,-0.15061996178891077,OPTIMAL,1,0.001136499980930239
2.9861077000095975,294,0.11779832641144526,0.05555795949251948,-0.04714326256254658,-0.12100269600560508,OPTIMAL,1,0.001188700000056997
3.0567191999871284,301,0.07673769122367281,0.06934267343346898,-0.06513867784608034,-0.0804639371973746,OPTIMAL,1,0.001217999990331009
3.1261953999928664,308,0.030093332558122597,0.08284451026236034,-0.08362784650925224,-0.03391210236052322,OPTIMAL,1,0.0017239000007975847
3.1963680000044405,315,-0.01640761577744876,0.09571313481131634,-0.10108120466250442,0.01307531746937098,OPTIMAL,1,0.0013052999856881797
3.266173899988644,322,-0.0608682123601129,0.10741015751784669,-0.11613179272782302,0.05869633825735645,OPTIMAL,1,0.0011821999796666205
3.3364273000042886,329,-0.09867333961210742,0.11748914588080292,-0.1272546592552128,0.09834056988829991,OPTIMAL,1,0.0012384000001475215
3.4061280000023544,336,-0.12785048437021013,0.1255096272157491,-0.13365072115379534,0.12993529770367965,OPTIMAL,1,0.0012251999869477004
3.476540500007104,343,-0.1507492071583264,0.13135495083776702,-0.13581195525557044,0.15564237041671128,OPTIMAL,1,0.004699899989645928
3.5460465000069235,350,-0.025656208371741006,0.10343936661112438,-0.10760355853647413,0.03303424097744533,OPTIMAL,1,0.0013532000011764467
3.615982499992242,357,-0.029240138592745178,0.10631790861920946,-0.1076751770121076,0.038946308467167734,OPTIMAL,1,0.0011578999983612448
3.6860410000081174,364,-0.034497900990062585,0.11382564033640369,-0.11232810105069191,0.04688273779651711,OPTIMAL,1,0.001173900003777817
3.7560055000067223,371,-0.040831441451600024,0.12029657732286003,-0.11549539415816039,0.05604684932179265,OPTIMAL,1,0.00113640000927262
3.826170699991053,378,-0.04777605350222632,0.1246673079889876,-0.11615718892186622,0.06578874071836269,OPTIMAL,1,0.0015941000019665807
3.896113900002092,385,-0.05135961010864029,0.12655115202720965,-0.11425005217378759,0.07196029256422444,OPTIMAL,1,0.0013731000071857125
3.9662094000086654,392,-0.05267743848143976,0.12661648858296784,-0.1107225694078051,0.07559416257878786,OPTIMAL,1,0.0011173999810125679
4.0363662999880034,399,-0.05771208397898565,0.1267454374477088,-0.10707303303868432,0.08280671000114839,OPTIMAL,1,0.0035478000063449144
4.106517800013535,406,-0.05454405127605868,0.12483096434416312,-0.10247452474518537,0.08145005541913491,OPTIMAL,1,0.0032999000104609877
4.176123899989761,413,-0.04835219472335947,0.12207343979555114,-0.09792534638214916,0.07682258481104967,OPTIMAL,1,0.003009300009580329
4.246196899999632,420,0.08648435177855908,0.06416582903689459,-0.0770569258409551,-0.0658005022257212,OPTIMAL,1,0.0011113999935332686
4.316062500001863,427,0.0915650985309165,0.06348484216766867,-0.07728198659625023,-0.06949072928130531,OPTIMAL,1,0.0011856999772135168
4.386571700015338,434,0.08192417003251824,0.07217954501826852,-0.08240645705631996,-0.05645987552471883,OPTIMAL,1,0.0011882000253535807
4.456203600013396,441,0.06265038204912045,0.0840464897907548,-0.0877181578922615,-0.03308913415849407,OPTIMAL,1,0.001211199996760115
4.526337699993746,448,0.038108609742179625,0.09668002571606998,-0.0917863489783997,-0.004245579703873188,OPTIMAL,1,0.001725800015265122
4.596317199990153,455,0.007679197536064066,0.11038021330212182,-0.09455354689863608,0.030698142436004817,OPTIMAL,1,0.002456299989717081
4.666236999997636,462,-0.015254696260570974,0.1204332074628817,-0.09486001894067798,0.057474652061386,OPTIMAL,1,0.0011609999928623438
4.736017499992158,469,-0.03941786190564331,0.13034259736706516,-0.09396111077735755,0.08539886563420591,OPTIMAL,1,0.001193900010548532
4.806463799992343,476,-0.05905873987608944,0.1382644715318124,-0.091844233957175,0.1083743532437226,OPTIMAL,1,0.0015332000039052218
4.876343600015389,483,-0.07139589027654218,0.14306932863900015,-0.0886881048126684,0.1233585257378085,OPTIMAL,1,0.0010681000130716711
4.946216000011191,490,0.04487025996660521,0.06785875741926499,-0.0691639329090953,-0.01141671444610861,OPTIMAL,1,0.0010711000068113208
5.016311799990945,497,0.03941124248218038,0.07157788264428291,-0.06908036219093112,-0.0036834146291166298,OPTIMAL,1,0.0010891999991144985
5.086330799997086,504,0.0308557367474712,0.08210069415934945,-0.07298003875141464,0.009772675764454671,OPTIMAL,1,0.0010853999992832541
5.156197700009216,511,0.01846025741538128,0.09471705458345397,-0.07679491043493625,0.027775886629360633,OPTIMAL,1,0.0014977999962866306
5.226373400015291,518,0.00570023801312118,0.10666989256523535,-0.07948025699876254,0.04599394131919211,OPTIMAL,1,0.001160199986770749
5.296215899987146,525,-0.008217497252124274,0.11896042260284143,-0.08155701098333402,0.06556863869331059,OPTIMAL,1,0.0015378000098280609
5.366391799994744,532,-0.020582651456512654,0.13125079900834852,-0.08370488047686495,0.08395893247342467,OPTIMAL,1,0.0033996999845840037
5.4364853000151925,539,-0.02963908014466325,0.14371096008179984,-0.08672320576804264,0.0997786931513529,OPTIMAL,1,0.0036405999853741378
5.5064052999950945,546,-0.022402884406747575,0.14928476474168978,-0.09020748866734318,0.09837876020667621,OPTIMAL,1,0.0011829000141005963
5.575966800010065,553,-0.017273919473185646,0.1602640972344496,-0.09665489856354367,0.1020552093918298,OPTIMAL,1,0.0010178000084124506
5.646221700008027,560,0.10597538464183129,0.068305893487935,-0.08863542110598882,-0.048151929926628964,OPTIMAL,1,0.0011709000100381672
5.71597859999747,567,0.11453878725634548,0.0887266281667412,-0.1040847932158707,-0.04099520172119007,OPTIMAL,1,0.0011688999948091805
5.785998600011226,574,0.11831954006966783,0.12372148661882792,-0.12614711552887217,-0.020352779833380796,OPTIMAL,1,0.0011709000100381672
5.8563344000140205,581,0.11792139404753979,0.1654536164879044,-0.14949629225133604,0.009628339365069682,OPTIMAL,1,0.001247700012754649
5.926592700008769,588,0.11214456904352768,0.2123184604043913,-0.1720884635676098,0.049547254147897096,OPTIMAL,1,0.0012046000047121197
5.99614850000944,595,0.10123276971214283,0.26251364591432763,-0.1921232781185269,0.0984676926209681,OPTIMAL,1,0.0019558999920263886
6.066363699996145,602,0.09036689313073969,0.30908265608872937,-0.20628804541051662,0.14799052424247705,OPTIMAL,1,0.001115799997933209
6.136311400012346,609,0.076765984765572,0.35152084996097277,-0.21304269704882622,0.19936741713305706,OPTIMAL,1,0.0016095000028144568
6.206135299988091,616,0.06150588479094648,0.3858380275003545,-0.2106636463189627,0.24794821757591012,OPTIMAL,1,0.0012475000112317502
6.276479799998924,623,0.04487277346241899,0.4088181841392493,-0.19862711036578184,0.2895626197332193,OPTIMAL,1,0.0013010000111535192
6.34651259999373,630,0.08370283649126152,0.24690567853158507,-0.13888782792948548,0.15362556599833999,OPTIMAL,1,0.0012331000179983675
6.416255199990701,637,0.06430191177597638,0.24992923642384715,-0.12084715052385474,0.1745411939852878,OPTIMAL,1,0.0012301999959163368
6.486051899992162,644,0.05053870288988976,0.25554595357708937,-0.10805128463011344,0.19201755393826975,OPTIMAL,1,0.0011953000212088227
6.556147399998736,651,0.03394267549081229,0.24849719264552816,-0.09054323773310988,0.19874042017298607,OPTIMAL,1,0.0011411999876145273
6.626242700003786,658,0.012101692965345488,0.22678281995503086,-0.06781240057393914,0.1935879709824296,OPTIMAL,1,0.0010939000057987869
6.696458399994299,665,-0.011319911151925982,0.1857919895009069,-0.0414809523519746,0.17018322802327246,OPTIMAL,1,0.001134299993282184
6.7663919999904465,672,-0.035018572457589985,0.12727266426816675,-0.013644514642769466,0.1294737885075362,OPTIMAL,1,0.001280399999814108
6.836432000010973,679,-0.059433513710532404,0.05676608624926118,0.014538834874998538,0.07718691305148077,OPTIMAL,1,0.002865699992980808
6.90637370001059,686,-0.07501501059718123,-0.04122080453418624,0.04247379246064503,-0.0038167277808018735,OPTIMAL,1,0.0019690000044647604
6.97624829999404,693,-0.09002859095014687,-0.14661837916650328,0.07069552809385496,-0.09067710068541796,OPTIMAL,1,0.0011562000145204365
7.046191900008125,700,0.005073937782285987,-0.4099125272306787,0.08939134259400187,-0.36444814079619164,OPTIMAL,1,0.0013418000016827136
7.116119000012986,707,-0.01468221194641113,-0.5132982738444456,0.12437832602545368,-0.44145661572994366,OPTIMAL,1,0.001202599989483133
7.1861912999884225,714,-0.05000890085292867,-0.598380048006266,0.1668914971156997,-0.4900942394894417,OPTIMAL,1,0.0011033999908249825
7.256545899988851,721,-0.09569626767747175,-0.6627554845667525,0.2161257288650896,-0.5084162151054497,OPTIMAL,1,0.0011888000008184463
7.326082799991127,728,-0.14978081280863614,-0.7072529495798675,0.27240708272070585,-0.49605955910514954,OPTIMAL,1,0.0011206000053789467
7.396268300013617,735,-0.21055598505720322,-0.7339700875501968,0.3354643341517964,-0.45386995831869725,OPTIMAL,1,0.0010971000010613352
7.46624479998718,742,-0.27725563195613684,-0.7441745847235884,0.4044760617763504,-0.38184765845575847,OPTIMAL,1,0.0028984999808017164
7.5362762000004295,749,-0.3388739729048545,-0.7498958847279011,0.47282153728203813,-0.2954141237786637,OPTIMAL,1,0.0012675000180024654
7.606260200001998,756,-0.379202518554003,-0.7257390760267932,0.5235978823250703,-0.19028657108801222,OPTIMAL,1,0.0016909000114537776
7.676262900000438,763,-0.3698036499605001,-0.6396491682913396,0.5235999972776832,-0.08017226079527823,OPTIMAL,1,0.00126090002595447
7.746053300012136,770,-0.27309763250520386,-0.6297340186068972,0.5235998193409672,-0.065339232086459,OPTIMAL,1,0.0014070999750401825
7.815995200013276,777,-0.2810354409822689,-0.5794911213224978,0.5235999951638547,0.020533503956957827,OPTIMAL,1,0.0013630000175908208
7.8859374999883585,784,-0.2848194797007689,-0.5509306067992484,0.5235999989549209,0.08781196191017576,OPTIMAL,1,0.0019795999978668988
7.956186600000365,791,-0.2756692478320605,-0.5428527657284903,0.5235999996752098,0.13290796510360856,OPTIMAL,1,0.0014078000094741583
8.026312500005588,798,-0.24746538453553785,-0.5515127095863546,0.5235999980919729,0.1545627252412995,OPTIMAL,1,0.0014461999817285687
8.096489399991697,805,-0.2007917345497687,-0.5690914245511819,0.5235999999367165,0.1576698837706641,OPTIMAL,1,0.001338500005658716
8.166520800004946,812,-0.13984887454818862,-0.5889101801569335,0.5235999999836161,0.1489059549108284,OPTIMAL,1,0.0026182000001426786
8.236048799997661,819,-0.06918285783237219,-0.6075312780725407,0.5235999999800853,0.13399412597757687,OPTIMAL,1,0.001883999997517094
8.306191699986812,826,0.002695221445592848,-0.6225031883275408,0.5235999999746099,0.12189178897664016,OPTIMAL,1,0.0014039000088814646
8.376198799989652,833,0.06527318070099365,-0.6341014408731291,0.5235999999858545,0.12305452043805598,OPTIMAL,1,0.001771600014762953
8.446219800011022,840,0.22671507994540696,-0.6037777176542349,0.5235999990414583,0.05372167999782726,OPTIMAL,1,0.0014922999835107476
8.516111300006742,847,0.255548004699955,-0.6151229977603048,0.5235999999597939,0.097468213428102,OPTIMAL,1,0.0020997999818064272
8.586207099986495,854,0.2697100049311347,-0.6402673482258184,0.5235999956464497,0.16571414058773706,OPTIMAL,1,0.0013216999941505492
8.656024199997773,861,0.28044448046198855,-0.681032057473009,0.5235999994039578,0.25215740550673604,OPTIMAL,1,0.0013306000037118793
8.726092099997913,868,0.30451712243332446,-0.7324445678927353,0.523599999252528,0.34441041240025827,OPTIMAL,1,0.0014038000081200153
8.796074100013357,875,0.35532961017299536,-0.78219826771854,0.5235987560434854,0.429477439601585,OPTIMAL,1,0.0021083000174257904
8.866408100002445,882,0.2748243009380862,-0.7077791074523483,0.40560379878146186,0.483867913349555,OPTIMAL,1,0.0012861999857705086
8.936209300009068,889,0.10203667825439716,-0.5765950053063538,0.21756691271538112,0.48944567042284015,OPTIMAL,1,0.0010495999886188656
9.006123600003775,896,-0.053851244122569634,-0.4405302051698555,0.059409023271261976,0.4339064572861826,OPTIMAL,1,0.0012835000234190375
9.076107100001536,903,-0.154800087433702,-0.3044652835352399,-0.03416987729584214,0.3365939240709716,OPTIMAL,1,0.0017940999823622406
9.146153200010303,910,-0.13155950583532028,0.017347144811168776,-0.0710367457571895,0.022443905569429427,OPTIMAL,1,0.0011605999898165464
9.216073599993251,917,-0.15134613957874093,0.13138976598021132,-0.09432295258606678,-0.07809568455178868,OPTIMAL,1,0.0011535000230651349
9.285913900006562,924,-0.1626295955324219,0.231975814836295,-0.11160908499661626,-0.1653807295325161,OPTIMAL,1,0.0017342999926768243
9.356305099994643,931,-0.1787767752814747,0.29639755526419725,-0.12833736780365504,-0.2137980222475918,OPTIMAL,1,0.0018195000011473894
9.42607859999407,938,-0.20122057403179572,0.32935946540956573,-0.1452215738651236,-0.22738884689198435,OPTIMAL,1,0.0012109000235795975
9.496054099989124,945,-0.22998510774322062,0.3330183065716531,-0.1616373297671837,-0.20823242013992468,OPTIMAL,1,0.0016423999913968146
9.566269000002649,952,-0.26410392063180094,0.3108232528532613,-0.17630181375647455,-0.16019104967471404,OPTIMAL,1,0.001364399999147281
9.636295700009214,959,-0.30349463529307236,0.264549693232136,-0.1879402103126795,-0.0855615235903647,OPTIMAL,1,0.0012236999755259603
9.70606329999282,966,-0.3457513549077892,0.20047586063675074,-0.1945533277463917,0.00793923000836294,OPTIMAL,1,0.0012246000114828348
9.776273900002707,973,-0.38697468688331044,0.1265751835052656,-0.1939827789117663,0.11004614833176186,OPTIMAL,1,0.00142529999720864
9.84619839998777,980,-0.2657380997879934,0.15193656059686617,-0.15216009768562233,0.042319182066206065,OPTIMAL,1,0.0012662999797612429
9.916236899996875,987,-0.3085190211663661,0.06935439274072319,-0.14153985100555772,0.14539366098777431,OPTIMAL,1,0.0011378000199329108
9.985936200013384,994,-0.36521308195743063,-0.008225711941405051,-0.13386199448552613,0.2506947585892321,OPTIMAL,1,0.00119270000141114
10.05611120001413,1001,-0.418365073781071,-0.07984355619294987,-0.12251293422621226,0.3478744119606115,OPTIMAL,1,0.0021517999994102865
10.12618379999185,1008,-0.4624964904743182,-0.1425704238468621,-0.10745742937259864,0.43092324819928707,OPTIMAL,1,0.0016828000079840422
10.196228999993764,1015,-0.4939041559935886,-0.1919052368067143,-0.0906114981872094,0.493764307488993,OPTIMAL,1,0.0011749000113923103
10.266545099992072,1022,-0.5099308770060361,-0.2242559845867019,-0.07428020714205306,0.5320250008318743,OPTIMAL,1,0.0015112000110093504
10.336447999987286,1029,-0.5148326299243222,-0.24259391755516121,-0.06053968256780047,0.551181708712583,OPTIMAL,1,0.003848299995297566
10.406070900004124,1036,-0.48775500988523623,-0.23053065632432576,-0.049039546352239394,0.5251804287520487,OPTIMAL,1,0.0016394999984186143
10.476143100007903,1043,-0.44879899659366,-0.20608353708197036,-0.04077404373139876,0.481392534766783,OPTIMAL,1,0.0011897000076714903
10.54621450000559,1050,-0.1805177565650684,-0.03754213334970527,-0.02637443384067792,0.16762144250890598,OPTIMAL,1,0.0014506999868899584
10.616247300000396,1057,-0.1252833517911539,0.0035206777598533754,-0.024475303726609686,0.09963322835309181,OPTIMAL,1,0.001082099974155426
10.686118599987822,1064,-0.08272101410323672,0.042040290269223096,-0.025089655993230535,0.04327488047892657,OPTIMAL,1,0.001204400003189221
10.756277000007685,1071,-0.04673447116537894,0.07250399488716373,-0.02530630815187231,-0.002989576913131002,OPTIMAL,1,0.0013046000094618648
10.826393199997256,1078,-0.014569654923064175,0.0950497877089933,-0.024681995773699672,-0.04154667052602855,OPTIMAL,1,0.0010747000051196665
10.8965206000139,1085,0.00911446014960459,0.10735762982886148,-0.023490163121487696,-0.0673544823793141,OPTIMAL,1,0.002574000012828037
10.966447000013432,1092,0.0416415703889066,0.12224143777397202,-0.021710744704405795,-0.10203510498318502,OPTIMAL,1,0.001107799995224923
11.036229699995602,1099,0.06647881957557174,0.12984157653127967,-0.019812017248791156,-0.12642099151849054,OPTIMAL,1,0.0010938000050373375
11.106415699992795,1106,0.08808854312338753,0.13425147136724427,-0.01788572364464646,-0.1465120470324619,OPTIMAL,1,0.0018088000069838017
11.176416100002825,1113,0.10567880924253706,0.1356851216625664,-0.01601786040339424,-0.1617559110480781,OPTIMAL,1,0.006277500011492521
11.246734599990305,1120,0.34125107501061225,0.26116210510059734,-0.01167253700937245,-0.4276279962998506,OPTIMAL,1,0.0015801000117789954
11.316584699990926,1127,0.3509692930766145,0.25864378796561405,-0.010365785835341862,-0.4344083125716463,OPTIMAL,1,0.0012285000120755285
11.386222600005567,1134,0.3415555267025188,0.24688195541524968,-0.009583579326301798,-0.42012580994960025,OPTIMAL,1,0.0011625000042840838
11.456405900011305,1141,0.3130645254559468,0.22351474399843613,-0.008747860351375727,-0.3835552551880196,OPTIMAL,1,0.0012902000162284821
11.526183400012087,1148,0.27257294090519446,0.19233422778506604,-0.007624952550540744,-0.33270911876801446,OPTIMAL,1,0.0013153000036254525
11.59590250000474,1155,0.22715640497635192,0.15743542025541082,-0.006064110337211941,-0.2757622485168439,OPTIMAL,1,0.0011894000053871423
11.666329600004246,1162,0.18021524071019546,0.12079499109993995,-0.0039733921639272946,-0.2166475624863537,OPTIMAL,1,0.0012029999925289303
11.73600410000654,1169,0.13400648683900476,0.08376320043331024,-0.0012941052227412385,-0.15799133305190133,OPTIMAL,1,0.002384199993684888
11.806340600014664,1176,0.1012667020808194,0.05399850228805765,0.0019737085826178336,-0.11464527252762267,OPTIMAL,1,0.0011372000153642148
11.876434700010577,1183,0.07653698269953801,0.02845150600021355,0.005738021740827795,-0.08034142976724659,OPTIMAL,1,0.0010905000090133399
11.946109699987574,1190,0.22469277367418833,0.10820693731901318,0.008970753723478015,-0.2484179439660855,OPTIMAL,1,0.0011693000269588083
12.016245200007688,1197,0.21678639136997055,0.09254466749333579,0.013424919578368756,-0.2335535988750963,OPTIMAL,1,0.0012682000233326107
12.086397400009446,1204,0.20528405944246883,0.07501061942717341,0.018192216245917797,-0.2145713963493563,OPTIMAL,1,0.0011606999905779958
12.156383599998662,1211,0.19337535417567583,0.058749693875243834,0.022787071884804867,-0.1957988212375678,OPTIMAL,1,0.0014414000033866614
12.225936400005594,1218,0.1840281935206747,0.0465350907400913,0.02670627883163046,-0.18120597705493657,OPTIMAL,1,0.001267400017241016
12.296062000008533,1225,0.17434010182955736,0.037487024148465234,0.029518684954692506,-0.16788244673696684,OPTIMAL,1,0.0012132000119891018
12.36655599999358,1232,0.16302052079537915,0.03152700462217083,0.030765446811872987,-0.15474828592515572,OPTIMAL,1,0.0020447999995667487
12.43650099998922,1239,0.15812013548299328,0.03436759108172002,0.029728658713767373,-0.15174777977736462,OPTIMAL,1,0.0011350999993737787
12.506440400000429,1246,0.14960227266815926,0.04003227467412015,0.02624145316762325,-0.14731184135605635,OPTIMAL,1,0.001218599994899705
12.576261000009254,1253,0.1387860632119489,0.049402146945950694,0.019899677623242452,-0.14312739540147357,OPTIMAL,1,0.003869700012728572
12.646362300001783,1260,0.2588165344884422,0.15740580970914475,0.007409367010452596,-0.30266276001040626,OPTIMAL,1,0.0011937000090256333
12.715987000003224,1267,0.24111949377433997,0.17184788412444538,-0.005170374557844941,-0.29597138631800135,OPTIMAL,1,0.0012863999872934073
12.786324999993667,1274,0.20874031328457462,0.17978559109360312,-0.021151677126858934,-0.27350751634955156,OPTIMAL,1,0.0012091999815311283
12.85623000000487,1281,0.16315672027034783,0.18294217991806852,-0.04155324966990505,-0.23726120836769543,OPTIMAL,1,0.0016098000050988048
12.92617550000432,1288,0.10964539054217556,0.18431857241866123,-0.06648317222945413,-0.1929819134447055,OPTIMAL,1,0.0013834999990649521
12.996389300009469,1295,0.0497067714785697,0.18390500891356476,-0.09554946564642369,-0.14148684814816873,OPTIMAL,1,0.0013021000195294619
13.065959500003373,1302,-0.01155888791433191,0.18367050844358415,-0.127348802018637,-0.08760428086615389,OPTIMAL,1,0.0011777000036090612
13.136480299988762,1309,-0.07339613910843086,0.1825256399431972,-0.16021298101809162,-0.03085387571270512,OPTIMAL,1,0.0035217999829910696
13.20612990000518,1316,-0.1228895917178744,0.18626499336494298,-0.18969175033429603,0.015147826244309076,OPTIMAL,1,0.001254200004041195
13.276474300015252,1323,-0.17069353116171396,0.18723766944750364,-0.2157441746197774,0.06361109331652093,OPTIMAL,1,0.0049303999985568225
13.346209799987264,1330,-0.06337176932102564,0.21455780657939552,-0.19838478767208007,-0.03230148240812992,OPTIMAL,1,0.0012512000103015453
13.416216899990104,1337,-0.09117533772260106,0.21942647221841843,-0.21564995689168145,-0.0006390639367335749,OPTIMAL,1,0.0011778999760281295
13.485948299989104,1344,-0.11918883860593034,0.22934596863300974,-0.2350663905080802,0.030496998576259635,OPTIMAL,1,0.0011722999915946275
13.555954699986614,1351,-0.14227453128909076,0.23780733638095786,-0.2493349763590829,0.0596262477666325,OPTIMAL,1,0.0013097999908495694
13.626548600004753,1358,-0.1586088287314066,0.24417958524211553,-0.25733925725802,0.08483363415738272,OPTIMAL,1,0.0014230000087991357
13.696386399999028,1365,-0.1640567076850521,0.24988549952534536,-0.25898733747809566,0.10102440475469693,OPTIMAL,1,0.0011875000200234354
13.766215699986788,1372,-0.16076325795290766,0.2549840088183959,-0.2565640856941037,0.10954898934055618,OPTIMAL,1,0.001378899993142113
13.836344699986512,1379,-0.15177700430873778,0.259876250281764,-0.25272048355679105,0.11279924808641832,OPTIMAL,1,0.0031512999848928303
13.906111299991608,1386,-0.1309984928771129,0.2658609814600367,-0.24736759843903813,0.1043213462892211,OPTIMAL,1,0.0049915999989025295
13.976143200008664,1393,-0.09651914308401273,0.2725637273991024,-0.2411321649233926,0.08220682587701773,OPTIMAL,1,0.000985999999102205
14.045987299992703,1400,0.077753504729447,0.22965079389539336,-0.19801531050391152,-0.07405042940135335,OPTIMAL,1,0.0012504000042099506
14.116322999994736,1407,0.10188655681137639,0.2389836409177653,-0.20622847366328093,-0.08809110996054198,OPTIMAL,1,0.001209699985338375
14.186577899992699,1414,0.11323922838761863,0.2587876910276003,-0.22444670448791285,-0.08834640275365611,OPTIMAL,1,0.001326500001596287
14.256038499996066,1421,0.11226613861978696,0.2770751902189424,-0.24186899945934293,-0.07433076060326356,OPTIMAL,1,0.0011767999967560172
14.326511999999639,1428,0.10071662538207815,0.29099735429093887,-0.2549176561517116,-0.048263297618618896,OPTIMAL,1,0.001176300022052601
14.396120199991856,1435,0.07922534678167427,0.3001061571341645,-0.2619870207426925,-0.01171514758169201,OPTIMAL,1,0.0013197999796830118
14.466404800012242,1442,0.0475632719849338,0.30484866088515644,-0.2622360276364896,0.03440083249303221,OPTIMAL,1,0.001451199990697205
14.536372900009155,1449,0.022710323211825197,0.3005037173475313,-0.25093147747758476,0.07103554404638346,OPTIMAL,1,0.001482799998484552
14.605956799990963,1456,-0.007855791057973982,0.29131045624325336,-0.23211390672773316,0.10986116832625378,OPTIMAL,1,0.0011775000020861626
14.67644680000376,1463,-0.04362052679614668,0.2793525507932516,-0.2075454321228633,0.14981967885212408,OPTIMAL,1,0.0042378000216558576
14.746321000013268,1470,0.051101199397048144,0.15371544457946887,-0.1370791562947314,0.02304022493437803,OPTIMAL,1,0.001281999982893467
14.816152599989437,1477,0.030011093116615956,0.1317918741894854,-0.10995262899914647,0.036316047914146214,OPTIMAL,1,0.0012277000059839338
14.886028999986593,1484,0.011866060440726824,0.11943158639021892,-0.09147920501739472,0.04894957921908538,OPTIMAL,1,0.00111270000343211
14.956301500002155,1491,-0.006005513908000766,0.10681418545849479,-0.07319095434717894,0.05990369542252361,OPTIMAL,1,0.001095400017220527
15.026235099998303,1498,-0.02279881695200936,0.09158491447669394,-0.0538255019565875,0.06755766638048973,OPTIMAL,1,0.0010563000105321407
15.095959400001448,1505,-0.03556360573169568,0.07264251978766986,-0.03405064193289084,0.06897135229777367,OPTIMAL,1,0.0011752999853342772
15.166054900008021,1512,-0.04468062233411791,0.05160904237800893,-0.015142393614092439,0.06555195520341608,OPTIMAL,1,0.0011476000072434545
15.236349499988137,1519,-0.04936859407017103,0.029433863558517636,0.0018738026195887446,0.05742729096777391,OPTIMAL,1,0.0011473000049591064
15.306058299989672,1526,-0.05554367909332566,0.011184264121113237,0.01641508176875756,0.05257821344988153,OPTIMAL,1,0.002814800012856722
15.376540600002045,1533,-0.04319646162413499,-0.015327638234909317,0.027707437465787917,0.027778898801535577,OPTIMAL,1,0.0011530000192578882
15.446030199993402,1540,0.09458668648669946,-0.11067513077835418,0.031449176428361446,-0.13942325453320528,OPTIMAL,1,0.0011045999999623746
15.516144299996085,1547,0.09660144522577808,-0.12189387260322485,0.03812521790218575,-0.14689129238397042,OPTIMAL,1,0.00118680001469329
15.586084300011862,1554,0.08618984522586821,-0.12228938798714109,0.0434286106917227,-0.13792667564376443,OPTIMAL,1,0.001050599996233359
15.656054599996423,1561,0.06831956636874151,-0.11345476468534026,0.046082661348226674,-0.11762222537087588,OPTIMAL,1,0.0010839999886229634
15.726172700000461,1568,0.04289754470780051,-0.0953293225231934,0.04578085538023221,-0.08597674346970961,OPTIMAL,1,0.0017022000101860613
15.796415699995123,1575,0.014416428631215488,-0.07117575190412921,0.04229084880227638,-0.04865605032612827,OPTIMAL,1,0.0011054000060539693
15.866365699999733,1582,-0.0145443454663956,-0.04330296011160169,0.03576163069196226,-0.009175651647791676,OPTIMAL,1,0.0011349999986123294
15.936099499987904,1589,-0.04155141358551571,-0.014195400479070395,0.026759166220826483,0.029034050937624546,OPTIMAL,1,0.0010987999849021435
16.006414900009986,1596,-0.06406057403695355,0.013439447736009734,0.016243400518691685,0.06240221707094166,OPTIMAL,1,0.0021975999989081174
16.0759904999868,1603,-0.0776141806900563,0.03580562033642405,0.005439496149717397,0.08522042103823545,OPTIMAL,1,0.0011233999975956976
16.146250599995255,1610,0.03752969907971416,-0.013571690265175967,-0.005243755588550805,-0.039398862663025995,OPTIMAL,1,0.001340000017080456
16.216233899991494,1617,0.030665476323142853,0.0010113718627377047,-0.012965319820044395,-0.02631811427997606,OPTIMAL,1,0.0011412000167183578
16.285980099986773,1624,0.015887977210713278,0.016691558535012245,-0.018376839504436325,-0.005748747733573714,OPTIMAL,1,0.0013138999929651618
16.356206600001315,1631,-0.0008336760179165967,0.030170367183668407,-0.02135809851220578,0.015495300623525577,OPTIMAL,1,0.0010902000067289919
16.42669369999203,1638,-0.018530739841600908,0.040798046218864854,-0.02176078265545815,0.03622687257375959,OPTIMAL,1,0.0009527000074740499
16.496125100005884,1645,-0.036092112582486034,0.04795190654722603,-0.01956613093133748,0.05512906457418014,OPTIMAL,1,0.0010676000092644244
16.566522200009786,1652,-0.051088616167052,0.05038801331312891,-0.014901864065277114,0.06942857749521689,OPTIMAL,1,0.002239599998574704
16.636693700012984,1659,-0.06277936190436968,0.04795470797271753,-0.008108957328795836,0.07837321936270862,OPTIMAL,1,0.00111420001485385
16.706414699991,1666,-0.07003668752545505,0.04041459427726934,0.0003361910632254282,0.08085978237973529,OPTIMAL,1,0.0011254000128246844
16.776089399994817,1673,-0.07293083942402118,0.02830318798800651,0.009906886381647596,0.07724271007691533,OPTIMAL,1,0.0011950000189244747
16.846354999986943,1680,0.058019755564832735,-0.06077740979715859,0.0183817274003081,-0.08072197622571756,OPTIMAL,1,0.001170800009276718
16.91613430000143,1687,0.05574570584985303,-0.07588693718354969,0.02947456467806895,-0.08625672241303883,OPTIMAL,1,0.0010417999874334782
16.986359400005313,1694,0.04571261503210463,-0.08769882316375585,0.041529693185465934,-0.08324415946654329,OPTIMAL,1,0.00112599998828955
17.05620339998859,1701,0.026938464231036935,-0.09469500858911384,0.054108492356869355,-0.06996196702334133,OPTIMAL,1,0.001869200001237914
17.126111599995056,1708,0.0068122631720561756,-0.10042059279789046,0.06646313194934572,-0.054480670208490775,OPTIMAL,1,0.0012332999904174358
17.196292100008577,1715,-0.017175386674267868,-0.10292817092089528,0.07836634705851474,-0.033579735989038795,OPTIMAL,1,0.001053000014508143
17.266423499997472,1722,-0.04027371575854094,-0.10452623642000061,0.08922119965791472,-0.012491920056110113,OPTIMAL,1,0.0022997000196482986
17.33621470001526,1729,-0.056259931169414384,-0.10825703154432678,0.09826652772004402,0.0018636822649230472,OPTIMAL,1,0.0011011000024154782
17.406304300006013,1736,-0.07167093363283857,-0.11097391316519349,0.10622024781014075,0.016705878123403704,OPTIMAL,1,0.0011493000201880932
17.476307700009784,1743,-0.08402853095502517,-0.11429282049475259,0.11303991166726352,0.02905381864908397,OPTIMAL,1,0.0010338000138290226
17.54613669999526,1750,0.04619389129195784,-0.1523356568311472,0.10014115416404432,-0.10147703263528798,OPTIMAL,1,0.0011525000154506415
17.61610539999674,1757,0.031201570519666523,-0.15546101638963777,0.10902314614082269,-0.086249473439667,OPTIMAL,1,0.0010665000008884817
17.68617999998969,1764,0.0038461774197759073,-0.15923072644993982,0.12202994156449781,-0.0593896796129279,OPTIMAL,1,0.0010877999884542078
17.756267499993555,1771,-0.032774937260034546,-0.1596395684912911,0.1346995854761329,-0.02185966891583212,OPTIMAL,1,0.0010981999803334475
17.826342000014847,1778,-0.07614182710536849,-0.15668544515218413,0.1453693064672194,0.024040519851808148,OPTIMAL,1,0.001124400005210191
17.89640289999079,1785,-0.12352946278973989,-0.1511909723772524,0.15288289606175257,0.07537739010032801,OPTIMAL,1,0.0011768999975174665
17.966006400005426,1792,-0.17238670249698237,-0.1439015248386713,0.1563046581816719,0.12930068785149335,OPTIMAL,1,0.00119420001283288
18.036111299996264,1799,-0.2188967231977916,-0.1357229906739647,0.15483270533193597,0.18160426464267962,OPTIMAL,1,0.0011556000099517405
18.106151299987687,1806,-0.26050715741921193,-0.127032074888079,0.14840806635481998,0.22935805811244117,OPTIMAL,1,0.0011590000067371875
18.176096300012432,1813,-0.29338361248426886,-0.11842109262163643,0.13750483784295123,0.26829441094712014,OPTIMAL,1,0.001260699995327741
18.246200800000224,1820,-0.15643470988968614,-0.10102798839171026,0.09615472991005808,0.1416764720837395,OPTIMAL,1,0.002970800007460639
18.316063500009477,1827,-0.16660752673812385,-0.0955538691214592,0.08660577911397717,0.15520401548060936,OPTIMAL,1,0.0012761999969370663
18.386002200015355,1834,-0.1792507114909913,-0.09737251073861458,0.08376457882266253,0.16973498926951416,OPTIMAL,1,0.0012436999822966754
18.456070999993244,1841,-0.1807107257284882,-0.09870031969587147,0.07967132581683359,0.1730916665739529,OPTIMAL,1,0.0010285000025760382
18.526749000011478,1848,-0.1712146196028779,-0.09712997774920522,0.07345743477640551,0.16561951595816235,OPTIMAL,1,0.001994699996430427
18.596367099991767,1855,-0.14587453419971974,-0.09299271972493818,0.06575812392749575,0.14220803207588734,OPTIMAL,1,0.0027913999801967293
18.66622089999146,1862,-0.09383830102142018,-0.08707308144483146,0.057217130699734685,0.09182240583966116,OPTIMAL,1,0.0016127999988384545
18.73657050001202,1869,-0.039421296973225314,-0.0794419576040148,0.04996729794852367,0.03869784748261304,OPTIMAL,1,0.0028492999845184386
18.80639539999538,1876,0.053640404040303576,-0.07082202604138496,0.042844070765937825,-0.05342670311916347,OPTIMAL,1,0.0009651000145822763
18.876287799997954,1883,0.14770089639123507,-0.06111094855340723,0.037370746015123225,-0.1468632840517968,OPTIMAL,1,0.0009956999856512994
18.946380999987014,1890,0.41725712000191045,-0.03573385607170865,0.027528370914574572,-0.41615967061526465,OPTIMAL,1,0.0010821000032592565
19.015962000004947,1897,0.517059670920982,-0.025257233082832373,0.025271550112126517,-0.5159174242747209,OPTIMAL,1,0.001135500002419576
19.08651059999829,1904,0.6006254806450975,-0.016844874694412874,0.02463327359817844,-0.5995084860377266,OPTIMAL,1,0.0011713999847415835
19.156106500013266,1911,0.6651969540113293,-0.00872164623404369,0.024460925199697326,-0.66417327920913,OPTIMAL,1,0.0012762999976985157
19.22610940001323,1918,0.7097146886027361,-0.001015190680854108,0.02458859772614564,-0.7088389272481684,OPTIMAL,1,0.001071299979230389
19.296087299997453,1925,0.7319954584343115,0.0057774912589711475,0.025069259653503644,-0.7312982856230196,OPTIMAL,1,0.0010873000137507915
19.366165699990233,1932,0.7349893559210601,0.0114351174764884,0.025901393100761526,-0.7344815784224124,OPTIMAL,1,0.0010658999963197857
19.43626220000442,1939,0.7153599159120692,0.015464019736121102,0.02728359715303358,-0.7150239200479345,OPTIMAL,1,0.0032235000107903033
19.506234100001166,1946,0.6788718868837532,0.017958003009097997,0.02924822252695585,-0.6786785035438214,OPTIMAL,1,0.001095100014936179
19.57633949999581,1953,0.6229101694552929,0.018586790588202517,0.03217082837093166,-0.6228075185942209,OPTIMAL,1,0.0047633000067435205
19.646008200012147,1960,0.6045048683913894,0.02278336446979382,0.03458635852599277,-0.6046492900122951,OPTIMAL,1,0.0010520999785512686
19.716130299988436,1967,0.5269090826361108,0.020369382239469633,0.040107440532573514,-0.5270344562924734,OPTIMAL,1,0.0011040999961551279
19.78663650000817,1974,0.4376430786202407,0.016338786149802616,0.04837661861934371,-0.43767736455940753,OPTIMAL,1,0.0011798999912571162
19.85612240000046,1981,0.34354247060397686,0.011315219881154479,0.060278871822621885,-0.3434350711794012,OPTIMAL,1,0.0011709000100381672
