time,reference_index,solver_status,solver_success,solve_time
0.0404180999903474,0,OPTIMAL,1,0.002666999993380159
0.11034630000358447,4,OPTIMAL,1,0.0012376999948173761
0.18069029998150654,7,OPTIMAL,1,0.0016619999951217324
0.25037729999166913,11,OPTIMAL,1,0.0014150000060908496
0.320806999981869,14,OPTIMAL,1,0.0013334999966900796
0.3906413000077009,18,OPTIMAL,1,0.001351400016574189
0.46068170000216924,21,OPTIMAL,1,0.0009843000152613968
0.53082600000198,25,OPTIMAL,1,0.0012704999826382846
0.6007570999790914,28,OPTIMAL,1,0.0015187000099103898
0.670504699985031,32,OPTIMAL,1,0.0011477000080049038
0.7405647999839857,35,OPTIMAL,1,0.0010454999865032732
0.8107273000059649,39,OPTIMAL,1,0.0012838999973610044
0.8804069999896456,42,OPTIMAL,1,0.0012955999991390854
0.9504139999917243,46,OPTIMAL,1,0.0009983000054489821
1.0207590000063647,49,OPTIMAL,1,0.0011239000014029443
1.0906374999904074,53,OPTIMAL,1,0.0012136000150348991
1.1604630000074394,56,OPTIMAL,1,0.0011781000066548586
1.230980099993758,60,OPTIMAL,1,0.0016355999978259206
1.3009910999971908,63,OPTIMAL,1,0.0014276999863795936
1.3705744000035338,67,OPTIMAL,1,0.0011602999875321984
1.4407571000047028,70,OPTIMAL,1,0.0013008000096306205
1.5107864000019617,74,OPTIMAL,1,0.001783000014256686
1.5805901999992784,77,OPTIMAL,1,0.0016764999891165644
1.65034329998889,81,OPTIMAL,1,0.001821899990318343
1.7205551999795716,84,OPTIMAL,1,0.00169500001356937
1.7907566000067163,88,OPTIMAL,1,0.0013764000032097101
1.8604696999827866,91,OPTIMAL,1,0.0011885999992955476
1.9309921999811195,95,OPTIMAL,1,0.0013428999809548259
2.0004958999925293,98,OPTIMAL,1,0.0017097999807447195
2.0708722999843303,102,OPTIMAL,1,0.001060499984305352
2.1407672000059392,105,OPTIMAL,1,0.0012240999785717577
2.2106897000048775,109,OPTIMAL,1,0.001288700004806742
2.280666200007545,112,OPTIMAL,1,0.0016625999996904284
2.3508353999932297,116,OPTIMAL,1,0.0014811000146437436
2.420457100000931,119,OPTIMAL,1,0.0017059000092558563
2.4905677000060678,123,OPTIMAL,1,0.001455499994335696
2.560777499980759,126,OPTIMAL,1,0.00156309999874793
2.630627699982142,130,OPTIMAL,1,0.0010022999776992947
2.7007827000052202,133,OPTIMAL,1,0.0016673000063747168
2.7709642999980133,137,OPTIMAL,1,0.001425599999492988
2.8405741000024136,140,OPTIMAL,1,0.001138299994636327
2.9106890999828465,144,OPTIMAL,1,0.0014032000035513192
2.98078089999035,147,OPTIMAL,1,0.0013589000154752284
3.050578599999426,151,OPTIMAL,1,0.0012860999850090593
3.1207389000046533,154,OPTIMAL,1,0.0012645999959204346
3.1910433000011835,158,OPTIMAL,1,0.0027174000279046595
3.260779999982333,161,OPTIMAL,1,0.0012661000073421746
3.3304419000050984,165,OPTIMAL,1,0.0011592000082600862
3.4003920999821275,168,OPTIMAL,1,0.0015508999931626022
3.4706214999896474,172,OPTIMAL,1,0.0013063000224065036
3.5407945000042673,175,OPTIMAL,1,0.0010664000001270324
3.610824799980037,179,OPTIMAL,1,0.0012510000087786466
3.6804906000033952,182,OPTIMAL,1,0.0014153000083751976
3.7509018999990076,186,OPTIMAL,1,0.0012251999869477004
3.8207054999948014,189,OPTIMAL,1,0.0011740999761968851
3.890765799995279,193,OPTIMAL,1,0.0012718999932985753
3.960565299988957,196,OPTIMAL,1,0.003209599992260337
4.0305588000046555,200,OPTIMAL,1,0.001189300004625693
4.100680600007763,203,OPTIMAL,1,0.003061299998080358
4.170920899981866,207,OPTIMAL,1,0.0010224000143352896
4.2407912999915425,210,OPTIMAL,1,0.0011334000155329704
4.310548699984793,214,OPTIMAL,1,0.0014088999887462705
4.380575399991358,217,OPTIMAL,1,0.001684500020928681
4.450701800000388,221,OPTIMAL,1,0.0012134000135120004
4.5208275000040885,224,OPTIMAL,1,0.0012493000249378383
4.590965499985032,228,OPTIMAL,1,0.0011716000153683126
4.660669200005941,231,OPTIMAL,1,0.0011749999830499291
4.730889300000854,235,OPTIMAL,1,0.0012039000284858048
4.8006987999833655,238,OPTIMAL,1,0.001496999990195036
4.870820599986473,242,OPTIMAL,1,0.003936799999792129
4.9406703999848105,245,OPTIMAL,1,0.001423100009560585
5.010448599990923,249,OPTIMAL,1,0.0012494000256992877
5.081017899996368,252,OPTIMAL,1,0.001195799995912239
5.150655399978859,256,OPTIMAL,1,0.0011060999822802842
5.220433699985733,259,OPTIMAL,1,0.0011209999793209136
5.290909899980761,263,OPTIMAL,1,0.0016003000200726092
5.36074629999348,266,OPTIMAL,1,0.0016164999979082495
5.430496799992397,270,OPTIMAL,1,0.001054599997587502
5.500966699997662,273,OPTIMAL,1,0.0013108999992255121
5.5707548999926075,277,OPTIMAL,1,0.0009185000089928508
5.640747700002976,280,OPTIMAL,1,0.0016085999959614128
5.710712200001581,284,OPTIMAL,1,0.0010887999960687011
5.780611700000009,287,OPTIMAL,1,0.001344099990092218
5.850627599982545,291,OPTIMAL,1,0.003438100015046075
5.920791799988365,294,OPTIMAL,1,0.0010449999826960266
5.990808100003051,298,OPTIMAL,1,0.0011212000099476427
6.060924699995667,301,OPTIMAL,1,0.0010926999966613948
6.130680100002792,305,OPTIMAL,1,0.0011325999803375453
6.200643699994544,308,OPTIMAL,1,0.0013789999939035624
6.270933599997079,312,OPTIMAL,1,0.004978799988748506
6.34057249999023,315,OPTIMAL,1,0.0012738000077661127
6.410662999987835,319,OPTIMAL,1,0.0011440999805927277
6.481010699993931,322,OPTIMAL,1,0.001305999991018325
6.550706599984551,326,OPTIMAL,1,0.0012835999950766563
6.6208573000039905,329,OPTIMAL,1,0.0014847000129520893
6.69094369999948,333,OPTIMAL,1,0.001128400006564334
6.760395299992524,336,OPTIMAL,1,0.0012283000105526298
6.830594500002917,340,OPTIMAL,1,0.0011027000145986676
6.900768599996809,343,OPTIMAL,1,0.0025599999935366213
6.970676700002514,347,OPTIMAL,1,0.0019066999957431108
7.040662999992492,350,OPTIMAL,1,0.001147200004197657
7.1104155000066385,354,OPTIMAL,1,0.0010964999964926392
7.1807680999918375,357,OPTIMAL,1,0.001277300005313009
7.250375100004021,361,OPTIMAL,1,0.0010291000071447343
7.320431500003906,364,OPTIMAL,1,0.0013235000078566372
7.391000300005544,368,OPTIMAL,1,0.0018051000079140067
7.460506400006125,371,OPTIMAL,1,0.0012965999776497483
7.530626799998572,375,OPTIMAL,1,0.0026584999868646264
7.601041699992493,378,OPTIMAL,1,0.0026188000047113746
7.670734499988612,382,OPTIMAL,1,0.0009539999882690609
7.740837899997132,385,OPTIMAL,1,0.0011135999811813235
7.810836099990411,389,OPTIMAL,1,0.00105489999987185
7.880439999978989,392,OPTIMAL,1,0.0011375999893061817
7.95068799998262,396,OPTIMAL,1,0.0015356999938376248
8.020629999984521,399,OPTIMAL,1,0.0012509000080171973
8.090600099996664,403,OPTIMAL,1,0.0010726000182330608
8.16088939999463,406,OPTIMAL,1,0.001538700016681105
8.230627699987963,410,OPTIMAL,1,0.0022613000182900578
8.300969300005818,413,OPTIMAL,1,0.004024199995910749
8.370571199979167,417,OPTIMAL,1,0.0011434000043664128
8.4405138999864,420,OPTIMAL,1,0.0009854999952949584
8.51058249999187,424,OPTIMAL,1,0.001273900008527562
8.580612899997504,427,OPTIMAL,1,0.0012589999823831022
8.650572599988664,431,OPTIMAL,1,0.0009357999952044338
8.720692300004885,434,OPTIMAL,1,0.0010835000139195472
8.790896899998188,438,OPTIMAL,1,0.0020257999713066965
8.860503200005041,441,OPTIMAL,1,0.003029600018635392
8.930520099995192,445,OPTIMAL,1,0.0012907000200357288
9.000612999981968,448,OPTIMAL,1,0.0015424999874085188
9.070535399980145,452,OPTIMAL,1,0.002446600003167987
9.140801600005943,455,OPTIMAL,1,0.0012388000031933188
9.210867399990093,459,OPTIMAL,1,0.0011680999887175858
9.281067999982042,462,OPTIMAL,1,0.001269600004889071
9.351023700000951,466,OPTIMAL,1,0.0012117000005673617
9.4205660999869,469,OPTIMAL,1,0.0010829000093508512
9.490909499989357,473,OPTIMAL,1,0.0012838999973610044
9.560829800000647,476,OPTIMAL,1,0.003427099989494309
9.630688300007023,480,OPTIMAL,1,0.001272399997105822
9.700482299987925,483,OPTIMAL,1,0.0031916000007186085
9.770600099989679,487,OPTIMAL,1,0.0012562000192701817
9.840741199994227,490,OPTIMAL,1,0.0016115999897010624
9.910815699986415,494,OPTIMAL,1,0.0013247999886516482
9.980549300002167,497,OPTIMAL,1,0.0012261999945621938
10.050553699984448,501,OPTIMAL,1,0.0016469999973196536
10.120679099985864,504,OPTIMAL,1,0.0014651000092271715
10.190862699993886,508,OPTIMAL,1,0.002636100020026788
10.260782400000608,511,OPTIMAL,1,0.0013118000060785562
10.330994799995096,515,OPTIMAL,1,0.0032269000075757504
10.400502200005576,518,OPTIMAL,1,0.0017328000103589147
10.470832599996356,522,OPTIMAL,1,0.0013206999865360558
10.540707299980568,525,OPTIMAL,1,0.0010876999876927584
10.61044629997923,529,OPTIMAL,1,0.00122969999210909
10.680759799986845,532,OPTIMAL,1,0.0012129999813623726
10.750809399993159,536,OPTIMAL,1,0.0012617999745998532
10.820991699991282,539,OPTIMAL,1,0.0009819000260904431
10.890717200003564,543,OPTIMAL,1,0.0011803999950643629
10.960860399995,546,OPTIMAL,1,0.0009537000150885433
11.03090240000165,550,OPTIMAL,1,0.002479899994796142
11.100818399980199,553,OPTIMAL,1,0.003176400001393631
11.170373999979347,557,OPTIMAL,1,0.0012430000060703605
11.240595399984159,560,OPTIMAL,1,0.0011895000061485916
11.310492199991131,564,OPTIMAL,1,0.0011208999785594642
11.380485800007591,567,OPTIMAL,1,0.0011879999947268516
11.45065529999556,571,OPTIMAL,1,0.0018272000015713274
11.520382199989399,574,OPTIMAL,1,0.0010371000098530203
11.590520099998685,578,OPTIMAL,1,0.002308499999344349
11.660410699987551,581,OPTIMAL,1,0.0011796999897342175
11.730534400005126,585,OPTIMAL,1,0.0010939000057987869
11.800779799988959,588,OPTIMAL,1,0.0012746999855153263
11.870738099998562,592,OPTIMAL,1,0.001283799996599555
11.940444899984868,595,OPTIMAL,1,0.0011758000182453543
12.010862199997064,599,OPTIMAL,1,0.0011248000082559884
12.080698399979156,602,OPTIMAL,1,0.0009433999948669225
12.150799600000028,606,OPTIMAL,1,0.0015107000072021037
12.22088549999171,609,OPTIMAL,1,0.001229099987540394
12.290607600007206,613,OPTIMAL,1,0.0022068000107537955
12.360520899994299,616,OPTIMAL,1,0.00128749999566935
12.430986999999732,620,OPTIMAL,1,0.002812600025208667
12.500405800004955,623,OPTIMAL,1,0.0013561999949160963
12.570874900004128,627,OPTIMAL,1,0.0027982000028714538
12.64046789999702,630,OPTIMAL,1,0.0012203999795019627
12.71048409998184,634,OPTIMAL,1,0.0011380999931134284
12.78063480000128,637,OPTIMAL,1,0.0013061999925412238
12.850645400001667,641,OPTIMAL,1,0.0011463999981060624
12.920666499994695,644,OPTIMAL,1,0.001052400009939447
12.990673099993728,648,OPTIMAL,1,0.0013962000084575266
13.060986800002865,651,OPTIMAL,1,0.0010818000009749085
13.130865699989954,655,OPTIMAL,1,0.001399400003720075
13.200498399994103,658,OPTIMAL,1,0.003154800011543557
13.270873800007394,662,OPTIMAL,1,0.0011024999839719385
13.340680799999973,665,OPTIMAL,1,0.001441300002625212
13.410792599985143,669,OPTIMAL,1,0.0011550000053830445
13.480479799996829,672,OPTIMAL,1,0.0014502000121865422
13.550521199998911,676,OPTIMAL,1,0.0016672000056132674
13.62064909999026,679,OPTIMAL,1,0.0012852999789174646
13.690861499984749,683,OPTIMAL,1,0.0011718999885488302
13.760471299989149,686,OPTIMAL,1,0.001228799985256046
13.830689499998698,690,OPTIMAL,1,0.0011699000024236739
13.900745599996299,693,OPTIMAL,1,0.0013453999999910593
13.970925600006012,697,OPTIMAL,1,0.0011677999864332378
14.040497999987565,700,OPTIMAL,1,0.0010334000107832253
14.110837399988668,704,OPTIMAL,1,0.0011246000067330897
14.180568599986145,707,OPTIMAL,1,0.0010534999892115593
14.250767099991208,711,OPTIMAL,1,0.0011177000124007463
14.321052599989343,714,OPTIMAL,1,0.0015451000072062016
14.390835400001379,718,OPTIMAL,1,0.0011420999944675714
14.460893599985866,721,OPTIMAL,1,0.004853299993555993
14.530609399982495,725,OPTIMAL,1,0.0011448000150267035
14.600895299983677,728,OPTIMAL,1,0.0012709999864455312
14.670710999984294,732,OPTIMAL,1,0.005119600013131276
14.74085840000771,735,OPTIMAL,1,0.0011998999980278313
14.810584999999264,739,OPTIMAL,1,0.0013405999925453216
14.880590099986875,742,OPTIMAL,1,0.0013041000056546181
14.950966100004734,746,OPTIMAL,1,0.00266100000590086
15.020919000002323,749,OPTIMAL,1,0.0012221000215504318
15.090781399980187,753,OPTIMAL,1,0.0011607000196818262
15.160551399982069,756,OPTIMAL,1,0.0010855000000447035
15.230750999995507,760,OPTIMAL,1,0.0012664000096265227
15.300446299981559,763,OPTIMAL,1,0.0010277999972458929
15.370885799988173,767,OPTIMAL,1,0.0013125000114087015
15.440668199997162,770,OPTIMAL,1,0.0010221999837085605
15.510649999981979,774,OPTIMAL,1,0.0011371999862603843
15.580703299987363,777,OPTIMAL,1,0.001138599996920675
15.65053149999585,781,OPTIMAL,1,0.0011757999891415238
15.720390799979214,784,OPTIMAL,1,0.0010849999962374568
15.790546899981564,788,OPTIMAL,1,0.0010996999917551875
15.860477299982449,791,OPTIMAL,1,0.0011724999931175262
15.931095699983416,795,OPTIMAL,1,0.0027898999978788197
16.00051159999566,798,OPTIMAL,1,0.0016481000056955963
16.07051779999165,802,OPTIMAL,1,0.0012313999759498984
16.14075339998817,805,OPTIMAL,1,0.0011186999909114093
16.210840199986706,809,OPTIMAL,1,0.0013356000126805156
16.28097490000073,812,OPTIMAL,1,0.0010851999977603555
16.350730599981034,816,OPTIMAL,1,0.0015835000085644424
16.4204889999819,819,OPTIMAL,1,0.0012786000152118504
16.49066519999178,823,OPTIMAL,1,0.0025387000059708953
16.560766599985072,826,OPTIMAL,1,0.0012024000170640647
16.630415299994638,830,OPTIMAL,1,0.0039029000035952777
16.700542299979134,833,OPTIMAL,1,0.0010405000066384673
16.770834800001467,837,OPTIMAL,1,0.0011220999876968563
16.840781000006245,840,OPTIMAL,1,0.0012814000074286014
16.910711999982595,844,OPTIMAL,1,0.0012632000143639743
16.980992400000105,847,OPTIMAL,1,0.0013126000121701509
17.050673299992923,851,OPTIMAL,1,0.0012735000054817647
17.1204608999833,854,OPTIMAL,1,0.0014469000161625445
17.19062149999081,858,OPTIMAL,1,0.003553800022928044
17.260634799982654,861,OPTIMAL,1,0.0010692000214476138
17.330805599980522,865,OPTIMAL,1,0.002421900018816814
17.40057299999171,868,OPTIMAL,1,0.0025446999934501946
17.470582199981436,872,OPTIMAL,1,0.0011485000140964985
17.540341399988392,875,OPTIMAL,1,0.0012159000034444034
17.610757899994496,879,OPTIMAL,1,0.0012975999852642417
17.680687999993097,882,OPTIMAL,1,0.001125099981436506
17.75061079999432,886,OPTIMAL,1,0.001312199980020523
17.82108709999011,889,OPTIMAL,1,0.002156500006094575
17.890979899995727,893,OPTIMAL,1,0.00195569999050349
17.960739700007252,896,OPTIMAL,1,0.0014353999868035316
18.0309151999827,900,OPTIMAL,1,0.0013682999997399747
18.10091859998647,903,OPTIMAL,1,0.0011288000096101314
18.170673999993596,907,OPTIMAL,1,0.0012323999835643917
18.240575500007253,910,OPTIMAL,1,0.0013210000179242343
18.310511099989526,914,OPTIMAL,1,0.0010406000073999166
18.380462300003273,917,OPTIMAL,1,0.0012309000012464821
18.45101859999704,921,OPTIMAL,1,0.0012987000227440149
18.520482499996433,924,OPTIMAL,1,0.0014646000054199249
18.590972999983933,928,OPTIMAL,1,0.00159420000272803
18.66072630000417,931,OPTIMAL,1,0.001291499997023493
18.73098759999266,935,OPTIMAL,1,0.004798200010554865
18.800666600000113,938,OPTIMAL,1,0.004110999987460673
18.870458399993367,942,OPTIMAL,1,0.0014159000129438937
18.940865599986864,945,OPTIMAL,1,0.0011698000016622245
19.010617899999488,949,OPTIMAL,1,0.0010572999890428036
19.080831600003876,952,OPTIMAL,1,0.0012409999908413738
19.15047439999762,956,OPTIMAL,1,0.0013002000050619245
19.22038660000544,959,OPTIMAL,1,0.001203499996336177
19.290918399987277,963,OPTIMAL,1,0.0022016000002622604
19.360907499998575,966,OPTIMAL,1,0.0015380999830085784
19.43071789998794,970,OPTIMAL,1,0.0032110000029206276
19.50101390000782,973,OPTIMAL,1,0.0014518999960273504
19.57062159999623,977,OPTIMAL,1,0.0016579999937675893
19.640926299995044,980,OPTIMAL,1,0.0015586999943479896
19.710923399979947,984,OPTIMAL,1,0.000967200001468882
19.780953799985582,987,OPTIMAL,1,0.001273999980185181
19.850991699990118,991,OPTIMAL,1,0.0016837000148370862
19.920661199983442,994,OPTIMAL,1,0.001259100012248382
19.990624099998968,998,OPTIMAL,1,0.0013528999988920987
20.060850599984406,1001,OPTIMAL,1,0.004239999980200082
20.130935499997577,1005,OPTIMAL,1,0.00407879997510463
20.200823999999557,1008,OPTIMAL,1,0.0014612000086344779
20.27077579998877,1012,OPTIMAL,1,0.0012291999883018434
20.34045819999301,1015,OPTIMAL,1,0.0012433000083547086
20.410348699981114,1019,OPTIMAL,1,0.0010935999744106084
20.480716599995503,1022,OPTIMAL,1,0.001185900007840246
20.550837999995565,1026,OPTIMAL,1,0.00134529999922961
20.620587999990676,1029,OPTIMAL,1,0.001284400001168251
20.690839599992614,1033,OPTIMAL,1,0.0012097999860998243
20.76044319997891,1036,OPTIMAL,1,0.0012793000205419958
20.83090380000067,1040,OPTIMAL,1,0.0030809000018052757
20.90097610000521,1043,OPTIMAL,1,0.003981699992436916
20.970422499987762,1047,OPTIMAL,1,0.0011202000023331493
21.04094589999295,1050,OPTIMAL,1,0.004526600008830428
21.110634799988475,1054,OPTIMAL,1,0.0013975999900139868
21.180517400003737,1057,OPTIMAL,1,0.0012580999755300581
21.250551899982383,1061,OPTIMAL,1,0.0012830999912694097
21.32056679998641,1064,OPTIMAL,1,0.003496899997116998
21.390930900000967,1068,OPTIMAL,1,0.0017712000117171556
21.460900499980198,1071,OPTIMAL,1,0.0031200999801512808
21.530622499994934,1075,OPTIMAL,1,0.0028009999950882047
21.600573300005635,1078,OPTIMAL,1,0.0013190000026952475
21.670884199993452,1082,OPTIMAL,1,0.001204199972562492
21.74058129999321,1085,OPTIMAL,1,0.0010704000014811754
21.810550800000783,1089,OPTIMAL,1,0.0013182999973651022
21.880640499992296,1092,OPTIMAL,1,0.001378899993142113
21.95062920000055,1096,OPTIMAL,1,0.0009261000086553395
22.020630299986806,1099,OPTIMAL,1,0.002542600006563589
22.090979700005846,1103,OPTIMAL,1,0.0012244000099599361
22.16061359999003,1106,OPTIMAL,1,0.0026695000124163926
22.230755199998384,1110,OPTIMAL,1,0.0018380999972578138
22.30057229998056,1113,OPTIMAL,1,0.002443600009428337
22.370682699984172,1117,OPTIMAL,1,0.0012709999864455312
22.440737199998694,1120,OPTIMAL,1,0.005225800006883219
22.510552499996265,1124,OPTIMAL,1,0.0012309000012464821
22.580929499992635,1127,OPTIMAL,1,0.001213000010466203
22.651007000007667,1131,OPTIMAL,1,0.0011443000112194568
22.720422899990808,1134,OPTIMAL,1,0.0017961999983526766
22.790829899982782,1138,OPTIMAL,1,0.001340399991022423
22.860404899984132,1141,OPTIMAL,1,0.0010550000006332994
22.930639600002905,1145,OPTIMAL,1,0.0018171000119764358
23.000825199997053,1148,OPTIMAL,1,0.0011903000122401863
23.07060839998303,1152,OPTIMAL,1,0.004694999981438741
23.140851300006034,1155,OPTIMAL,1,0.00222540000686422
23.210866099980194,1159,OPTIMAL,1,0.0012487999920267612
23.280947199993534,1162,OPTIMAL,1,0.0011552000069059432
23.350395599991316,1166,OPTIMAL,1,0.0011264999920967966
23.420593699993333,1169,OPTIMAL,1,0.0012764999992214143
23.490765399998054,1173,OPTIMAL,1,0.0011304999934509397
23.560571299982257,1176,OPTIMAL,1,0.001188700000056997
23.63101079998887,1180,OPTIMAL,1,0.003043899982003495
23.7007221999811,1183,OPTIMAL,1,0.004102100007003173
23.770805799984373,1187,OPTIMAL,1,0.001058299996657297
23.840863399993395,1190,OPTIMAL,1,0.0012489999935496598
23.91059809998842,1194,OPTIMAL,1,0.0012861000141128898
23.980705699999817,1197,OPTIMAL,1,0.0010337999847251922
24.05065150000155,1201,OPTIMAL,1,0.0010380999883636832
24.120478299999377,1204,OPTIMAL,1,0.0013473999861162156
24.190647699986584,1208,OPTIMAL,1,0.001724699977785349
24.260567499994067,1211,OPTIMAL,1,0.0011119999981019646
24.33041460000095,1215,OPTIMAL,1,0.0011325000086799264
24.400385299988557,1218,OPTIMAL,1,0.0010320000001229346
24.470770899992203,1222,OPTIMAL,1,0.004173100023763254
24.540543199982494,1225,OPTIMAL,1,0.00121640000725165
24.61076929999399,1229,OPTIMAL,1,0.0012920000008307397
24.68047839999781,1232,OPTIMAL,1,0.0011410000151954591
24.75065909998375,1236,OPTIMAL,1,0.0012562000192701817
24.820416100003058,1239,OPTIMAL,1,0.0010776999988593161
24.890636399999494,1243,OPTIMAL,1,0.0020457000064197928
24.96077829998103,1246,OPTIMAL,1,0.0024905999889597297
25.03071560000535,1250,OPTIMAL,1,0.0010984000109601766
25.100875000003725,1253,OPTIMAL,1,0.0011518000101204962
25.170701900002314,1257,OPTIMAL,1,0.0009703999967314303
25.240528900001664,1260,OPTIMAL,1,0.0012242000084370375
25.31068939997931,1264,OPTIMAL,1,0.0012314999767113477
25.380634400004055,1267,OPTIMAL,1,0.0011674999841488898
25.450903399992967,1271,OPTIMAL,1,0.0012478000135160983
25.52054539998062,1274,OPTIMAL,1,0.001155899983132258
25.590482100000372,1278,OPTIMAL,1,0.0010436000011395663
25.660684300004505,1281,OPTIMAL,1,0.0010387999936938286
25.730527000006987,1285,OPTIMAL,1,0.0012335999927017838
25.80043229999137,1288,OPTIMAL,1,0.0011916999937966466
25.870439599995734,1292,OPTIMAL,1,0.0013368000218179077
25.94075249999878,1295,OPTIMAL,1,0.0012772000045515597
26.010618900007103,1299,OPTIMAL,1,0.0014367999974638224
26.080745799990837,1302,OPTIMAL,1,0.0011935000075027347
26.15097029999015,1306,OPTIMAL,1,0.001161200023489073
26.22084759999416,1309,OPTIMAL,1,0.001033900014590472
26.29068659999757,1313,OPTIMAL,1,0.0012485999905038625
26.360841699992307,1316,OPTIMAL,1,0.001365699979942292
26.430753799999366,1320,OPTIMAL,1,0.0012150999973528087
26.500801799993496,1323,OPTIMAL,1,0.0011727000237442553
26.57088849999127,1327,OPTIMAL,1,0.0009741999965626746
26.64043759999913,1330,OPTIMAL,1,0.0012242999800946563
26.710411599982763,1334,OPTIMAL,1,0.0011783000081777573
26.780519599997206,1337,OPTIMAL,1,0.0011926999723073095
26.850573500007158,1341,OPTIMAL,1,0.0009902999736368656
26.920528799993917,1344,OPTIMAL,1,0.0015175000007729977
26.990415599982953,1348,OPTIMAL,1,0.0010529000137466937
27.060841400001664,1351,OPTIMAL,1,0.0011211000091861933
27.130960799986497,1355,OPTIMAL,1,0.0011709999816957861
27.200727499992354,1358,OPTIMAL,1,0.0017626000044401735
27.270621100004064,1362,OPTIMAL,1,0.0011801999935414642
27.340573499997845,1365,OPTIMAL,1,0.0009650999854784459
27.410802900005365,1369,OPTIMAL,1,0.000982600002316758
27.480438500002492,1372,OPTIMAL,1,0.0012264999968465418
27.5505990999809,1376,OPTIMAL,1,0.001181600004201755
27.620894599996973,1379,OPTIMAL,1,0.0012033999955747277
27.690509499982,1383,OPTIMAL,1,0.0025470999826211482
27.76088869999512,1386,OPTIMAL,1,0.0012143999920226634
27.830748499982292,1390,OPTIMAL,1,0.0012488999927882105
27.90051449998282,1393,OPTIMAL,1,0.00397670001257211
27.970426399988355,1397,OPTIMAL,1,0.0022499999904539436
28.040531200007536,1400,OPTIMAL,1,0.0009426000178791583
28.1106499999878,1404,OPTIMAL,1,0.001486499997554347
28.18081920000259,1407,OPTIMAL,1,0.0010405000066384673
28.250560199987376,1411,OPTIMAL,1,0.0012328999873716384
28.320554799982347,1414,OPTIMAL,1,0.000976100011030212
28.390578499995172,1418,OPTIMAL,1,0.0011784000089392066
28.460799199994653,1421,OPTIMAL,1,0.001333899999735877
28.53071409999393,1425,OPTIMAL,1,0.0017091000045184046
28.60054349998245,1428,OPTIMAL,1,0.0012809000036213547
28.67070779998903,1432,OPTIMAL,1,0.0012673000164795667
28.740508399991086,1435,OPTIMAL,1,0.0010198999952990562
28.81091669999296,1439,OPTIMAL,1,0.0016985000111162663
28.88075869999011,1442,OPTIMAL,1,0.001011700020171702
28.95042419998208,1446,OPTIMAL,1,0.001023100019665435
29.020500499987975,1449,OPTIMAL,1,0.001182800013339147
29.091003599984106,1453,OPTIMAL,1,0.0016838000155985355
29.160781799990218,1456,OPTIMAL,1,0.0012869999918621033
29.230546299979324,1460,OPTIMAL,1,0.0012703000102192163
29.300653499987675,1463,OPTIMAL,1,0.003118900000117719
29.370542099990416,1467,OPTIMAL,1,0.001344399992376566
29.440523099998245,1470,OPTIMAL,1,0.0011839000217150897
29.510372399992775,1474,OPTIMAL,1,0.00107709999429062
29.580518799979473,1477,OPTIMAL,1,0.001281300006667152
29.65072879998479,1481,OPTIMAL,1,0.0017462999967392534
29.72071429999778,1484,OPTIMAL,1,0.0011172000085934997
29.790980299992952,1488,OPTIMAL,1,0.002603500004624948
29.860630599985598,1491,OPTIMAL,1,0.0032823999936226755
29.930393099988578,1495,OPTIMAL,1,0.0011596000113058835
30.000710399996024,1498,OPTIMAL,1,0.0017217000131495297
30.07111160000204,1502,OPTIMAL,1,0.0012278000067453831
30.140859199978877,1505,OPTIMAL,1,0.0011692999978549778
30.21070259998669,1509,OPTIMAL,1,0.0010185999854002148
30.280902099999366,1512,OPTIMAL,1,0.0009846999892033637
30.35095920000458,1516,OPTIMAL,1,0.0011291000118944794
30.420396899979096,1519,OPTIMAL,1,0.0012586000084411353
30.49060349998763,1523,OPTIMAL,1,0.0032284999906551093
30.560584999999264,1526,OPTIMAL,1,0.0012568999954964966
30.630469299998367,1530,OPTIMAL,1,0.001028099999530241
30.700940999988234,1533,OPTIMAL,1,0.0010689999908208847
30.77082189999055,1537,OPTIMAL,1,0.0010288000048603863
30.84065890000784,1540,OPTIMAL,1,0.004281400004401803
30.910427099996014,1544,OPTIMAL,1,0.0013228000025264919
30.980490599991754,1547,OPTIMAL,1,0.0011557999823708087
31.05040770000778,1551,OPTIMAL,1,0.0011115999950561672
31.120463800005382,1554,OPTIMAL,1,0.0009707999997772276
31.190534199995454,1558,OPTIMAL,1,0.001243700011400506
31.26087080000434,1561,OPTIMAL,1,0.0011532999924384058
31.330845199991018,1565,OPTIMAL,1,0.0011033999908249825
31.400569199991878,1568,OPTIMAL,1,0.0018433000077493489
31.4708876000077,1572,OPTIMAL,1,0.0011737000022549182
31.54079470000579,1575,OPTIMAL,1,0.0011503999994602054
31.610725100006675,1579,OPTIMAL,1,0.0013101999938953668
31.68048889999045,1582,OPTIMAL,1,0.0015853999939281493
31.750355199998012,1586,OPTIMAL,1,0.0011798999912571162
31.820579699997324,1589,OPTIMAL,1,0.001573899993672967
31.890672899986384,1593,OPTIMAL,1,0.0012405000161379576
31.960760299989488,1596,OPTIMAL,1,0.0010020000045187771
32.030801399989286,1600,OPTIMAL,1,0.002543500013416633
32.10084959998494,1603,OPTIMAL,1,0.001345900003798306
32.170508599985624,1607,OPTIMAL,1,0.0009569000103510916
32.2408014999819,1610,OPTIMAL,1,0.0012006000033579767
32.31081890000496,1614,OPTIMAL,1,0.0014266999787651002
32.38042359999963,1617,OPTIMAL,1,0.001268099993467331
32.45072429999709,1621,OPTIMAL,1,0.0011711999832186848
32.52068819999113,1624,OPTIMAL,1,0.0012952999968547374
32.59068880000268,1628,OPTIMAL,1,0.0015070000081323087
32.66066150000552,1631,OPTIMAL,1,0.003717100014910102
32.730546200007666,1635,OPTIMAL,1,0.001119499997003004
32.800457899982575,1638,OPTIMAL,1,0.0015468999918084592
32.87072899998748,1642,OPTIMAL,1,0.0012200000055599958
32.940730799979065,1645,OPTIMAL,1,0.0010575999913271517
33.01053899998078,1649,OPTIMAL,1,0.0012845000019297004
33.08105219999561,1652,OPTIMAL,1,0.0013181999966036528
33.15082429998438,1656,OPTIMAL,1,0.0012374999932944775
33.22071979998145,1659,OPTIMAL,1,0.0017449000151827931
33.29058649999206,1663,OPTIMAL,1,0.0016752000083215535
33.360552500002086,1666,OPTIMAL,1,0.0012587999808602035
33.43053599999985,1670,OPTIMAL,1,0.0024095000117085874
33.50057020000531,1673,OPTIMAL,1,0.0013723000010941178
33.57108339999104,1677,OPTIMAL,1,0.0012953999976161867
33.64084609999554,1680,OPTIMAL,1,0.0013080000062473118
33.71074919999228,1684,OPTIMAL,1,0.001577599992742762
33.78035280000768,1687,OPTIMAL,1,0.0010126999986823648
33.850666199985426,1691,OPTIMAL,1,0.001199499994982034
33.92049930000212,1694,OPTIMAL,1,0.0011625000042840838
33.9908816999814,1698,OPTIMAL,1,0.003132799989543855
34.060798599995906,1701,OPTIMAL,1,0.0012080000014975667
34.130788699985715,1705,OPTIMAL,1,0.0011863000108860433
34.20044929999858,1708,OPTIMAL,1,0.0011696000001393259
34.27061489998596,1712,OPTIMAL,1,0.001143200002843514
34.34051479998743,1715,OPTIMAL,1,0.0009581999911461025
34.41069829999469,1719,OPTIMAL,1,0.0011829000141005963
34.481048899993766,1722,OPTIMAL,1,0.0012731000024359673
34.55083880000166,1726,OPTIMAL,1,0.0012060999870300293
34.620992099982686,1729,OPTIMAL,1,0.0011807000264525414
34.690745400002925,1733,OPTIMAL,1,0.0012546000070869923
34.760886999982176,1736,OPTIMAL,1,0.001296100002946332
34.83085509997909,1740,OPTIMAL,1,0.0011812000011559576
34.90061290000449,1743,OPTIMAL,1,0.0012060999870300293
34.9705227999948,1747,OPTIMAL,1,0.0010581999958958477
35.04067449999275,1750,OPTIMAL,1,0.0011683999910019338
35.11076119999052,1754,OPTIMAL,1,0.0012256000190973282
35.18107590000727,1757,OPTIMAL,1,0.0012140999897383153
35.251032100000884,1761,OPTIMAL,1,0.0010486000101082027
35.320561800006544,1764,OPTIMAL,1,0.0017819000058807433
35.39064510000753,1768,OPTIMAL,1,0.001365699979942292
35.4604718000046,1771,OPTIMAL,1,0.0011616999981924891
35.53063209998072,1775,OPTIMAL,1,0.005395099986344576
35.60060020000674,1778,OPTIMAL,1,0.0012128000089433044
35.67089589999523,1782,OPTIMAL,1,0.004474200017284602
35.74056189999101,1785,OPTIMAL,1,0.0013328000204637647
35.810751999990316,1789,OPTIMAL,1,0.0011928000021725893
35.880697499989765,1792,OPTIMAL,1,0.0011781999783124775
35.950614800007315,1796,OPTIMAL,1,0.000974599999608472
36.02038229999016,1799,OPTIMAL,1,0.0012529999949038029
36.09093449998181,1803,OPTIMAL,1,0.0019237000087741762
36.16056249997928,1806,OPTIMAL,1,0.0015350999892689288
36.23074959998485,1810,OPTIMAL,1,0.001144199981354177
36.30066710000392,1813,OPTIMAL,1,0.0040942000050563365
36.370755599986296,1817,OPTIMAL,1,0.001117999985581264
36.44064590000198,1820,OPTIMAL,1,0.0012595000152941793
36.51082779999706,1824,OPTIMAL,1,0.001221699989400804
36.58080009999685,1827,OPTIMAL,1,0.0011655999987851828
36.6504032999801,1831,OPTIMAL,1,0.0009814999939408153
36.72053880000021,1834,OPTIMAL,1,0.0010932000004686415
36.79085659998236,1838,OPTIMAL,1,0.0012966999784111977
36.86054829999921,1841,OPTIMAL,1,0.002754999994067475
36.9305148999847,1845,OPTIMAL,1,0.0016158000216819346
37.00080149999121,1848,OPTIMAL,1,0.001451499992981553
37.07043059999705,1852,OPTIMAL,1,0.0011817000049632043
37.140798000007635,1855,OPTIMAL,1,0.0042938000115100294
37.21055059999344,1859,OPTIMAL,1,0.0016057000029832125
37.280626399995526,1862,OPTIMAL,1,0.0012098000152036548
37.35087949997978,1866,OPTIMAL,1,0.0011989999911747873
37.4204087999824,1869,OPTIMAL,1,0.0010852999985218048
37.4905952999834,1873,OPTIMAL,1,0.0017547999741509557
37.56063389999326,1876,OPTIMAL,1,0.0014742999919690192
37.630707100004656,1880,OPTIMAL,1,0.0012139000173192471
37.70073549999506,1883,OPTIMAL,1,0.004199399991193786
37.770763699983945,1887,OPTIMAL,1,0.001340000017080456
37.84075319999829,1890,OPTIMAL,1,0.0012357999803498387
37.910763699997915,1894,OPTIMAL,1,0.0011042999976780266
37.98068209999474,1897,OPTIMAL,1,0.0012370999902486801
38.050584499986144,1901,OPTIMAL,1,0.0012032999948132783
38.12098099998548,1904,OPTIMAL,1,0.0036253000143915415
38.19053239998175,1908,OPTIMAL,1,0.002041500003542751
38.26081390000763,1911,OPTIMAL,1,0.0013120000076014549
38.33082469998044,1915,OPTIMAL,1,0.0014036000065971166
38.40085999999428,1918,OPTIMAL,1,0.0011424999975133687
38.470762299984926,1922,OPTIMAL,1,0.001645500015001744
38.54063829997904,1925,OPTIMAL,1,0.0011252000113017857
38.61082989998977,1929,OPTIMAL,1,0.0012335999927017838
38.68081920000259,1932,OPTIMAL,1,0.001124100002925843
38.75049269999727,1936,OPTIMAL,1,0.0016619999951217324
38.820722999982536,1939,OPTIMAL,1,0.001901599986013025
38.890787099982845,1943,OPTIMAL,1,0.0017254000122193247
38.960917799995514,1946,OPTIMAL,1,0.00456630002008751
39.030502599984175,1950,OPTIMAL,1,0.0012694999750237912
39.10046479999437,1953,OPTIMAL,1,0.001324000011663884
39.171247599995695,1957,OPTIMAL,1,0.0012864999880548567
39.2406622999988,1960,OPTIMAL,1,0.0022505999950226396
39.31065879997914,1964,OPTIMAL,1,0.0017029999871738255
39.380782799999,1967,OPTIMAL,1,0.0015190000121947378
39.45042779998039,1971,OPTIMAL,1,0.0015919000143185258
39.52046349999728,1974,OPTIMAL,1,0.0013986999983899295
39.59075020000455,1978,OPTIMAL,1,0.0012811000051442534
39.660769099980826,1981,OPTIMAL,1,0.001051500003086403
39.730846499995096,1985,OPTIMAL,1,0.0010934000019915402
39.8007013000024,1988,OPTIMAL,1,0.00312320000375621
39.87096410000231,1992,OPTIMAL,1,0.001216100004967302
39.940848400001414,1995,OPTIMAL,1,0.0029657999984920025
40.010785899998154,1999,OPTIMAL,1,0.0011085000005550683
40.080749399989145,2002,OPTIMAL,1,0.0011158999986946583
40.15092139999615,2006,OPTIMAL,1,0.0014152999792713672
40.22073669999372,2009,OPTIMAL,1,0.0011168999772053212
40.29050579998875,2013,OPTIMAL,1,0.0010149999870918691
40.3605653999839,2016,OPTIMAL,1,0.002929399983258918
40.430931099981535,2020,OPTIMAL,1,0.00157639998360537
40.500887899979716,2023,OPTIMAL,1,0.0030854999786242843
40.57076599998982,2027,OPTIMAL,1,0.0012420999992173165
40.6404651000048,2030,OPTIMAL,1,0.0034026000066660345
40.71048599999631,2034,OPTIMAL,1,0.0012175999872852117
40.78042729999288,2037,OPTIMAL,1,0.0011898999800905585
40.85045589998481,2041,OPTIMAL,1,0.0022846999927423894
40.92079979999107,2044,OPTIMAL,1,0.0010637999803293496
40.99066599999787,2048,OPTIMAL,1,0.00274840000201948
41.060379899980035,2051,OPTIMAL,1,0.0012432000075932592
41.13046280000708,2055,OPTIMAL,1,0.0014023999974597245
41.20066219998989,2058,OPTIMAL,1,0.001121000008424744
41.270432899997104,2062,OPTIMAL,1,0.0017041999963112175
41.34087189999991,2065,OPTIMAL,1,0.001129900017986074
41.41090980000445,2069,OPTIMAL,1,0.003005300008226186
41.480756000004476,2072,OPTIMAL,1,0.0012667999835684896
41.55077390000224,2076,OPTIMAL,1,0.0009794999787118286
41.62072099998477,2079,OPTIMAL,1,0.0019847000075969845
41.69077129999641,2083,OPTIMAL,1,0.0012644999951589853
41.76075829999172,2086,OPTIMAL,1,0.0013225000002421439
41.83075969998026,2090,OPTIMAL,1,0.0011538999970071018
41.90083070000401,2093,OPTIMAL,1,0.001178200007416308
41.97081509997952,2097,OPTIMAL,1,0.0012387000024318695
42.04072659998201,2100,OPTIMAL,1,0.0010032000136561692
42.11077739999746,2104,OPTIMAL,1,0.001127199997426942
42.18073229998117,2107,OPTIMAL,1,0.0015878999838605523
42.25074369998765,2111,OPTIMAL,1,0.0011895999778062105
42.32081569998991,2114,OPTIMAL,1,0.0010335000115446746
42.390827800001716,2118,OPTIMAL,1,0.0014832000015303493
42.46038010000484,2121,OPTIMAL,1,0.0018226999964099377
42.530402400007006,2125,OPTIMAL,1,0.0012286999844945967
42.60045649998938,2128,OPTIMAL,1,0.0013678999966941774
42.67051110000466,2132,OPTIMAL,1,0.0012103000190109015
42.74043599999277,2135,OPTIMAL,1,0.0029990999901201576
42.81073890000698,2139,OPTIMAL,1,0.0016477999743074179
42.880724899994675,2142,OPTIMAL,1,0.001299199997447431
42.950828200002434,2146,OPTIMAL,1,0.0011267000227235258
43.02049830000033,2149,OPTIMAL,1,0.0015449000056833029
43.090653499995824,2153,OPTIMAL,1,0.001195199991343543
43.160633999999845,2156,OPTIMAL,1,0.0012590000114869326
43.230768099980196,2160,OPTIMAL,1,0.001078099972801283
43.30048750000424,2163,OPTIMAL,1,0.0011388000275474042
43.37054839998018,2167,OPTIMAL,1,0.0010620999964885414
43.44041399998241,2170,OPTIMAL,1,0.000987200008239597
43.51089350000257,2174,OPTIMAL,1,0.001729599985992536
43.58056709999801,2177,OPTIMAL,1,0.0011314000003039837
43.650972000003094,2181,OPTIMAL,1,0.0013407000224106014
43.72081070000422,2184,OPTIMAL,1,0.0010691000206861645
43.79108559997985,2188,OPTIMAL,1,0.0022715999803040177
43.86097989999689,2191,OPTIMAL,1,0.0011298000172246248
43.93085119998432,2195,OPTIMAL,1,0.0026760000037029386
44.00101839998388,2198,OPTIMAL,1,0.0010806000209413469
44.07063810000545,2202,OPTIMAL,1,0.002898699982324615
44.140817499981495,2205,OPTIMAL,1,0.0011968999751843512
44.21082179999212,2209,OPTIMAL,1,0.0015042999875731766
44.280612100003054,2212,OPTIMAL,1,0.0012903000169899315
44.350623999984236,2216,OPTIMAL,1,0.001198800018755719
44.42048369999975,2219,OPTIMAL,1,0.0010746000043582171
44.4908177999896,2223,OPTIMAL,1,0.002092899987474084
44.560672499996144,2226,OPTIMAL,1,0.0010150999878533185
44.630652299994836,2230,OPTIMAL,1,0.00449069999740459
44.70057640000596,2233,OPTIMAL,1,0.0016733999946154654
44.77083349999157,2237,OPTIMAL,1,0.0017902000108733773
44.84048479999183,2240,OPTIMAL,1,0.0011907000152859837
44.9108040999854,2244,OPTIMAL,1,0.0011987999896518886
44.980824900005246,2247,OPTIMAL,1,0.001264399994397536
45.05051380000077,2251,OPTIMAL,1,0.001716600003419444
45.12074169999687,2254,OPTIMAL,1,0.001562799996463582
45.190516300004674,2258,OPTIMAL,1,0.0022320999996736646
45.260843800002476,2261,OPTIMAL,1,0.0010729999921750277
45.33049049999681,2265,OPTIMAL,1,0.0011946999875362962
45.400465899991104,2268,OPTIMAL,1,0.0012808999745175242
45.470756800001254,2272,OPTIMAL,1,0.004888299998128787
45.54074820000096,2275,OPTIMAL,1,0.001063500007148832
45.61076270000194,2279,OPTIMAL,1,0.001041900017298758
45.68069330000435,2282,OPTIMAL,1,0.0011171000078320503
45.75053940000362,2286,OPTIMAL,1,0.0010929999989457428
45.82078099998762,2289,OPTIMAL,1,0.0023167000035755336
45.89084809998167,2293,OPTIMAL,1,0.0027061000000685453
45.96068160000141,2296,OPTIMAL,1,0.0011440999805927277
46.030526999995345,2300,OPTIMAL,1,0.0021222000068519264
46.10065579999355,2303,OPTIMAL,1,0.0012274000036995858
46.170951000007335,2307,OPTIMAL,1,0.0010111999872606248
46.2404899999965,2310,OPTIMAL,1,0.002283900015754625
46.31085670000175,2314,OPTIMAL,1,0.0009441000001970679
46.38078539998969,2317,OPTIMAL,1,0.0011346999963279814
46.45082769999863,2321,OPTIMAL,1,0.0012390000047162175
46.52091829999699,2324,OPTIMAL,1,0.0012246000114828348
46.590755199984415,2328,OPTIMAL,1,0.0011079999967478216
46.66080329997931,2331,OPTIMAL,1,0.001277900009881705
46.73085439999704,2335,OPTIMAL,1,0.0023902000102680176
46.800720700004604,2338,OPTIMAL,1,0.0009695999906398356
46.8704357999959,2342,OPTIMAL,1,0.0010795000125654042
46.94065410000621,2345,OPTIMAL,1,0.0008597000269219279
47.01072699998622,2349,OPTIMAL,1,0.0010294000094290823
47.080535199987935,2352,OPTIMAL,1,0.0012006000033579767
47.15076200000476,2356,OPTIMAL,1,0.0010381999891251326
47.22093979999772,2359,OPTIMAL,1,0.0011298999888822436
47.290437099989504,2363,OPTIMAL,1,0.0012379999971017241
47.36059379999642,2366,OPTIMAL,1,0.0011507000017445534
47.4307739000069,2370,OPTIMAL,1,0.0029089000017847866
47.50103169999784,2373,OPTIMAL,1,0.003320600022561848
47.57085829999414,2377,OPTIMAL,1,0.0013070999993942678
47.64110489998711,2380,OPTIMAL,1,0.0011593000090215355
47.71059800000512,2384,OPTIMAL,1,0.002061400009552017
47.780709399987245,2387,OPTIMAL,1,0.001182200008770451
47.85040769999614,2391,OPTIMAL,1,0.0010196000221185386
47.92070309998235,2394,OPTIMAL,1,0.0011974000080954283
47.99068459999398,2398,OPTIMAL,1,0.0011360000062268227
48.060964500007685,2401,OPTIMAL,1,0.0014641000016126782
48.1304272999987,2405,OPTIMAL,1,0.0011475000064820051
48.200834399991436,2408,OPTIMAL,1,0.0009811000199988484
48.27090339999995,2412,OPTIMAL,1,0.0038123000122141093
48.340669099998195,2415,OPTIMAL,1,0.0012208999833092093
48.410634700005176,2419,OPTIMAL,1,0.0010955999896395952
48.48098110000137,2422,OPTIMAL,1,0.001361300004646182
48.550680799991824,2426,OPTIMAL,1,0.001232499984325841
48.62061270000413,2429,OPTIMAL,1,0.001211199996760115
48.69045870000264,2433,OPTIMAL,1,0.0009123999916482717
48.76073079998605,2436,OPTIMAL,1,0.001021600008243695
48.83080939998035,2440,OPTIMAL,1,0.0012309000012464821
48.90084879999631,2443,OPTIMAL,1,0.0031239000090863556
48.9708968999912,2447,OPTIMAL,1,0.0011693999986164272
49.04108399999677,2450,OPTIMAL,1,0.0010974000033456832
49.11064410000108,2454,OPTIMAL,1,0.001438500010408461
49.18072750000283,2457,OPTIMAL,1,0.0009573999850545079
49.250393299997086,2461,OPTIMAL,1,0.0011483999842312187
49.32037319999654,2464,OPTIMAL,1,0.0010841000184882432
49.391085799987195,2468,OPTIMAL,1,0.0019181999959982932
49.46097660000669,2471,OPTIMAL,1,0.004613900004187599
49.53062529998715,2475,OPTIMAL,1,0.0012187999964226037
49.600745200004894,2478,OPTIMAL,1,0.0010671000054571778
49.670863799983636,2482,OPTIMAL,1,0.0012122000043746084
49.74053409998305,2485,OPTIMAL,1,0.0010011999984271824
49.8104808999924,2489,OPTIMAL,1,0.0011387999984435737
49.88091720000375,2492,OPTIMAL,1,0.0011319000041112304
49.95082870000624,2496,OPTIMAL,1,0.0010943000088445842
50.02077449997887,2499,OPTIMAL,1,0.0009747000003699213
50.09084369998891,2503,OPTIMAL,1,0.0014845000114291906
50.160525799990864,2506,OPTIMAL,1,0.001141099986853078
50.23058889998356,2510,OPTIMAL,1,0.001213300012750551
50.300821799988626,2513,OPTIMAL,1,0.0011121999996248633
50.37081669998588,2517,OPTIMAL,1,0.001266200008103624
50.44065999999293,2520,OPTIMAL,1,0.0009574999858159572
50.51048639998771,2524,OPTIMAL,1,0.0009145999792963266
50.58078089999617,2527,OPTIMAL,1,0.0011054000060539693
50.65093869998236,2531,OPTIMAL,1,0.0011458999942988157
50.72083909998764,2534,OPTIMAL,1,0.0010770000226330012
50.790467499988154,2538,OPTIMAL,1,0.001038899994455278
50.860447899991414,2541,OPTIMAL,1,0.0009910999797284603
50.93057959998259,2545,OPTIMAL,1,0.0011935999791603535
51.00082990000374,2548,OPTIMAL,1,0.001236199983395636
51.07096029998502,2552,OPTIMAL,1,0.001186200010124594
51.140450699982466,2555,OPTIMAL,1,0.0010274999949615449
51.210628000000725,2559,OPTIMAL,1,0.0012661000073421746
51.28082970000105,2562,OPTIMAL,1,0.0011934000067412853
51.35043190000579,2566,OPTIMAL,1,0.001063500007148832
51.420404100004816,2569,OPTIMAL,1,0.000926399981835857
51.49046470000758,2573,OPTIMAL,1,0.0013293999945744872
51.56089389999397,2576,OPTIMAL,1,0.000991899985820055
51.63069649998215,2580,OPTIMAL,1,0.0010845999931916595
51.70100229998934,2583,OPTIMAL,1,0.003703399997903034
51.770656999986386,2587,OPTIMAL,1,0.0009254000033251941
51.84097200000542,2590,OPTIMAL,1,0.00445959999342449
51.91055909998249,2594,OPTIMAL,1,0.0011027999862562865
51.980473400006304,2597,OPTIMAL,1,0.0011030999885406345
52.05040710000321,2601,OPTIMAL,1,0.0010157999931834638
52.12057410000125,2604,OPTIMAL,1,0.0010646000155247748
52.190367300005164,2608,OPTIMAL,1,0.0012005000025965273
52.26055229999474,2611,OPTIMAL,1,0.0010782000026665628
52.33061949998955,2615,OPTIMAL,1,0.0009320999961346388
52.400711299997056,2618,OPTIMAL,1,0.0011058999807573855
52.47083499998553,2622,OPTIMAL,1,0.0011858000070787966
52.540530500002205,2625,OPTIMAL,1,0.001323400007095188
52.61054949997924,2629,OPTIMAL,1,0.0013270000054035336
52.68070539998007,2632,OPTIMAL,1,0.0012543000048026443
52.7506005000032,2636,OPTIMAL,1,0.0011508000025060028
52.82055869998294,2639,OPTIMAL,1,0.001123499998357147
52.89060590000008,2643,OPTIMAL,1,0.0012082000030204654
52.9606960999954,2646,OPTIMAL,1,0.0010442000057082623
53.030772900005104,2650,OPTIMAL,1,0.0012520999880507588
53.10077439999441,2653,OPTIMAL,1,0.0011132000072393566
53.17092020000564,2657,OPTIMAL,1,0.0009853000228758901
53.24055980000412,2660,OPTIMAL,1,0.0010725000174716115
53.31053649997921,2664,OPTIMAL,1,0.0010368999792262912
53.380388299992774,2667,OPTIMAL,1,0.001196700002765283
53.45075519999955,2671,OPTIMAL,1,0.0010670000046957284
53.52039759999025,2674,OPTIMAL,1,0.0011346999963279814
53.59076049999567,2678,OPTIMAL,1,0.0010229999898001552
53.66081589998794,2681,OPTIMAL,1,0.0010563000105321407
53.730440399987856,2685,OPTIMAL,1,0.0014594999956898391
53.80102459999034,2688,OPTIMAL,1,0.000999299983959645
53.87073299998883,2692,OPTIMAL,1,0.0011981999850831926
53.940843299991684,2695,OPTIMAL,1,0.0011597999837249517
54.010691000003135,2699,OPTIMAL,1,0.0011474000057205558
54.08081200000015,2702,OPTIMAL,1,0.0011867000139318407
54.15084479999496,2706,OPTIMAL,1,0.0012885000032838434
54.22064889999456,2709,OPTIMAL,1,0.0011400000075809658
54.290743299992755,2713,OPTIMAL,1,0.0012490000226534903
54.36051679999218,2716,OPTIMAL,1,0.0011411999876145273
54.430980400007684,2720,OPTIMAL,1,0.0009811999916564673
54.500914300006116,2723,OPTIMAL,1,0.0014976999955251813
54.57045110000763,2727,OPTIMAL,1,0.0013731000071857125
54.64061129998299,2730,OPTIMAL,1,0.0012516000133473426
54.710525600006804,2734,OPTIMAL,1,0.0012106999929528683
54.780844199995045,2737,OPTIMAL,1,0.0011317000025883317
54.85045679999166,2741,OPTIMAL,1,0.0013398000155575573
54.920583300001454,2744,OPTIMAL,1,0.0011500999971758574
54.990448299999116,2748,OPTIMAL,1,0.0012614000006578863
55.06066489999648,2751,OPTIMAL,1,0.001139800006058067
55.13062239999999,2755,OPTIMAL,1,0.0011665999772958457
55.20062909999979,2758,OPTIMAL,1,0.0010303999879397452
55.27051189998747,2762,OPTIMAL,1,0.0011273999989498407
55.34043169999495,2765,OPTIMAL,1,0.0009581999911461025
55.41055810000398,2769,OPTIMAL,1,0.0014184000028762966
55.48060959999566,2772,OPTIMAL,1,0.0012338999949861318
55.55060029999004,2776,OPTIMAL,1,0.001264099992113188
55.62050389999058,2779,OPTIMAL,1,0.0012256000190973282
55.690629899996566,2783,OPTIMAL,1,0.0012775000068359077
55.76088630000595,2786,OPTIMAL,1,0.0013892999850213528
55.8305846999865,2790,OPTIMAL,1,0.0012227000261191279
55.90083169998252,2793,OPTIMAL,1,0.0012430999777279794
55.97103329998208,2797,OPTIMAL,1,0.0012497999996412545
56.040937999991,2800,OPTIMAL,1,0.00106229999801144
56.110731799999485,2804,OPTIMAL,1,0.0014056000218261033
56.18065189998015,2807,OPTIMAL,1,0.0009661999938543886
56.25048970000353,2811,OPTIMAL,1,0.0013876000011805445
56.32103890000144,2814,OPTIMAL,1,0.0033097999985329807
56.390661099983845,2818,OPTIMAL,1,0.0013248999894130975
56.46082869998645,2821,OPTIMAL,1,0.0015583999920636415
56.53106169999228,2825,OPTIMAL,1,0.001261900004465133
56.60047849998227,2828,OPTIMAL,1,0.0012915999977849424
56.67078769998625,2832,OPTIMAL,1,0.0013159000081941485
56.74096769999596,2835,OPTIMAL,1,0.0047605000145267695
56.8103341999813,2839,OPTIMAL,1,0.001181900006486103
56.88089669999317,2842,OPTIMAL,1,0.001211199996760115
56.950691999983974,2846,OPTIMAL,1,0.001310100022237748
57.02053350000642,2849,OPTIMAL,1,0.0011672000109683722
57.09074369998416,2853,OPTIMAL,1,0.0012505000049714
57.160565700003644,2856,OPTIMAL,1,0.001045000011799857
57.23043070000131,2860,OPTIMAL,1,0.001059899979736656
57.300969599979,2863,OPTIMAL,1,0.0019076000025961548
57.37057699999423,2867,OPTIMAL,1,0.001280399999814108
57.44078069998068,2870,OPTIMAL,1,0.00127119998796843
57.510588899982395,2874,OPTIMAL,1,0.0009988999809138477
57.58062809999683,2877,OPTIMAL,1,0.0011858999787364155
57.65039150000666,2881,OPTIMAL,1,0.0012331999896559864
57.72041919999174,2884,OPTIMAL,1,0.0009714000043459237
57.790838899993105,2888,OPTIMAL,1,0.0010823000047821552
57.86094889999367,2891,OPTIMAL,1,0.0010517000046093017
57.93093889998272,2895,OPTIMAL,1,0.001167700014775619
58.00091549998615,2898,OPTIMAL,1,0.003973100014263764
58.070443599979626,2902,OPTIMAL,1,0.0010705000022426248
58.14052879999508,2905,OPTIMAL,1,0.001182200008770451
58.2104277999897,2909,OPTIMAL,1,0.0010102999804075807
58.280590199981816,2912,OPTIMAL,1,0.0012848000042140484
58.350760100001935,2916,OPTIMAL,1,0.0012177000171504915
58.42040820000693,2919,OPTIMAL,1,0.0012246999831404537
58.49041559998295,2923,OPTIMAL,1,0.0011406999838072807
58.56076759999269,2926,OPTIMAL,1,0.0012052999809384346
58.63038299998152,2930,OPTIMAL,1,0.0010144000116270036
58.70075779999024,2933,OPTIMAL,1,0.001260000019101426
58.77061819998198,2937,OPTIMAL,1,0.0011335999879520386
58.84084289998282,2940,OPTIMAL,1,0.0012486999912653118
58.91082739998819,2944,OPTIMAL,1,0.0012544000055640936
58.980443299980834,2947,OPTIMAL,1,0.0010426999942865223
59.05044629998156,2951,OPTIMAL,1,0.001292100001592189
59.120850499981316,2954,OPTIMAL,1,0.0012796000228263438
59.19080270000268,2958,OPTIMAL,1,0.0012415999954100698
59.26074959998368,2961,OPTIMAL,1,0.0012244000099599361
59.330778100003954,2965,OPTIMAL,1,0.001125600014347583
59.40070299999206,2968,OPTIMAL,1,0.0011132000072393566
59.47072909999406,2972,OPTIMAL,1,0.001357900007860735
59.54082799999742,2975,OPTIMAL,1,0.0024944000178948045
59.61065759998746,2975,OPTIMAL,1,0.0013244999863673002
59.680741899996065,2975,OPTIMAL,1,0.0012343999987933785
59.75100309998379,2975,OPTIMAL,1,0.0012103999906685203
59.82055859998218,2975,OPTIMAL,1,0.0012758999946527183
59.89115439998568,2975,OPTIMAL,1,0.004555799998342991
59.96068629997899,2975,OPTIMAL,1,0.0013700000126846135
60.030797499988694,2975,OPTIMAL,1,0.0011913999915122986
60.10054479999235,2975,OPTIMAL,1,0.0013194000057410449
60.17064999998547,2975,OPTIMAL,1,0.0018396000086795539
60.24065639998298,2975,OPTIMAL,1,0.0012445999891497195
60.31085670000175,2975,OPTIMAL,1,0.0013823000190313905
60.380495199991856,2975,OPTIMAL,1,0.001233399991178885
60.45066430000588,2975,OPTIMAL,1,0.001298899995163083
