time,reference_index,v1,v2,delta_command,acceleration_command,slack_value,mip_gap,solver_status,solver_success,solve_time
4.00003045797348e-07,0,1.0,0.0,0.0,1.0,0.0,8.373923290532141e-12,MIQP_OPTIMAL,1,0.0068583000102080405
0.0874084000242874,3,1.0,0.0,0.0,1.0,0.0,3.685282973077241e-12,MIQP_OPTIMAL,1,0.0048850999446585774
0.18755380000220612,7,1.0,0.0,0.0,1.0,0.0,1.6656259847558886e-12,MIQP_OPTIMAL,1,0.004931800009217113
0.28749190003145486,9,1.0,0.0,0.0,1.0,0.0,1.3535752578339637e-11,MIQP_OPTIMAL,1,0.006500300019979477
0.3875615000142716,12,1.0,0.0,0.0,1.0,0.0,9.05415440260947e-13,MIQP_OPTIMAL,1,0.004750200023408979
0.48758750001434237,15,0.9999999986491073,0.0,0.0,0.9999999986491073,0.0,0.0,MIQP_OPTIMAL,1,0.005640799994580448
0.5882982999901287,17,1.0,0.0,0.0,1.0,0.0,1.4479987062221995e-12,MIQP_OPTIMAL,1,0.006764299992937595
0.6877050999901257,20,1.0,0.0,0.0,1.0,0.0,0.0,MIQP_OPTIMAL,1,0.005505800014361739
0.7877817000262439,22,1.0,0.0,0.0,1.0,0.0,5.3476419004965995e-12,MIQP_OPTIMAL,1,0.006423800019547343
0.8879847999778576,25,1.0,0.0,0.0,1.0,0.0,4.501939142153526e-11,MIQP_OPTIMAL,1,0.006526099983602762
0.9877874000230804,27,1.0,0.0,0.0,1.0,0.0,1.2539722159661752e-12,MIQP_OPTIMAL,1,0.006969900045078248
1.1217871999833733,30,1.0,0.0,0.0,1.0,0.0,2.7646494489497086e-11,MIQP_OPTIMAL,1,0.0052779000252485275
1.2210094000329264,32,0.9999999979988428,0.0,0.0,0.9999999979988428,0.0,0.0,MIQP_OPTIMAL,1,0.006247100012842566
1.3218906000256538,35,1.0,0.0,0.0,1.0,0.0,4.304307903745882e-11,MIQP_OPTIMAL,1,0.010070000018458813
1.455355399986729,38,0.9999999960699166,0.0,0.0,0.9999999960699166,0.0,0.0,MIQP_OPTIMAL,1,0.011553899967111647
1.5881484000128694,41,1.0,0.0,0.0,1.0,0.0,0.0,MIQP_OPTIMAL,1,0.008954100019764155
1.6883997999830171,43,1.0,0.0,0.0,1.0,0.0,3.229951999282843e-11,MIQP_OPTIMAL,1,0.00808070000493899
1.8209980999818072,47,0.9999999819085594,0.0,0.0,0.9999999819085594,0.0,0.0,MIQP_OPTIMAL,1,0.011148500023409724
1.9637454000185244,50,1.0,0.0,0.0,1.0,0.0,2.6661517420989603e-12,MIQP_OPTIMAL,1,0.008096400008071214
2.088661400019191,53,1.0,0.0,0.0,1.0,0.0,3.1038700851398855e-12,MIQP_OPTIMAL,1,0.00883490004343912
2.2209657999919727,57,1.0,0.0,0.0,1.0,0.0,9.747083834699992e-11,MIQP_OPTIMAL,1,0.006409600027836859
2.3209654000238515,60,0.9999999745917625,0.0,0.0,0.9999999745917625,0.0,0.0,MIQP_OPTIMAL,1,0.006069600000046194
2.4207984000095166,63,0.9975573927436481,0.0,0.0,0.9975573927436481,0.0,8.30538638352269e-11,MIQP_OPTIMAL,1,0.0054308000253513455
2.5208705000113696,66,0.9497984272891127,0.0,0.0,0.9497984272891127,0.0,1.4226026691024923e-07,MIQP_OPTIMAL,1,0.0056594000197947025
2.6207908000214957,69,0.9022838910234336,0.0,0.0,0.9022838910234336,0.0,4.923543988528863e-06,MIQP_OPTIMAL,1,0.00601229997118935
2.7209459000150673,72,0.8543024080810768,0.0,0.0,0.8543024080810768,0.0,5.219029935331099e-05,MIQP_OPTIMAL,1,0.005956400011200458
2.821577700029593,76,0.8080587873578955,0.0,0.0,0.8080587873578955,0.0,7.46971287039182e-05,MIQP_OPTIMAL,1,0.008010499994270504
2.9207335999817587,80,0.7630979991478806,0.016501415430577815,0.019637033918864254,0.7630979991478806,0.0,0.0,MIQP_OPTIMAL,1,0.008612099976744503
3.021688000007998,85,0.7198667788139621,0.02800518027400123,0.02949498647708917,0.7199156314451448,0.0,0.0,MIQP_OPTIMAL,1,0.017102600017096847
3.1209457999793813,90,0.6778789392439467,0.03823921532775178,0.033705598136073475,0.678166723657376,0.0,0.0,MIQP_OPTIMAL,1,0.016560299962293357
3.2208485000301152,95,0.6374463941455073,0.04868199791277574,0.03662639043368855,0.6381756039094745,0.0,0.0,MIQP_OPTIMAL,1,0.01700280001387
3.3208290000329725,101,0.5980970968134468,0.059629711633864595,0.03957878759881748,0.5994826854352648,0.0,0.0,MIQP_OPTIMAL,1,0.019725599966477603
3.4208787999814376,107,0.5612201747432465,0.06969145112822125,0.04158926817967248,0.5634607608171418,0.0,1.5938971323959614e-05,MIQP_OPTIMAL,1,0.014403000008314848
3.5209555000183173,113,0.5268679579889651,0.07627577233423687,0.040739927745479375,0.5300256010021382,0.0,0.0,MIQP_OPTIMAL,1,0.017234400031156838
3.6207717999932356,119,0.4953505006372064,0.07640883557749684,0.03529138177344774,0.4991665601130397,0.0,0.0,MIQP_OPTIMAL,1,0.01952040003379807
3.7546287000295706,126,0.4673341421609097,0.06148195173094735,0.018239454300884604,0.47073045359281035,0.0,0.0,MIQP_OPTIMAL,1,0.016401000029873103
3.8542140999925323,132,0.4403862187243124,0.0349603446745127,-0.002925644690760864,0.4417529679792263,0.0,0.0,MIQP_OPTIMAL,1,0.03514649998396635
3.9874287000275217,140,0.41419539127084337,-0.023601728916610075,-0.0431776359091827,0.41015474465784046,0.0,0.0,MIQP_OPTIMAL,1,0.024392499995883554
4.088299900002312,146,0.38531038753003816,-0.0849437224311316,-0.07932559415938119,0.376283792004568,0.0,0.0,MIQP_OPTIMAL,1,0.018769300018902868
4.187472100020386,152,0.3507916645746682,-0.1530368872604244,-0.11449199005283009,0.339164228734768,0.0,0.0,MIQP_OPTIMAL,1,0.020564000005833805
4.288165299978573,158,0.31039498250087616,-0.22479892301610302,-0.14813104579656103,0.30115609597100806,0.0,0.0,MIQP_OPTIMAL,1,0.0198194999829866
4.387735800002702,165,0.2640859286554219,-0.2961941791943226,-0.17929521229877088,0.26476875388283455,0.0,0.0,MIQP_OPTIMAL,1,0.019906400004401803
4.487471300002653,172,0.21082316213015087,-0.36540397355155274,-0.2082357768891604,0.23098462844113776,0.0,0.0,MIQP_OPTIMAL,1,0.023191099986433983
4.587652400019579,179,0.14939463150747678,-0.4315793958884087,-0.23597512076618768,0.20028018515702134,0.0,0.0,MIQP_OPTIMAL,1,0.019443299970589578
4.687579900026321,187,0.07644332846794157,-0.49064730542092233,-0.26180331326216105,0.17032507735530994,0.0,0.0,MIQP_OPTIMAL,1,0.021813100029248744
4.821067399985623,198,0.060302877976237984,-0.2595602476493081,-0.12882814141550736,0.13600287711523848,0.0,0.0,MIQP_OPTIMAL,1,0.06855859997449443
4.987632900010794,212,0.20849892141200552,0.5892755940255846,0.33336565511739086,-0.0645148869020499,0.0,5.453957638546311e-06,MIQP_OPTIMAL,1,0.09440750000067055
5.1547851000214,227,-0.42359061882941723,1.3864734205381621,0.5236,-1.0,0.016146672340949825,2.889523379847574e-13,MIQP_OPTIMAL,1,0.06515749997925013
5.320788700017147,240,1.2303791558587331,0.7718099627041065,0.5236,0.9999999999999998,0.01522526889417919,2.490119544224977e-09,MIQP_OPTIMAL,1,0.060971700004301965
5.454283899976872,248,-0.9651561928333989,-1.0341265259098167,-0.5236,-0.951063705674108,0.0,0.0,MIQP_OPTIMAL,1,0.061970399983692914
5.587573099997826,254,-0.8789056748454727,-1.1560170768464968,-0.5236,-1.0,0.0,3.600922313651084e-13,MIQP_OPTIMAL,1,0.021527300006709993
5.68752089998452,259,-1.066319325494354,-0.9725655931927397,-0.5235999999999998,-0.9999999999999999,0.0,0.0,MIQP_OPTIMAL,1,0.030896800046321005
5.821042100025807,270,-1.2510931955297704,-0.6836565054226889,-0.5235999999999998,-0.9999999999999999,0.0,0.0,MIQP_OPTIMAL,1,0.09337020001839846
6.0209267000318505,295,-0.7791804796568244,0.6066858424542615,0.0213207818922293,-0.98685269599349,0.0,5.601735795331367e-05,MIQP_OPTIMAL,1,0.12181079998845235
6.254221800016239,316,1.2933666933382693,-0.18322632807961128,0.5236,0.9055097326217301,0.07412975982141701,5.904480136491914e-15,MIQP_OPTIMAL,1,0.07842470001196489
6.4210164999822155,330,1.335645510642368,-0.19737625787171897,0.5235999999999998,1.0,0.06663524779236776,9.783068078680773e-16,MIQP_OPTIMAL,1,0.06306959997164086
6.554321400006302,342,-0.5277240712133323,-0.7230474793749581,-0.5236,0.032722286050918925,0.0,0.0,MIQP_OPTIMAL,1,0.025892099947668612
6.656135199998971,350,-0.6160253634282954,-0.6642593999252239,-0.5235999999955099,-0.12286830506920127,0.0,0.0,MIQP_OPTIMAL,1,0.014095500053372234
6.754206500016153,359,-0.37994858335425064,-0.8875219016804866,-0.5235999999988384,0.3521662513887457,0.0,0.0,MIQP_OPTIMAL,1,0.01582660002168268
6.854182699986268,368,-0.3161998827462531,-1.098127721853876,-0.5235999999829848,0.7041545580848019,0.0,0.0,MIQP_OPTIMAL,1,0.017987500003073364
6.955188399995677,377,-0.3875080727109622,-1.267781544858991,-0.5235999999971968,0.9660667724294565,0.0,0.0,MIQP_OPTIMAL,1,0.013951500004623085
7.054177600017283,385,-0.6067869507995645,-1.2195282806633823,-0.5235999269247603,0.9999999999383403,0.0,0.0,MIQP_OPTIMAL,1,0.015578199992887676
7.1542650000192225,393,-0.2364935012925055,-1.0310183753935185,-0.2062354246127739,0.9999999999999999,0.0,0.0,MIQP_OPTIMAL,1,0.025225299992598593
7.254321000014897,400,0.16675081106267342,-0.9178189456811976,0.11775574119384223,0.9106241129325667,0.0,0.0,MIQP_OPTIMAL,1,0.023535799991805106
7.354594000033103,406,0.40033691052636455,-0.6664961919190019,0.2461147876926873,0.6352217190105843,0.0,0.0,MIQP_OPTIMAL,1,0.022149199969135225
7.45435269997688,412,0.47848378776307304,-0.40159958875468243,0.2542970226457532,0.3946653441832344,0.0,0.0,MIQP_OPTIMAL,1,0.023795099987182766
7.554670499986969,420,0.49917298027028323,-0.16881573118485949,0.2449120663817129,0.20747170549571298,0.0,0.0,MIQP_OPTIMAL,1,0.02411149995168671
7.655126700003166,428,0.5326529810969408,0.031688437495461526,0.25859778813215856,0.060594876994960536,0.0,0.0,MIQP_OPTIMAL,1,0.02134669997030869
7.7541663000010885,437,0.5919002001834884,0.23488665646743678,0.2982802521251859,-0.06998458355790257,0.0,0.0,MIQP_OPTIMAL,1,0.019226400007028133
7.855061099980958,446,0.6523065515742388,0.4675314301963432,0.3544307374236161,-0.19956116829959936,0.0,0.0,MIQP_OPTIMAL,1,0.02389079995919019
7.954446599993389,455,0.676321525372119,0.7380128750231217,0.41749760166363076,-0.33266748675291624,0.0,0.0,MIQP_OPTIMAL,1,0.021076200006064028
8.054279499978293,465,0.6177804591752831,1.0486908580151444,0.48082972355299475,-0.4822859597233877,0.0,0.0,MIQP_OPTIMAL,1,0.021970300003886223
8.154236799979117,475,0.4056977402992672,1.334354590808212,0.5236,-0.6463280870183248,0.0,0.0,MIQP_OPTIMAL,1,0.021014300000388175
8.254453100031242,486,0.03520911580103461,1.4574548626702961,0.5236,-0.7889032908740251,0.0,0.0,MIQP_OPTIMAL,1,0.021788800018839538
8.354250499978662,495,-0.3920075538438718,1.4844760769862297,0.5235999999999998,-0.948814284320775,0.0,0.0,MIQP_OPTIMAL,1,0.04051140003139153
8.48759680002695,506,-0.7958782657663019,1.3249033927029186,0.5235999999999998,-0.9999999999999999,0.0,0.0,MIQP_OPTIMAL,1,0.04080650000832975
8.620923999988008,517,-0.9409458514150135,1.0743661454530733,0.5236,-0.8568405732065519,0.0,0.0,MIQP_OPTIMAL,1,0.05620469996938482
8.754174900008366,526,-0.9017992428135567,0.8684107115751518,0.5236,-0.5964692745227411,0.0,0.0,MIQP_OPTIMAL,1,0.016388599993661046
8.85423019999871,531,-0.9225172633994645,0.7154023024848496,0.5236,-0.49095591666341637,0.0,0.0,MIQP_OPTIMAL,1,0.04624940000940114
8.98758389998693,539,-0.9198194396595799,0.5573233983250934,0.5236,-0.3450460873009335,0.0,0.0,MIQP_OPTIMAL,1,0.06243920000270009
9.15414790000068,552,-0.868949627636098,0.4665124625510523,0.5236,-0.10294131229926329,0.0,0.0,MIQP_OPTIMAL,1,0.02086679998319596
9.25425619998714,564,-0.55454862426025,0.4581713390007114,0.4008052632784104,0.18219315340734563,0.0,0.0,MIQP_OPTIMAL,1,0.015603500010911375
9.387544600002002,581,0.38330600688383454,0.3536779882026413,-0.17981972896326887,0.4318339414829236,0.0,0.0,MIQP_OPTIMAL,1,0.01334169995971024
9.487569499993697,588,0.7959549452160293,0.14602975168904697,-0.4467437622965499,0.27543865966036385,0.0,0.0,MIQP_OPTIMAL,1,0.014016900036949664
9.58752669999376,593,0.8988511726130541,-0.07073631089644938,-0.5111693033144921,0.1550186021200801,0.0,0.0,MIQP_OPTIMAL,1,0.013119400013238192
9.68754260003334,598,0.8616636174204739,-0.24471978722020626,-0.5111875249736099,0.11106441032815048,0.0,0.0,MIQP_OPTIMAL,1,0.013096600014250726
9.787798099976499,603,0.7788419976939736,-0.3565838954911438,-0.49082819792452465,0.11598333301130259,0.0,0.0,MIQP_OPTIMAL,1,0.03389049996621907
9.921020200010389,610,0.6555769188010997,-0.4030019035028179,-0.4399729120185344,0.17645484796761463,0.0,0.0,MIQP_OPTIMAL,1,0.016674300015438348
10.020946600008756,615,0.562069411728012,-0.37339844878506673,-0.37766236276152093,0.23105293631716822,0.0,0.0,MIQP_OPTIMAL,1,0.018187400011811405
10.1209499000106,619,0.47932385388669135,-0.3063862437310549,-0.2997744012766451,0.27450083960612115,0.0,0.0,MIQP_OPTIMAL,1,0.01570210000500083
10.220841100031976,624,0.41427939511710177,-0.21620417789464494,-0.21505373944330514,0.3033959489238509,0.0,0.0,MIQP_OPTIMAL,1,0.0130306999781169
10.320864100009203,628,0.365947562732863,-0.12202786944022548,-0.13460565024332136,0.3150117248594191,0.0,0.0,MIQP_OPTIMAL,1,0.013051699963398278
10.420847100031096,632,0.32827888789788295,-0.03925530434574384,-0.06779044356470963,0.31061331181335117,0.0,0.0,MIQP_OPTIMAL,1,0.01664449996314943
10.554336300003342,636,0.29338270470144057,0.055443346968067506,0.0015938620947418313,0.29856339318230285,0.0,0.0,MIQP_OPTIMAL,1,0.013667499995790422
10.654323700000532,640,0.2693608577413649,0.10158633049227525,0.032908606919686625,0.28225313313530653,0.0,0.0,MIQP_OPTIMAL,1,0.012717899982817471
10.75422579998849,644,0.2509142169860443,0.12056390103404184,0.04415042412321804,0.26744469894619616,0.0,0.0,MIQP_OPTIMAL,1,0.013085099984891713
10.854533199977595,647,0.2353511354965999,0.12566243333634317,0.04592902047148961,0.25399962893372363,0.0,0.0,MIQP_OPTIMAL,1,0.013176600041333586
10.954296100011561,651,0.22051774087935344,0.12561734075536626,0.044560579912422245,0.24068079543234897,0.0,0.0,MIQP_OPTIMAL,1,0.014833400025963783
11.054176400008146,654,0.20598452360126407,0.12657717042070563,0.043956332856226986,0.22792485835929793,0.0,0.0,MIQP_OPTIMAL,1,0.013502700021490455
11.15429460001178,658,0.1897507561474991,0.13254316724629991,0.0464522562695286,0.2146826644754768,0.0,0.0,MIQP_OPTIMAL,1,0.013080400007311255
11.254241999995429,661,0.17098852115300908,0.14637979647679147,0.05347340076224061,0.20114393895732102,0.0,0.0,MIQP_OPTIMAL,1,0.012706100009381771
11.354184299998451,665,0.14886594779509968,0.16936807625902908,0.0655279688905396,0.18740826712271985,0.0,0.0,MIQP_OPTIMAL,1,0.01413899997714907
11.454252700030338,669,0.11977820649840355,0.19855525060887091,0.08107600687467995,0.1700982657162477,0.0,0.0,MIQP_OPTIMAL,1,0.01489749999018386
11.554318399983458,674,0.09008242234267261,0.22935060363116513,0.09725645363770347,0.1550422787728169,0.0,0.0,MIQP_OPTIMAL,1,0.0137817999930121
11.65476220002165,678,0.061508278466252175,0.25442641337943334,0.11021149033453051,0.14232558110582466,0.0,0.0,MIQP_OPTIMAL,1,0.017746999976225197
11.754539799992926,683,0.037899362398179696,0.26821480857708957,0.11698874031646214,0.13343795879993225,0.0,0.0,MIQP_OPTIMAL,1,0.013339700002688915
11.854312099982053,689,0.02132271781424181,-0.022473724387241455,-0.014397196231678991,0.010426045409280323,0.0,0.0,MIQP_OPTIMAL,1,0.02563589997589588
11.987582200032193,697,-0.002674448854984258,-0.4637441232294469,-0.200355692683723,-0.2070441451423873,0.0,0.0,MIQP_OPTIMAL,1,0.028822199965361506
12.121065100014675,705,-0.11172417110696643,-0.661083681319132,-0.2638914991926486,-0.3756850872734552,0.0,0.0,MIQP_OPTIMAL,1,0.05788079998455942
12.287608699989505,716,-0.4069972031346176,-0.7028055526481308,-0.26244916622100584,-0.5954828912561934,0.0,6.217352120018376e-05,MIQP_OPTIMAL,1,0.06129699997836724
12.420953600027133,727,-0.7189634665416669,-0.5278470841012037,-0.1921323922122132,-0.7986026895545172,0.0,1.5110023222184684e-05,MIQP_OPTIMAL,1,0.04638889996567741
12.554305800003931,738,-1.0009690085045984,-0.01097122707643918,0.022488557766403093,-1.0,0.0,9.657214297100322e-05,MIQP_OPTIMAL,1,0.05031079996842891
12.687642299977597,749,-0.9967558440792276,0.4160994760932883,0.20382976610617973,-1.0,0.0,2.3345505236457808e-05,MIQP_OPTIMAL,1,0.07290150003973395
12.854518999985885,759,-1.005916961310382,0.22951886856723766,0.13173248262355577,-1.0,0.0,3.2110322314741326e-05,MIQP_OPTIMAL,1,0.05270519998157397
12.98757460003253,766,-0.8826497986039592,-1.1651379804245456,-0.5236,-1.0,0.0023531863214043547,9.755655292143226e-05,MIQP_OPTIMAL,1,0.05542580003384501
13.121181600028649,772,-0.9006115476736329,-1.1092892906314509,-0.5236,-1.0,0.012188060187977079,8.6714548299396e-05,MIQP_OPTIMAL,1,0.047714399988763034
13.254276100022253,776,0.8772256873322776,-1.0826652398926764,-0.5235999999999998,0.9999999999999983,0.005306861604602198,8.973280292654207e-05,MIQP_OPTIMAL,1,0.044859300018288195
13.387659500003792,779,-0.6474827305833409,1.199439916070192,0.5236,-1.0,0.0,0.0,MIQP_OPTIMAL,1,0.016793700051493943
13.48753330000909,779,-0.5891547523797942,1.2110813468637907,0.5236,-1.0,0.0,0.0,MIQP_OPTIMAL,1,0.017455500026699156
13.587541099986993,781,-0.7753455300272499,1.0742927244905718,0.5236,-1.0,0.0,0.0,MIQP_OPTIMAL,1,0.017802199989091605
13.687691800005268,782,-0.9289686715662193,0.9098654263880848,0.5235999999993419,-0.9999999999995278,0.0,0.0,MIQP_OPTIMAL,1,0.012356400024145842
13.78756520000752,785,-1.0469196686499271,0.7267927920478398,0.5236,-1.0,0.0,0.0,MIQP_OPTIMAL,1,0.015711600019130856
13.888443100033328,787,-1.1284588991550022,0.5333670229477603,0.523599999999809,-0.9999999999990276,0.0,0.0,MIQP_OPTIMAL,1,0.009230700030457228
13.987662400002591,790,-1.174838553454959,0.3375974397170505,0.5235999999998111,-0.9999999999988614,0.0,0.0,MIQP_OPTIMAL,1,0.010498899966478348
14.087733299995307,793,-1.188524585514573,0.14546895432490037,0.5235999999953256,-0.9999999999369866,0.0,0.0,MIQP_OPTIMAL,1,0.010485999984666705
14.187736899999436,796,-1.1731855012169148,-0.037496416907383257,0.5236,-1.0,0.0,0.0,MIQP_OPTIMAL,1,0.016689300013240427
14.287735800025985,799,-1.1329446743385172,-0.20743094797592734,0.5235999999999998,-0.9999999999999999,0.0,0.0,MIQP_OPTIMAL,1,0.015519199951086193
14.387574799999129,801,-1.0719114441101343,-0.3618804259424951,0.5236,-1.0,0.0,8.934031009719832e-14,MIQP_OPTIMAL,1,0.016202000027988106
14.487699299992528,804,-0.9945501105935228,-0.49897822952290843,0.5235999999999998,-1.0,0.0,9.409823170099526e-14,MIQP_OPTIMAL,1,0.015175500011537224
14.58769170002779,806,-0.6570232330520777,-0.2138156781786293,0.5236,-0.5258365128156302,0.0,2.2983371177790385e-13,MIQP_OPTIMAL,1,0.04900120000820607
14.721018599986564,810,-0.2540133841805699,0.4402558674352498,0.5236,0.29819718797535427,0.0,0.0,MIQP_OPTIMAL,1,0.06410729995695874
14.8876243000268,814,-0.11064783090628216,1.0647042100581994,0.5236,0.9999999999999999,0.0,3.7224415659285955e-06,MIQP_OPTIMAL,1,0.05646509997313842
15.021053200005554,817,-0.23179837482610727,1.038962452745077,0.5236,1.0,0.0,0.0,MIQP_OPTIMAL,1,0.03866520000156015
15.154156500007957,821,-0.3688485055787258,0.9972900239715671,0.5235999999999998,0.9999999999999999,0.0,0.0,MIQP_OPTIMAL,1,0.032744100026320666
15.254766800033394,824,-0.48217939011100813,0.9504090666027104,0.5236,1.0,0.0,9.23512814351011e-05,MIQP_OPTIMAL,1,0.01704170001903549
15.354318600031547,826,-0.6017472061317337,0.8858592313051179,0.5235999999993017,0.9999999999989729,0.0,0.0,MIQP_OPTIMAL,1,0.01228990004165098
15.45422429998871,829,-0.7223593279580296,0.8007502242215532,0.523599999999448,0.9999999999995636,0.0,0.0,MIQP_OPTIMAL,1,0.015011099982075393
15.55440850002924,831,-0.8390520499581451,0.6929889485053273,0.52359999999988,0.9999999999997924,0.0,0.0,MIQP_OPTIMAL,1,0.011152899998705834
15.654396100027952,834,-0.946219713249367,0.5614986241620681,0.5235999999982446,0.9999999999988114,0.0,0.0,MIQP_OPTIMAL,1,0.011586299980990589
15.754289600008633,836,-1.036803211960846,0.40732416997738263,0.5235999999892162,0.999999999998621,0.0,0.0,MIQP_OPTIMAL,1,0.011170000012498349
15.85417890001554,838,-1.1079653594192607,0.22867203672149497,0.5236,1.0,0.0,8.997025316253163e-14,MIQP_OPTIMAL,1,0.06502719997661188
16.02104419999523,840,-0.6560350279206617,0.9429100362569552,-0.5236,1.0,0.0,2.2190801404620797e-13,MIQP_OPTIMAL,1,0.023762300028465688
16.154372000019066,841,-0.7303945288689655,0.9140318535779758,-0.5236,1.0,0.0,0.0,MIQP_OPTIMAL,1,0.0600984999909997
16.287532399990596,843,-0.6921069651573177,0.7795317579385609,-0.2555821858168745,1.0,0.0,0.0,MIQP_OPTIMAL,1,0.022083799995016307
16.387648299976718,845,-0.8283446754859783,0.5675922402383267,0.0752552727115631,1.0,0.0,0.0,MIQP_OPTIMAL,1,0.051117599999997765
16.521104399987962,848,-0.8589235204531079,0.5489834749922506,0.15153118284717634,1.0,0.0,0.0,MIQP_OPTIMAL,1,0.024915399961173534
16.621002900006715,851,-0.7323758210567702,0.6811487088149577,-0.01325724460733947,1.0,0.0,0.0,MIQP_OPTIMAL,1,0.021697699965443462
16.720974199997727,854,-0.6249603120287764,0.810805109341854,-0.1468261885526144,0.9999999996844755,0.0,0.0,MIQP_OPTIMAL,1,0.013667099992744625
16.820950200024527,858,-0.5290638247160404,0.83160315855591,-0.1739541767317945,0.9457957956325818,0.0,0.0,MIQP_OPTIMAL,1,0.01227970002219081
16.921001599985175,861,-0.3297911665466797,0.6681825719645991,-0.14597037020289724,0.7030914912437383,0.0,0.0,MIQP_OPTIMAL,1,0.013953200017567724
17.02098010003101,866,-0.18980425643885535,0.5121278828515545,-0.11369834707790553,0.5070512635035095,0.0,0.0,MIQP_OPTIMAL,1,0.049338100012391806
17.15419239999028,873,-0.09070303606546548,0.33469873231856084,-0.0725314049614357,0.31904948871810984,0.0,0.0,MIQP_OPTIMAL,1,0.03670669998973608
17.28781509998953,881,-0.0867551735934003,0.18162846121659007,-0.017390436845355736,0.19839576064138686,0.0,0.0,MIQP_OPTIMAL,1,0.020957499975338578
17.387542899989057,887,-0.12808778330058002,0.07146762268089833,0.032580297866384465,0.13095738920249045,0.0,0.0,MIQP_OPTIMAL,1,0.016546300030313432
17.4879197999835,894,-0.19258364555885712,-0.03282326535108601,0.08505723288271162,0.08065389737248574,0.0,0.0,MIQP_OPTIMAL,1,0.016700999985914677
17.588529000000563,902,-0.2617887227789272,-0.1393736611817471,0.1369070390482318,0.0367895291661902,0.0,0.0,MIQP_OPTIMAL,1,0.01812869997229427
17.68753029999789,909,-0.32054463631929253,-0.24220110531708963,0.1826348802238419,0.0023340771884117206,0.0,0.0,MIQP_OPTIMAL,1,0.015235099999699742
17.787901200004853,916,-0.3544261861946153,-0.3330001868106902,0.21679672440828404,-0.02086272313830001,0.0,0.0,MIQP_OPTIMAL,1,0.018002500000875443
17.88764730002731,923,-0.35748516811450276,-0.4009153834142796,0.236221811375534,-0.030468399859518713,0.0,0.0,MIQP_OPTIMAL,1,0.015686500002630055
17.987617600010708,930,-0.3318252103691396,-0.4378896235529998,0.2398536953391716,-0.027889434235377097,0.0,0.0,MIQP_OPTIMAL,1,0.017384800012223423
18.08767470001476,936,-0.28679693750964236,-0.43982670166402527,0.22869271482255596,-0.015934679484305103,0.0,0.0,MIQP_OPTIMAL,1,0.030097900016698986
18.187683399999514,943,-0.2346429812545534,-0.4079132252745661,0.20513120966955567,0.002041472649545739,0.0,0.0,MIQP_OPTIMAL,1,0.030970899970270693
18.321013299981132,951,-0.16695046028409544,-0.3185351035401707,0.1570241731142243,0.028356965995764066,0.0,0.0,MIQP_OPTIMAL,1,0.01965069997822866
18.42096890002722,957,-0.12216460500721452,-0.234157874057567,0.11450537163774796,0.03934468468999873,0.0,0.0,MIQP_OPTIMAL,1,0.018145000038202852
18.521442500001285,963,-0.08939396694506989,-0.1553220115722218,0.0761322247316192,0.043625422619760185,0.0,5.594716517338732e-11,MIQP_OPTIMAL,1,0.01652750000357628
18.621343299979344,970,-0.067751294712388,-0.09235924157136798,0.04625843846193028,0.04414315140039703,0.0,0.0,MIQP_OPTIMAL,1,0.01657889998750761
18.72137390001444,976,-0.05460414107350119,-0.05721586221456127,0.029460852784088134,0.04135337408912475,0.0,0.0,MIQP_OPTIMAL,1,0.017575400008354336
18.8222721000202,983,-0.0480075770987025,-0.05730307836608957,0.02859235385329707,0.03591619777038156,0.0,0.0,MIQP_OPTIMAL,1,0.015756300010252744
18.921212500019465,990,-0.044322416702858754,-0.09233621140559471,0.04302683964438699,0.02658582059854847,0.0,0.0,MIQP_OPTIMAL,1,0.01591079996433109
19.02127389999805,997,-0.040313371505517226,-0.15358702742035796,0.06862398042344105,0.013420362368385109,0.0,0.0,MIQP_OPTIMAL,1,0.03675110003678128
19.154759099998046,1006,-0.03269225293498277,-0.2569725839370753,0.1118538360342989,-0.005206964739762704,0.0,0.0,MIQP_OPTIMAL,1,0.016752300027292222
19.25502670003334,1014,-0.023236462339328873,-0.3241542161941999,0.1396225576674667,-0.013982180735591938,0.0,0.0,MIQP_OPTIMAL,1,0.04751339997164905
19.387986699992325,1024,-0.008252616848329588,-0.3635106552556743,0.15595345878862885,-0.011190401666532157,0.0,0.0,MIQP_OPTIMAL,1,0.01769629999762401
19.488451300014276,1031,0.0032816416971737637,-0.33843913986807167,0.14531953526832292,-0.002443694575036925,0.0,0.0,MIQP_OPTIMAL,1,0.04462160001276061
19.62129310000455,1040,0.00892438392154282,-0.21585303249158527,0.09305001967080975,0.008634604886514434,0.0,0.0,MIQP_OPTIMAL,1,0.01753190002636984
19.721414700034074,1047,0.005245586287188806,-0.06449857273334347,0.027944683275029362,0.0032001920515922705,0.0,0.0,MIQP_OPTIMAL,1,0.0453233000007458
19.854720400006045,1056,0.0035001127574412747,0.19635002142995478,-0.08316531630600925,-0.03668954217366371,0.0,0.0,MIQP_OPTIMAL,1,0.015920400037430227
19.954925700032618,1064,0.016084299979334832,0.3979807604041148,-0.16682937722327668,-0.08186351432075978,0.0,0.0,MIQP_OPTIMAL,1,0.018280699965544045
20.05466379999416,1072,0.04847989999747515,0.5588567794958443,-0.232840486248877,-0.1171520624693613,0.0,0.0,MIQP_OPTIMAL,1,0.02714429999468848
20.187940999981947,1083,0.11917522207183451,0.7168481349640149,-0.29962563640559414,-0.1405876968003147,0.0,0.0,MIQP_OPTIMAL,1,0.015006600006017834
20.321268900006544,1095,0.22736533508907547,0.7888802794760195,-0.3374774532305347,-0.1495155330667939,0.0,0.0,MIQP_OPTIMAL,1,0.016246300016064197
20.42138040001737,1103,0.31021383214135184,0.7753369263529436,-0.34520178816751257,-0.13635834749597883,0.0,0.0,MIQP_OPTIMAL,1,0.01329739997163415
20.521398500015493,1112,0.37369291977095476,0.7267354709311514,-0.3417077504469998,-0.10524267774149146,0.0,0.0,MIQP_OPTIMAL,1,0.013544299989007413
20.621321799990255,1121,0.41598775555770934,0.660100827114238,-0.3304740413460331,-0.0671774775143299,0.0,0.0,MIQP_OPTIMAL,1,0.053418499999679625
20.754532799997833,1135,0.43911999178288,0.5468207737961812,-0.3018111989430682,-0.020834661648420016,0.0,0.0,MIQP_OPTIMAL,1,0.023118400014936924
20.854956700000912,1146,0.4314895794587036,0.45412933065978117,-0.2725451109767001,0.005095839571680805,0.0,0.0,MIQP_OPTIMAL,1,0.019106400024611503
20.954674899985548,1158,0.41115004999455373,0.3686682282519621,-0.24204807836205341,0.021156445588456252,0.0,0.0,MIQP_OPTIMAL,1,0.01924460002919659
21.054650000005495,1169,0.3823680682284604,0.2983581823875032,-0.21391211725422354,0.033413978655830595,0.0,0.0,MIQP_OPTIMAL,1,0.023162800003774464
21.155835499987006,1179,0.3537938943457718,0.24288894907200845,-0.18953402765970842,0.04123301764921816,0.0,0.0,MIQP_OPTIMAL,1,0.023801499977707863
21.255269500019494,1188,0.3294159423281746,0.20046680029124314,-0.17034531779167952,0.0458028799000722,0.0,0.0,MIQP_OPTIMAL,1,0.01745639997534454
21.355193900002632,1197,0.3104906686248651,0.16817257569568528,-0.1558198565808316,0.0485964456821833,0.0,0.0,MIQP_OPTIMAL,1,0.03673749999143183
21.488396300002933,1208,0.28777016993885646,0.12986736717152605,-0.1392324331986714,0.0471126262817345,0.0,0.0,MIQP_OPTIMAL,1,0.03210929996566847
21.588345199998002,1217,0.2722431960545977,0.10699302423756123,-0.12879671086385436,0.045829578240113786,0.0,0.0,MIQP_OPTIMAL,1,0.042570400051772594
21.72186510002939,1227,0.2534331971254962,0.08410178193233825,-0.11721801539160187,0.0458197831630867,0.0,0.0,MIQP_OPTIMAL,1,0.03753909998340532
21.855151800031308,1236,0.2365648021685346,0.06602094602662109,-0.10740254792620277,0.0459049225878538,0.0,0.0,MIQP_OPTIMAL,1,0.038738900038879365
21.98828930000309,1245,0.23041271931811325,0.04968897671556161,-0.10294060837442753,0.043705305489956776,0.0,0.0,MIQP_OPTIMAL,1,0.04318430001148954
22.122138499980792,1253,0.24429972879991413,0.030774676648837464,-0.10788928863008648,0.037628440716311266,0.0,0.0,MIQP_OPTIMAL,1,0.042259300011210144
22.2552462000167,1262,0.2809700003226622,0.004344692291399586,-0.12358310480439814,0.027093193039695804,0.0,0.0,MIQP_OPTIMAL,1,0.042456199997104704
22.388462400005665,1271,0.3339461993020014,-0.032893784131654336,-0.14753595454900748,0.01336983595222592,0.0,0.0,MIQP_OPTIMAL,1,0.04166209994582459
22.52193749998696,1281,0.3973940108026941,-0.08761246022763403,-0.17814494888343457,-0.005266910798182853,0.0,0.0,MIQP_OPTIMAL,1,0.013659400050528347
22.621832499979064,1290,0.4444279496012016,-0.1454577584428094,-0.20347777644727716,-0.024288448026541648,0.0,0.0,MIQP_OPTIMAL,1,0.014931000012438744
22.721861099998932,1298,0.4817211767024685,-0.2145846297867633,-0.22793435580526666,-0.043947658875388596,0.0,0.0,MIQP_OPTIMAL,1,0.01334490004228428
22.821803800005,1307,0.5027804450385638,-0.28295055502074185,-0.2482187794425108,-0.05539876046003303,0.0,0.0,MIQP_OPTIMAL,1,0.013640600023791194
22.921858999994583,1317,0.4979793479355852,-0.33550233554115994,-0.2582425674498228,-0.05215321311641838,0.0,0.0,MIQP_OPTIMAL,1,0.013274899974931031
23.021881700027734,1327,0.4617883056003264,-0.35973593213225624,-0.25281796708055143,-0.03517055972247618,0.0,0.0,MIQP_OPTIMAL,1,0.023059000028297305
23.121779299981426,1339,0.39816461451422597,-0.3492601667606196,-0.23033749401111484,-0.011044725886944606,0.0,0.0,MIQP_OPTIMAL,1,0.08415640000021085
23.28831440000795,1360,0.2522348591496153,-0.25410309684681387,-0.15724151375938497,0.024113128418478208,0.0,0.0,MIQP_OPTIMAL,1,0.023377600009553134
23.38859520002734,1371,0.176575697832563,-0.16350995533652113,-0.10461893177757718,0.04492008455633814,0.0,0.0,MIQP_OPTIMAL,1,0.013075700029730797
23.48860350000905,1381,0.12616680457288162,-0.08529187654838612,-0.06240364224577925,0.05838227258558008,0.0,0.0,MIQP_OPTIMAL,1,0.027417999983299524
23.62266200000886,1393,0.07315432524872782,-0.0021713261600455084,-0.017388851889282762,0.06181889506880759,0.0,0.0,MIQP_OPTIMAL,1,0.02171880000969395
23.72174950002227,1402,0.04472283671867137,0.0343118309122188,0.0034201815158876594,0.0558379955017997,0.0,0.0,MIQP_OPTIMAL,1,0.021680800011381507
23.821821000019554,1410,0.031965972608539915,0.045347451619334886,0.01053605201358149,0.05010981899427491,0.0,0.0,MIQP_OPTIMAL,1,0.021594899997580796
23.92181430000346,1418,0.030334461119562565,0.04018107584218401,0.008835455742872032,0.04619681667707276,0.0,0.0,MIQP_OPTIMAL,1,0.02145090000703931
24.02180980000412,1425,0.03613614136408597,0.02404413506617008,0.001298635497920897,0.04330416317967259,0.0,0.0,MIQP_OPTIMAL,1,0.020081099995877594
24.121902399987448,1432,0.046249175075879556,0.00048778268010019055,-0.0099400469452939,0.04034300653763916,0.0,0.0,MIQP_OPTIMAL,1,0.05938270001206547
24.288472999993246,1442,0.07234813205287915,-0.0540096679737013,-0.03631515929664435,0.03586975837954208,0.0,0.0,MIQP_OPTIMAL,1,0.06455589999677613
24.455082700005732,1453,-0.008510751716783971,-0.015081215824750811,-0.003933857377687836,-0.01480087537441662,0.0,0.0,MIQP_OPTIMAL,1,0.07405039999866858
24.621951100009028,1463,-0.26217254800876627,0.17878970026686736,0.12232313362187583,-0.14659496413795406,0.0,0.0,MIQP_OPTIMAL,1,0.05235509999329224
24.755054600012954,1471,-0.40572928398760316,0.22568909043198898,0.17030895575375596,-0.2454283291180793,0.0,0.0,MIQP_OPTIMAL,1,0.062472800025716424
24.9216837999993,1482,-0.5437208345121437,0.13317424213709173,0.17876162231779807,-0.37760854210617384,0.0,5.079667920796692e-05,MIQP_OPTIMAL,1,0.05865050002466887
25.08846400002949,1493,-0.5308830562395545,-0.21619472827828223,0.07730457701030566,-0.5454803146305696,0.0,0.0,MIQP_OPTIMAL,1,0.04921700002159923
25.222039200016297,1501,-0.36026450582778896,-0.7211507419948792,-0.11586661646824008,-0.7622405364784086,0.0,9.304722961739765e-05,MIQP_OPTIMAL,1,0.0315417000092566
25.3550376999774,1508,-0.41364066002751354,-0.9975300516145803,-0.18142215603977527,-0.9999999854507078,0.0,7.787533712839881e-05,MIQP_OPTIMAL,1,0.04861990001518279
25.488489600014873,1515,-0.8508457144819842,-0.5481111851044842,0.07171755716442688,-1.0,0.0,7.447745779849444e-05,MIQP_OPTIMAL,1,0.055095799965783954
25.655247399990913,1523,-1.5330133749483326,0.3646041066108469,0.5236,-1.0,0.01335708827365556,4.287828742408707e-06,MIQP_OPTIMAL,1,0.041866399988066405
25.78853550000349,1529,-1.528025859624406,0.20321374032979977,0.5235999999999893,-0.9999999999998331,0.01919080886905865,1.7661758466610795e-05,MIQP_OPTIMAL,1,0.04533410002477467
25.922108999977354,1534,-0.35094730012676684,1.4611512875557524,0.5236,0.9999999999999999,0.007767151995902388,1.908515272790986e-05,MIQP_OPTIMAL,1,0.027408900030422956
26.055210400023498,1537,0.6298109553851866,-1.3275330781791952,-0.5236,-0.9999999999999998,0.0,8.416647883467468e-14,MIQP_OPTIMAL,1,0.014367600029800087
26.155238899984397,1538,0.6851792442322564,-1.279771231211358,-0.5235999999954298,-0.9999999999863463,0.0,8.709613435004303e-14,MIQP_OPTIMAL,1,0.009260599967092276
26.255161400011275,1540,0.43161083787703475,-1.3601201514776609,-0.5236,-1.0,0.0,0.0,MIQP_OPTIMAL,1,0.010504100006073713
26.354998900031205,1542,0.17397564638450858,-1.387764474715813,-0.5236,-1.0,0.0,7.527802842501484e-14,MIQP_OPTIMAL,1,0.011247899965383112
26.45512639998924,1545,-0.07603357238653646,-1.3659975359329828,-0.5236,-1.0,0.0,1.1424273371032043e-13,MIQP_OPTIMAL,1,0.008473000023514032
26.55516250000801,1549,-0.3085207319986303,-1.3009473157226792,-0.5235999999999998,-1.0,0.0,0.0,MIQP_OPTIMAL,1,0.009182100009638816
26.655020700010937,1553,-0.5168894664807269,-1.1991407818041524,-0.5236,-1.0,0.0,0.0,MIQP_OPTIMAL,1,0.009722399991005659
26.755183500004932,1558,-0.69618583564504,-1.0685874319501982,-0.5236,-1.0,0.0,6.742323087461154e-14,MIQP_OPTIMAL,1,0.008417899953201413
26.855103600013535,1564,-0.8438327447505041,-0.9170891237911587,-0.5235999999999092,-0.999999999960183,0.0,0.0,MIQP_OPTIMAL,1,0.011374900001101196
26.95512860000599,1571,-0.18403800106705281,-0.7076735373194425,-0.5235999999999761,-0.223678094159786,0.0,0.0,MIQP_OPTIMAL,1,0.009049099986441433
27.05501260003075,1578,0.6070268213780943,-0.6968578423231367,-0.5235999999988642,0.654745113245054,0.0,0.0,MIQP_OPTIMAL,1,0.012423700012732297
27.155151900020428,1584,0.8580166196582113,-0.806239084864818,-0.5235999999915725,0.9999999997135596,0.0,0.0,MIQP_OPTIMAL,1,0.013688999984879047
27.255067299993243,1590,0.7492750095000811,-0.8988597290720955,-0.5235999999997673,0.999999999998774,0.0,0.0,MIQP_OPTIMAL,1,0.014031100028660148
27.35517960001016,1594,0.6190975800139702,-0.9938297620323913,-0.5235999999998786,0.9999999999996736,0.0,0.0,MIQP_OPTIMAL,1,0.013886199973057956
27.45514680002816,1598,0.4650443240104287,-1.0816956004070484,-0.5235999999998167,0.999999999999539,0.0,9.367840016578554e-14,MIQP_OPTIMAL,1,0.013123000040650368
27.555212699982803,1602,0.28660232359224214,-1.1537994682618173,-0.52359999998848,0.9999999999957345,0.0,0.0,MIQP_OPTIMAL,1,0.01790059998165816
27.655876700009685,1605,0.08550795737904061,-1.2014839618096451,-0.5236,0.9999999999999999,0.0,0.0,MIQP_OPTIMAL,1,0.023524199961684644
27.75529960001586,1607,0.2861362620916405,-0.9843537741655116,-0.18237432390389607,1.0,0.0,0.0,MIQP_OPTIMAL,1,0.024498899991158396
27.85518359998241,1609,0.7971597125049366,-0.7595031189230596,0.3428746233122333,1.0,0.0,0.0,MIQP_OPTIMAL,1,0.022869099979288876
27.955216200032737,1611,0.9028072951697077,-0.7183008892621863,0.39839951345497154,1.0,0.0,0.0,MIQP_OPTIMAL,1,0.025360899977385998
28.05513079999946,1613,0.7261486690139067,-0.7439321267608147,0.19373245711149814,1.0,0.0,0.0,MIQP_OPTIMAL,1,0.02067460003308952
28.155138200032525,1616,0.6566671447856899,-0.7612421395769978,0.06730053938855828,1.0,0.0,0.0,MIQP_OPTIMAL,1,0.02400049997959286
28.25602390000131,1619,0.7341530084506206,-0.6957341133749726,0.09296041669673574,1.0,0.0,0.0,MIQP_OPTIMAL,1,0.02218420000281185
28.388398399984,1623,0.8520761565493045,-0.4844926088861308,0.19608942084104702,0.9185125325202976,0.0,0.0,MIQP_OPTIMAL,1,0.019071599992457777
28.488842400023714,1627,0.7641749816860562,-0.1627983382236296,0.24288702067866766,0.6375825289191599,0.0,0.0,MIQP_OPTIMAL,1,0.017638900026213378
28.588502700033132,1631,0.6381277796300396,0.09696147015761734,0.25648336047854625,0.4029183240480163,0.0,0.0,MIQP_OPTIMAL,1,0.0436422000057064
28.722149199980777,1636,0.4720484431118016,0.3405275458937451,0.26738101408338844,0.18657195344466543,0.0,0.0,MIQP_OPTIMAL,1,0.05037589999847114
28.855281100026332,1642,0.32131335678682416,0.48065552185953964,0.26841097310119466,0.059904885934267516,0.0,0.0,MIQP_OPTIMAL,1,0.013356100011151284
28.95509130001301,1646,0.21878038054356883,0.5159758435297643,0.2542085396766237,0.011137143625321838,0.0,0.0,MIQP_OPTIMAL,1,0.013816999970003963
29.05507659999421,1651,-0.08984134149442365,0.6280082192896379,0.2565370171866411,-0.258924172652176,0.0,0.0,MIQP_OPTIMAL,1,0.030378400057088584
29.188566500029992,1657,-0.697756573579132,0.8381263054458786,0.3135923106305544,-0.8122783910407982,0.0,0.0,MIQP_OPTIMAL,1,0.03450510004768148
29.321890900027938,1664,-0.9932982588083633,0.9678742220550376,0.4021999965514108,-1.0,0.0,2.379604205750549e-05,MIQP_OPTIMAL,1,0.04289639997296035
29.4550581999938,1670,-1.195235144367469,1.1170489744504792,0.5236,-1.0,0.013326883588774319,1.7468965174209806e-16,MIQP_OPTIMAL,1,0.04196599998977035
29.58851109998068,1676,-1.394062482109349,0.8188725190165331,0.5236,-1.0,0.029138073728483427,1.5980230234747644e-16,MIQP_OPTIMAL,1,0.05407680000644177
29.75528729998041,1682,-1.5542312230321644,0.32239300625390754,0.5236,-1.0,0.026753762255763647,2.402465481202959e-06,MIQP_OPTIMAL,1,0.04868109995732084
29.888559199986048,1686,-1.5525747893156474,-0.08497672843861158,0.5236,-1.0,0.02460912539459814,3.380760780608027e-07,MIQP_OPTIMAL,1,0.03461510001216084
30.021927500027232,1689,-0.6519967653199226,1.3721312324147752,0.5236,0.9999999999999999,0.017027775730813932,4.9729229367226034e-06,MIQP_OPTIMAL,1,0.024607700004708022
30.12181610002881,1690,0.8417187167336047,-1.2292138876058043,-0.5236,-0.9999999999999999,0.0,0.0,MIQP_OPTIMAL,1,0.047720299975480884
30.25522789999377,1691,0.9617433317277145,-1.1169534536538088,-0.5236,-1.0,0.0,0.0,MIQP_OPTIMAL,1,0.017698199953883886
30.355084699986037,1692,0.7257938812241655,-1.2546767399913477,-0.5236,-1.0,0.0,0.0,MIQP_OPTIMAL,1,0.014569599996320903
30.45523449999746,1693,0.47323060174568043,-1.3397031779006143,-0.5236,-1.0,0.0,0.0,MIQP_OPTIMAL,1,0.03154679998988286
30.588575900008436,1696,0.1429506237355686,-1.3825546650377758,-0.5236,-1.0,0.0,0.0,MIQP_OPTIMAL,1,0.02533829997992143
30.72199669998372,1700,-0.1745989781519799,-1.3467068278779786,-0.523599999999783,-0.9999999999987179,0.0,7.973052108720193e-14,MIQP_OPTIMAL,1,0.009736299980431795
30.82178430003114,1703,-0.3987466566376673,-1.2644667052236762,-0.5235999999997556,-0.9999999999969211,0.0,0.0,MIQP_OPTIMAL,1,0.010320300003513694
30.921939600026235,1707,-0.5958894893727765,-1.1490720725505355,-0.5235999999894095,-0.9999999992931783,0.0,0.0,MIQP_OPTIMAL,1,0.010349899996072054
31.021939099999145,1711,-0.3956414883931687,-0.9083782777957966,-0.5235999999926388,-0.6198666761400695,0.0,0.0,MIQP_OPTIMAL,1,0.011308400018606335
31.121669800020754,1715,0.1972187663340934,-0.7067069118380048,-0.5235999999969729,0.10363164243422587,0.0,0.0,MIQP_OPTIMAL,1,0.009774399979505688
31.221835399977863,1719,0.7908745298385176,-0.6892605520033996,-0.5235999999843894,0.7924745213081978,0.0,1.4019961801652776e-13,MIQP_OPTIMAL,1,0.010127899993676692
31.32216929999413,1723,0.9002439696322616,-0.7930617724195748,-0.5236,1.0,0.0,1.0468804847200215e-13,MIQP_OPTIMAL,1,0.012149399961344898
31.421998900012113,1726,0.7837147577394468,-0.9029352572797009,-0.5236,1.0,0.0,0.0,MIQP_OPTIMAL,1,0.014167300018016249
31.52250770002138,1729,0.6433155465249689,-1.0117414462016223,-0.5235999999999998,1.0,0.0,1.3904977149334038e-13,MIQP_OPTIMAL,1,0.014289699960500002
31.621937300020363,1732,0.476116685176426,-1.1108692288578579,-0.5236,0.9999999999999998,0.0,0.0,MIQP_OPTIMAL,1,0.015267100010532886
31.721820699982345,1735,0.28263897797604287,-1.1897418929344519,-0.5236,1.0,0.0,0.0,MIQP_OPTIMAL,1,0.036741500021889806
31.855346800002735,1738,0.6616078735977456,-0.7547751948322133,0.06762113513711193,1.0,0.0,4.171419038545267e-13,MIQP_OPTIMAL,1,0.022072100022342056
31.988576100033242,1740,1.1442723811314717,-0.5337115313843123,0.5236,1.0,0.0,0.0,MIQP_OPTIMAL,1,0.04344639996998012
32.121859000006225,1742,1.156899113161676,-0.4572162808937977,0.4837522432764735,1.0,0.0,6.211930832585461e-13,MIQP_OPTIMAL,1,0.03705959999933839
32.25518869998632,1745,0.957732781871484,-0.45592667653165614,0.23386203998320293,1.0,0.0,0.0,MIQP_OPTIMAL,1,0.017354399955365807
32.35513689997606,1747,0.7977924267526328,-0.3595105903464666,0.12248034914669347,0.8533642885529387,0.0,0.0,MIQP_OPTIMAL,1,0.015335000003688037
32.455048999981955,1751,0.6642691381528544,-0.18458917901445232,0.1238999916757322,0.6574489496972865,0.0,0.0,MIQP_OPTIMAL,1,0.015474600018933415
32.55516709998483,1754,0.5569820902393782,-0.0108400529228487,0.15413664668205299,0.4854345025129703,0.0,0.0,MIQP_OPTIMAL,1,0.014695800025947392
32.655198300024495,1758,0.44969890111763366,0.11688326453101784,0.16765741028528827,0.34403504851671,0.0,1.5925039297083422e-11,MIQP_OPTIMAL,1,0.015586299996357411
32.75519739999436,1761,0.3443982875025293,0.17830557124447965,0.15672174005080108,0.24067701224928767,0.0,1.4203504876826432e-11,MIQP_OPTIMAL,1,0.008572299964725971
32.855067100026645,1766,0.24963094636296088,0.17352532950504412,0.1251532614898112,0.1720379676221137,0.0,0.0,MIQP_OPTIMAL,1,0.014235299953725189
32.955138400022406,1771,0.16826238122855972,0.11543873244730182,0.07826808181173886,0.12558725651906427,0.0,0.0,MIQP_OPTIMAL,1,0.01405739999609068
33.05554560001474,1776,0.10148660770944384,0.019777133956206765,0.021741246263535578,0.09276868979717338,0.0,1.446829547782087e-10,MIQP_OPTIMAL,1,0.014469099987763911
33.1552521000267,1781,0.04354183697926851,-0.09806929325773227,-0.03958088076099176,0.06579667465591038,0.0,0.0,MIQP_OPTIMAL,1,0.012960800027940422
33.2551792000304,1788,-0.017814450264840666,-0.2252871325641063,-0.10228019833072677,0.036642377689136765,0.0,3.25708638439812e-11,MIQP_OPTIMAL,1,0.013658200041390955
33.35521760000847,1794,-0.09808965130005326,-0.3513216748447888,-0.1643648198439126,-0.0026806045229633008,0.0,3.1811648493967795e-11,MIQP_OPTIMAL,1,0.013068199972622097
33.455107300018426,1801,-0.20588918254351027,-0.4601156143506031,-0.22194278787044333,-0.05470877977713873,0.0,0.0,MIQP_OPTIMAL,1,0.01351509999949485
33.55521860002773,1809,-0.32016177197326146,-0.5360931931751511,-0.26929662479367955,-0.09709342587762837,0.0,0.0,MIQP_OPTIMAL,1,0.014646199997514486
33.65511629998218,1816,-0.40803289965550005,-0.5617659215877919,-0.2967327001182422,-0.10728905664395572,0.0,5.460728038820054e-12,MIQP_OPTIMAL,1,0.013267899979837239
33.75526020000689,1825,-0.4415749464155571,-0.5262714696490066,-0.29479340579005847,-0.08155450736233033,0.0,1.1483976023799186e-11,MIQP_OPTIMAL,1,0.01228560000890866
33.85507360001793,1835,-0.4121370921829876,-0.4335184460141793,-0.2597161905040319,-0.040937061488601656,0.0,7.359594948951871e-12,MIQP_OPTIMAL,1,0.011890599969774485
33.95513640000718,1846,-0.32879746893350115,-0.29842907717065476,-0.19531606834173482,-0.015431500220657451,0.0,0.0,MIQP_OPTIMAL,1,0.011629499960690737
34.05501270003151,1859,-0.200049037749298,-0.15010865433100398,-0.1110787080412827,-0.009439305114798846,0.0,0.0,MIQP_OPTIMAL,1,0.011239100014790893
34.155098300019745,1872,-0.022791668407605062,-0.026932799672278112,-0.015260710971849877,0.008741525279251719,0.0,0.0,MIQP_OPTIMAL,1,0.01138179999543354
34.25517200003378,1885,0.15828426797476772,0.07515543545238468,0.07729557947984889,0.025291628844874292,0.0,0.0,MIQP_OPTIMAL,1,0.013284899992868304
34.35521260002861,1897,0.27275522929475515,0.16691221910496584,0.14181377994205424,0.014352842655428522,0.0,0.0,MIQP_OPTIMAL,1,0.011116900015622377
34.45518809999339,1907,0.31063527548450337,0.22054294817802714,0.16881461021498836,0.005385268929887527,0.0,1.7322637377111627e-11,MIQP_OPTIMAL,1,0.011913100024685264
34.55522079998627,1918,0.2832183528192087,0.21535656046239754,0.15740850012230198,0.013733895414369951,0.0,3.1140102891012314e-11,MIQP_OPTIMAL,1,0.012297200039029121
34.65513219998684,1930,0.1949158833863256,0.15500205441953896,0.11039365474810273,0.019779448388223944,0.0,0.0,MIQP_OPTIMAL,1,0.040707900014240295
34.788815399981104,1944,0.004804588235761958,0.006109421729727814,0.0034594958682546534,-0.0006147437243800608,0.0,0.0,MIQP_OPTIMAL,1,0.015575200028251857
34.88883090001764,1956,-0.15770491485515092,-0.13251574282150816,-0.0905554198150078,-0.03175374845171969,0.0,3.587204906692744e-11,MIQP_OPTIMAL,1,0.015626200009137392
34.988815299991984,1967,-0.31329686505537885,-0.2595383956734657,-0.17753474067379904,-0.06127565315631464,0.0,0.0,MIQP_OPTIMAL,1,0.021172500040847808
35.08895810000831,1978,-0.46613061711876536,-0.34454961049124366,-0.25000062863725664,-0.09301772062515634,0.0,0.0,MIQP_OPTIMAL,1,0.014920099987648427
35.18882859998848,1988,-0.6019651086228208,-0.37170317134894626,-0.302190778435409,-0.11845017354239923,0.0,0.0,MIQP_OPTIMAL,1,0.03752479999093339
35.32227810000768,2000,-0.7373857495610928,-0.33542440379558447,-0.3444329914883061,-0.13073979224863802,0.0,0.0,MIQP_OPTIMAL,1,0.018523700011428446
35.45536959997844,2011,-0.7915768666452909,-0.25108226941606016,-0.3552257787420817,-0.10349371986138386,0.0,0.0,MIQP_OPTIMAL,1,0.05445509997662157
35.588739000028,2021,-0.7353804343262956,-0.147200991363152,-0.32646298214654673,-0.045688970528588085,0.0,4.749504269424427e-12,MIQP_OPTIMAL,1,0.04663789999904111
35.7221238000202,2031,-0.57753776774183,-0.07163291242011005,-0.25843256124286745,0.022408883847793375,0.0,0.0,MIQP_OPTIMAL,1,0.04228759999386966
35.85586270003114,2041,-0.3537287096778423,-0.049695563843470694,-0.15814105130338,0.07409925760069477,0.0,1.6877123155890058e-11,MIQP_OPTIMAL,1,0.02343149995431304
35.95534220000263,2047,-0.18477067206075792,-0.059246858278469976,-0.07911221259660846,0.08681580559396504,0.0,0.0,MIQP_OPTIMAL,1,0.022420299996156245
36.05536190001294,2054,-0.04175954376150378,-0.07602675485116706,-0.01168143060670722,0.08288481554372545,0.0,0.0,MIQP_OPTIMAL,1,0.019168700033333153
36.155365800019354,2061,0.07556247347174962,-0.09061622778321192,0.04277410655626375,0.07154089451262594,0.0,7.573268107703453e-11,MIQP_OPTIMAL,1,0.02151729998877272
36.25579500000458,2068,0.16229031068459568,-0.09805738941318023,0.08169356764187127,0.059946840946855505,0.0,1.1050459304477207e-10,MIQP_OPTIMAL,1,0.022349600039888173
36.3553857000079,2075,0.21543930273601003,-0.09810740664550359,0.10438036216054757,0.053168038223427014,0.0,8.818171778414675e-11,MIQP_OPTIMAL,1,0.021100700017996132
36.45534220000263,2082,0.23595321466039948,-0.0916458923959595,0.11179934310114868,0.05113650232932265,0.0,0.0,MIQP_OPTIMAL,1,0.02087109995773062
36.55547590000788,2089,0.22792347496971446,-0.0815842488599685,0.10638461734510302,0.05215135254133199,0.0,4.645797770923493e-11,MIQP_OPTIMAL,1,0.018942900002002716
36.65550009999424,2097,0.19845913957275108,-0.07135690003090404,0.0915661964691691,0.05426710959745796,0.0,0.0,MIQP_OPTIMAL,1,0.02582270000129938
36.755549900000915,2104,0.15601818367384204,-0.06421945694235813,0.07125289879874872,0.05691085276554668,0.0,1.3171385760361791e-10,MIQP_OPTIMAL,1,0.022792000032495707
36.855492100003175,2112,0.020498679598392775,0.028315948692224452,0.009005461047143701,-0.02860396688892428,0.0,0.0,MIQP_OPTIMAL,1,0.04285800002980977
36.988823399995454,2122,-0.44919588489156953,0.445335079423135,-0.1954526797231672,-0.4516073301313445,0.0,1.2042994888147988e-11,MIQP_OPTIMAL,1,0.058263099985197186
37.122298799979035,2132,-0.7793816758006944,0.807667398641708,-0.3375147210263368,-0.8022004891821469,0.0,0.0,MIQP_OPTIMAL,1,0.0599309999961406
37.255495199991856,2142,-0.7758046473372432,1.034941886117114,-0.38359875648087816,-0.9330351100988065,0.0,4.8726824055705286e-05,MIQP_OPTIMAL,1,0.04612559999804944
37.38884239998879,2152,-0.9171484153854478,1.3194717411901307,-0.5236,-1.0,0.0,5.767264950200826e-07,MIQP_OPTIMAL,1,0.06755239999620244
37.55549420003081,2162,-0.5424850614982789,1.484990003007271,-0.5236,-1.0,0.03838077293172093,0.0,MIQP_OPTIMAL,1,0.11671409994596615
37.75553470000159,2173,0.04895892926126182,1.5446712906812097,-0.5235999999999998,-1.0,0.03814089791586106,0.0,MIQP_OPTIMAL,1,0.17852409998886287
38.02219350001542,2180,1.204268373472777,-0.8994381805363589,0.5236,-1.0,0.0,0.0,MIQP_OPTIMAL,1,0.05090370000107214
38.155521099979524,2180,1.088044222722794,-0.9901391234228833,0.523599999999682,-0.9999999999994937,0.0,9.378368798271502e-14,MIQP_OPTIMAL,1,0.011751300015021116
38.255489800008945,2182,1.2236083108857558,-0.7501526555647373,0.5235999999994186,-0.9999999999993321,0.0,0.0,MIQP_OPTIMAL,1,0.012937100022099912
38.3555354999844,2184,1.306973477802058,-0.4991759915114987,0.5235999999950285,-0.9999999999797335,0.0,0.0,MIQP_OPTIMAL,1,0.013037200027611107
38.45545020001009,2187,1.34044332766398,-0.24828311270479375,0.5235999999993677,-0.9999999999979181,0.0,0.0,MIQP_OPTIMAL,1,0.012302000017371029
38.55539140000474,2190,1.3286309515024346,-0.007156276548560436,0.5235999999998263,-0.9999999999997814,0.0,1.0191961433888345e-13,MIQP_OPTIMAL,1,0.011061299999710172
38.65545999997994,2194,1.2772668498878899,0.21700632505299078,0.523599999999878,-0.9999999999997332,0.0,0.0,MIQP_OPTIMAL,1,0.01330490002874285
38.7889157999889,2200,1.1716171241906737,0.47442210324250444,0.5235999999998143,-0.9999999999979301,0.0,1.2632193283793587e-13,MIQP_OPTIMAL,1,0.012515700014773756
38.888826599984895,2205,1.0520668807642095,0.6452929833461496,0.5235999999969213,-0.999999999804914,0.0,0.0,MIQP_OPTIMAL,1,0.011009199952241033
38.988672100007534,2209,0.8594768823854881,0.5867882183429907,0.5235999999999568,-0.7921582129440408,0.0,0.0,MIQP_OPTIMAL,1,0.011687200050801039
39.08877740002936,2214,0.6386616246478491,0.025148763173152178,0.5235999999844331,-0.11572565841022077,0.0,1.310816267261155e-13,MIQP_OPTIMAL,1,0.013085300044622272
39.1888001000043,2219,0.5761876222278628,-0.5485844812802557,0.5235999999995053,0.5356159852030414,0.0,6.927930379642208e-14,MIQP_OPTIMAL,1,0.010271699982695282
39.28907599998638,2223,0.6562043709205496,-0.939916614867124,0.5235999999997714,0.9999999999651457,0.0,7.456466052105291e-14,MIQP_OPTIMAL,1,0.01165129995206371
39.388830000010785,2228,0.7550188601425346,-0.8540198532478446,0.523599999992806,0.9999999999274312,0.0,8.174378538867151e-14,MIQP_OPTIMAL,1,0.011228200048208237
39.4887819000287,2233,0.8603922544287406,-0.7486500239630599,0.523599999981746,0.9999999999212295,0.0,0.0,MIQP_OPTIMAL,1,0.014183600025717169
39.5887940999819,2237,0.964111801330992,-0.6202777379633205,0.5236,1.0,0.0,0.0,MIQP_OPTIMAL,1,0.02484790002927184
39.68892009998672,2242,1.0578797480938424,-0.46737700519718717,0.5236,1.0,0.0,4.3773612484279534e-09,MIQP_OPTIMAL,1,0.04042979999212548
39.822405599989,2247,1.017670882095711,-0.373977480314804,0.37947574038207693,1.0,0.0,4.379534948638446e-06,MIQP_OPTIMAL,1,0.04112459998577833
39.95557510002982,2252,0.5056522351605217,-1.0729043177679676,-0.5235999999999998,1.0,0.0,2.1725737583139448e-06,MIQP_OPTIMAL,1,0.042690100031904876
40.08939049998298,2255,-0.14448974204152867,-0.6911936162835383,-0.5236,0.2072656614666327,0.0,3.862892597646797e-13,MIQP_OPTIMAL,1,0.07605119998333976
40.25550790003035,2262,-0.7764227756162857,-0.2374656930026517,-0.5236,-0.3919825565037481,0.0,8.239932144296412e-05,MIQP_OPTIMAL,1,0.04695819999324158
40.388876000011805,2268,-1.1702619791498454,0.42238214617665026,-0.5236,-1.0,0.016127981151758064,4.312695378418912e-07,MIQP_OPTIMAL,1,0.05401910003274679
40.522177600010764,2275,-1.0715898764999834,0.6507648757350533,-0.5236,-1.0,0.025344227167165556,2.0186712390711527e-06,MIQP_OPTIMAL,1,0.04313249996630475
40.656006500008516,2283,-0.9175515920333805,0.8533080987228432,-0.5236,-1.0,0.025120116195560982,6.619615955613205e-07,MIQP_OPTIMAL,1,0.029090900032315403
40.788796600012574,2290,-0.761860283796196,-0.9844100400570351,-0.5235999999996861,0.9999999999738947,0.022927497782704472,2.744387165949869e-05,MIQP_OPTIMAL,1,0.022167299990542233
40.88880070002051,2296,-0.8815486547714944,-0.8667578511071167,-0.5236,1.0,0.014823780373552253,1.8105510503322898e-07,MIQP_OPTIMAL,1,0.05760449997615069
41.022508200025186,2303,0.8120311582035644,0.08931261195446002,0.5236,-0.3728772141962947,0.0,3.742745512274429e-09,MIQP_OPTIMAL,1,0.0446403999812901
41.15551549999509,2310,1.0845234580166943,0.5145562150562175,0.5235999999990562,-0.9479281628524481,0.0,0.0,MIQP_OPTIMAL,1,0.014249600004404783
41.25543150003068,2315,0.8144903600818809,0.12253809365178948,0.5236,-0.37076048347456153,0.0,3.038374164885467e-13,MIQP_OPTIMAL,1,0.024205499968957156
41.38969240000006,2322,0.6925011166693646,-0.3048013280294528,0.5236,0.21747398088943887,0.0,0.0,MIQP_OPTIMAL,1,0.02196320000803098
41.489016700012144,2328,0.7268068909330808,-0.549038340720036,0.5236,0.5646947013295375,0.0,4.552618288649932e-13,MIQP_OPTIMAL,1,0.04122379998443648
41.622608400008176,2335,0.7164982688029151,-0.5597295944691736,0.43984099996095366,0.7007465731684313,0.0,1.085401673515632e-06,MIQP_OPTIMAL,1,0.03448019997449592
41.75574090000009,2342,-0.507062942326485,-0.6289477526664818,-0.5236,0.376181011866323,0.0,9.085706482539606e-06,MIQP_OPTIMAL,1,0.03616750001674518
41.88894099998288,2349,-1.1093342974791431,0.5462603474221215,-0.5236,-1.0,0.029650123365533076,1.898645591742184e-06,MIQP_OPTIMAL,1,0.04997170000569895
42.02242960000876,2356,-0.9836822345570715,0.7572103426994461,-0.5235999999999716,-1.0,0.03812854999158484,4.19803621412019e-08,MIQP_OPTIMAL,1,0.06882359995506704
42.190015300002415,2366,-0.7621844511462899,0.9745613845245953,-0.523599999999994,-0.9999999999996949,0.03614406979167262,1.4757281845142129e-05,MIQP_OPTIMAL,1,0.053088099986780435
42.32234630000312,2373,-0.8578610212916798,-0.8775770856354419,-0.5236,1.0,0.02788020063122154,7.779855860026828e-07,MIQP_OPTIMAL,1,0.04280180000932887
42.455697100027464,2380,-0.9875664656704055,-0.7098667495932824,-0.5236,1.0,0.006768284809346881,6.686839454860658e-07,MIQP_OPTIMAL,1,0.06920009996974841
42.62283090001438,2388,1.1258128280431463,0.4552000490653403,0.5235999999984008,-0.9999999999746714,0.0,0.0,MIQP_OPTIMAL,1,0.0152280000038445
42.72221620002529,2393,1.1519621024367166,0.3936414358581677,0.5235999999992325,-0.9999999999922357,0.0,0.0,MIQP_OPTIMAL,1,0.014018399990163743
42.82256459997734,2397,1.0752740911430672,0.5577025703348384,0.5235999999999684,-0.9999998547336446,0.0,0.0,MIQP_OPTIMAL,1,0.015322399965953082
42.92228110000724,2402,0.8334520797966531,0.32637687137034965,0.5235999999999116,-0.5963971951098357,0.0,0.0,MIQP_OPTIMAL,1,0.014550899970345199
43.0225524000125,2406,0.6605671272552553,0.008069204022194576,0.5235999999842071,-0.154485970273718,0.0,0.0,MIQP_OPTIMAL,1,0.011915700044482946
43.1225615000003,2411,0.5926884354694593,-0.3168786706429375,0.5235999999990107,0.2598504163005778,0.0,3.223840664326683e-13,MIQP_OPTIMAL,1,0.012989399954676628
43.22258930001408,2415,0.6246859515547356,-0.6215820285688091,0.523599999988326,0.6435071644500756,0.0,0.0,MIQP_OPTIMAL,1,0.011943499965127558
43.322597399994265,2419,0.7509134348039831,-0.877562251379276,0.5235999999998266,0.9904774239840056,0.0,1.9742442808219124e-13,MIQP_OPTIMAL,1,0.010759199969470501
43.42230249999557,2424,0.8678633970112775,-0.7762522125689928,0.5236,1.0,0.0,2.2896849283952867e-13,MIQP_OPTIMAL,1,0.016941900015808642
43.52239210001426,2428,0.9802076417486238,-0.6409730027137613,0.5236,1.0,0.0,4.1381950301786513e-13,MIQP_OPTIMAL,1,0.016897500026971102
43.622410300013144,2433,1.0811215684413176,-0.4792924447929957,0.5235999999900138,0.9999999999860631,0.0,0.0,MIQP_OPTIMAL,1,0.01063490001251921
43.722579499997664,2437,1.1623650441844164,-0.2911237437244269,0.5235999999999998,1.0,0.0,4.522046356683427e-13,MIQP_OPTIMAL,1,0.0187273999908939
43.82272160000866,2442,0.8513556334591121,-0.5361413653020842,0.09177785874648706,1.0,0.0,0.0,MIQP_OPTIMAL,1,0.014633500017225742
43.922368600033224,2446,0.6314799267498201,-0.8785784118528882,-0.31418274743967833,1.0,0.0,0.0,MIQP_OPTIMAL,1,0.012228899984620512
44.02230549999513,2450,0.3823685631522254,-0.9592607917018073,-0.4195485715300542,0.839944546199516,0.0,1.1810541396988705e-12,MIQP_OPTIMAL,1,0.014743799983989447
44.12255259999074,2455,0.09357722373743355,-0.848893596058172,-0.39693997657359764,0.6099159177693971,0.0,0.0,MIQP_OPTIMAL,1,0.013131099985912442
44.22271290002391,2460,-0.13650045421746068,-0.7194454243361136,-0.3728081076602707,0.4353442589257627,0.0,1.0160470360835766e-11,MIQP_OPTIMAL,1,0.013009699992835522
44.32266130001517,2466,-0.32531093187951526,-0.5988995456768331,-0.3688700266986881,0.3022432887377263,0.0,3.4689031314113264e-12,MIQP_OPTIMAL,1,0.010241900046821684
44.42260260001058,2473,-0.47102036461227004,-0.48488895732271187,-0.3721223144880587,0.20917404929424033,0.0,4.3166070730035015e-12,MIQP_OPTIMAL,1,0.010370100033469498
44.52251799998339,2479,-0.5668156895972993,-0.3779411190274835,-0.370903740300381,0.15642350602881858,0.0,9.969800792313142e-12,MIQP_OPTIMAL,1,0.009995200030971318
44.62272669997765,2486,-0.608250119694532,-0.27569222461348497,-0.3570470823268546,0.1322664242695983,0.0,0.0,MIQP_OPTIMAL,1,0.012753900024108589
44.72275469999295,2492,-0.6019308509099758,-0.19174583299515963,-0.33127471272139836,0.13235329600328238,0.0,0.0,MIQP_OPTIMAL,1,0.012699600018095225
44.822596699988935,2499,-0.5593244278905043,-0.1311104668713048,-0.2949489757141321,0.1454585212429057,0.0,0.0,MIQP_OPTIMAL,1,0.01451840001391247
44.955746299994644,2508,-0.4623414254811839,-0.09366290522660056,-0.2316270186634445,0.17403910359619168,0.0,0.0,MIQP_OPTIMAL,1,0.015951800043694675
45.05592870002147,2514,-0.37821688677028403,-0.08461416032123446,-0.17866917822862058,0.18429733953581232,0.0,0.0,MIQP_OPTIMAL,1,0.01353290001861751
45.155746300006285,2520,-0.3048125548188555,-0.08659018999209761,-0.13309771902083053,0.18637623842585602,0.0,6.595175502909068e-11,MIQP_OPTIMAL,1,0.00999940000474453
45.255857400014065,2526,-0.2431495782150956,-0.09278816979407586,-0.0955743786946573,0.18216725566275355,0.0,0.0,MIQP_OPTIMAL,1,0.010743899969384074
45.35563230002299,2532,-0.1942806831128234,-0.09884135972945507,-0.06673280324258925,0.1740827602623797,0.0,8.295684504795355e-11,MIQP_OPTIMAL,1,0.010407499969005585
45.45576360000996,2538,-0.15825702878076203,-0.1026545037466951,-0.046331231672511124,0.1646516496877321,0.0,7.43949993545475e-11,MIQP_OPTIMAL,1,0.009422599978279322
45.555710799992085,2544,-0.13343360510551083,-0.10227783327926722,-0.03330679639797716,0.15423272833210655,0.0,0.0,MIQP_OPTIMAL,1,0.011386599973775446
45.65607760002604,2550,-0.11862856727947173,-0.09840707940329457,-0.026424895174092394,0.14449768715583833,0.0,0.0,MIQP_OPTIMAL,1,0.008794600027613342
45.755912800028455,2556,-0.11187290261730776,-0.09068074068725122,-0.02443623944363019,0.1350109250303963,0.0,0.0,MIQP_OPTIMAL,1,0.00853700004518032
45.85576270002639,2562,-0.111666963056017,-0.07993589410451973,-0.02618675330414864,0.12618039667077685,0.0,0.0,MIQP_OPTIMAL,1,0.008557100023608655
45.955643700028304,2568,-0.11456944677016216,-0.0679264536709763,-0.02960025996794399,0.11798366962060727,0.0,0.0,MIQP_OPTIMAL,1,0.00974750000750646
46.055691400018986,2575,-0.11540716791739825,-0.057716616130308804,-0.0317066720027602,0.11042073018470183,0.0,0.0,MIQP_OPTIMAL,1,0.007116599997971207
46.15572029998293,2582,-0.11003400222022877,-0.052427894893958535,-0.030100991596887658,0.10380928549487736,0.0,0.0,MIQP_OPTIMAL,1,0.0074980000499635935
46.25569279998308,2590,-0.09931010459318675,-0.051518786234276186,-0.025374408768654898,0.09785757157577019,0.0,0.0,MIQP_OPTIMAL,1,0.00703459995565936
46.35560210002586,2598,-0.09316816710111528,-0.04730763871549269,-0.02345610748688651,0.09149727217420217,0.0,2.4216353532627286e-10,MIQP_OPTIMAL,1,0.007492700009606779
46.45575949997874,2606,-0.10466852770272456,-0.02698454758706325,-0.03262015601496157,0.0818144118498954,0.0,5.698149413667386e-10,MIQP_OPTIMAL,1,0.007339100004173815
46.55584769998677,2615,-0.13940375048576617,0.017621556805814523,-0.0568602303492768,0.06619210475669944,0.0,0.0,MIQP_OPTIMAL,1,0.007988099998328835
46.65563569997903,2625,-0.19171649438558214,0.08691234682421879,-0.09382735121295385,0.04305831406752898,0.0,0.0,MIQP_OPTIMAL,1,0.007194100006017834
46.75590689998353,2636,-0.24831840878092468,0.17473105026076816,-0.1369921355940649,0.013553594584975487,0.0,0.0,MIQP_OPTIMAL,1,0.00728349998826161
46.85571069997968,2649,-0.2982396539383542,0.271404342496626,-0.18042568359773564,-0.015920113270761815,0.0,0.0,MIQP_OPTIMAL,1,0.009553099982440472
46.956405200005975,2662,-0.33792852524719563,0.36992668321787125,-0.22180139816506939,-0.037212488451809383,0.0,9.909072468257951e-12,MIQP_OPTIMAL,1,0.00739609997253865
47.055691400018986,2674,-0.35363297632391794,0.46525043781855263,-0.2564856759679439,-0.0531561462769129,0.0,7.562258813212447e-12,MIQP_OPTIMAL,1,0.007508900016546249
47.155732100014575,2684,-0.3372730353802097,0.546202541517983,-0.2800060677982969,-0.0638056256879318,0.0,0.0,MIQP_OPTIMAL,1,0.009423799987416714
47.25587950000772,2693,-0.2989925449422885,0.5991881209074078,-0.2918215959543557,-0.060223842792011484,0.0,0.0,MIQP_OPTIMAL,1,0.006598100007977337
47.355891400016844,2701,-0.24886331309792287,0.6171981917398291,-0.2909721995934793,-0.04159911624549739,0.0,0.0,MIQP_OPTIMAL,1,0.007348600018303841
47.45569530001376,2710,-0.19040548871946572,0.5969081946677272,-0.27565108041727715,-0.01707752312569727,0.0,6.884146716605084e-12,MIQP_OPTIMAL,1,0.00782729999627918
47.5556202000007,2717,-0.1339255213066644,0.5405579838962657,-0.24680987919430392,0.008002279957746564,0.0,0.0,MIQP_OPTIMAL,1,0.007154999999329448
47.655745600000955,2723,-0.09446439032230337,0.4576813427510925,-0.20800288396298694,0.035068377598007794,0.0,0.0,MIQP_OPTIMAL,1,0.007513399992603809
47.755546600033995,2729,-0.07138084638399408,0.3603414329190407,-0.16306097860925678,0.056760222782339775,0.0,0.0,MIQP_OPTIMAL,1,0.0073639999609440565
47.85569840000244,2734,-0.062405863799731516,0.2607244876027298,-0.1166231425443382,0.07079045164002279,0.0,3.136866131246134e-11,MIQP_OPTIMAL,1,0.007204100023955107
47.95561429997906,2739,-0.06185884273884274,0.1686455865522099,-0.07345113805415376,0.07643652766803631,0.0,0.0,MIQP_OPTIMAL,1,0.007163000002037734
48.055621000006795,2744,-0.06451016402977058,0.09074623268105494,-0.03697556994752464,0.07545305430485717,0.0,0.0,MIQP_OPTIMAL,1,0.0070173999993130565
48.1562513000099,2749,-0.012727518705857999,0.023619597736166315,-0.009666458029856273,0.016110639503548532,0.0,0.0,MIQP_OPTIMAL,1,0.008143300015944988
48.25565649999771,2754,0.15516271313849186,-0.03845955571503817,0.005924312745056361,-0.15931352770938687,0.0,3.566870663356456e-11,MIQP_OPTIMAL,1,0.006489099992904812
48.35563960002037,2760,0.42145135936209743,-0.0961890206229869,0.012075194799625016,-0.43145054508340847,0.0,0.0,MIQP_OPTIMAL,1,0.006984899984672666
48.45568850002019,2766,0.7636909763121353,-0.1521017838817841,0.013128001333073082,-0.7781434872466834,0.0,0.0,MIQP_OPTIMAL,1,0.009854900010395795
48.555837300023995,2773,0.9838465780574355,-0.1811233270994203,0.012510735032442691,-1.0,0.0,0.0,MIQP_OPTIMAL,1,0.007460300053935498
